[0.000000] (-) TimerEvent: {}
[0.000223] (phi_aria) JobQueued: {'identifier': 'phi_aria', 'dependencies': OrderedDict()}
[0.000306] (tp1) JobQueued: {'identifier': 'tp1', 'dependencies': OrderedDict()}
[0.000326] (turtlesim) JobQueued: {'identifier': 'turtlesim', 'dependencies': OrderedDict()}
[0.000340] (phi_aria) JobStarted: {'identifier': 'phi_aria'}
[0.014841] (tp1) JobStarted: {'identifier': 'tp1'}
[0.020261] (turtlesim) JobStarted: {'identifier': 'turtlesim'}
[0.024344] (phi_aria) JobProgress: {'identifier': 'phi_aria', 'progress': 'cmake'}
[0.025684] (phi_aria) JobProgress: {'identifier': 'phi_aria', 'progress': 'build'}
[0.025729] (phi_aria) Command: {'cmd': ['/usr/bin/cmake', '--build', '/home/richard/ros2_ws/build/phi_aria', '--', '-j4', '-l4'], 'cwd': '/home/richard/ros2_ws/build/phi_aria', 'env': OrderedDict({'GJS_DEBUG_TOPICS': 'JS ERROR;JS LOG', 'LESSOPEN': '| /usr/bin/lesspipe %s', 'USER': 'richard', 'XDG_SESSION_TYPE': 'wayland', 'GIT_ASKPASS': '/usr/share/code/resources/app/extensions/git/dist/askpass.sh', 'CLUTTER_DISABLE_MIPMAPPED_TEXT': '1', 'SHLVL': '1', 'LD_LIBRARY_PATH': '/home/richard/ros2_ws/install/turtlesim/lib:/opt/ros/jazzy/opt/rviz_ogre_vendor/lib:/opt/ros/jazzy/lib/x86_64-linux-gnu:/opt/ros/jazzy/opt/gz_math_vendor/lib:/opt/ros/jazzy/opt/gz_utils_vendor/lib:/opt/ros/jazzy/opt/gz_cmake_vendor/lib:/opt/ros/jazzy/lib::/usr/local/Aria/lib:/usr/local/Aria/lib:/usr/local/Aria/lib:/usr/local/Aria/lib', 'HOME': '/home/richard', 'CHROME_DESKTOP': 'code.desktop', 'TERM_PROGRAM_VERSION': '1.101.1', 'DESKTOP_SESSION': 'ubuntu', 'GIO_LAUNCHED_DESKTOP_FILE': '/usr/share/applications/code.desktop', 'ROS_PYTHON_VERSION': '3', 'GNOME_SHELL_SESSION_MODE': 'ubuntu', 'GTK_MODULES': 'gail:atk-bridge', 'VSCODE_GIT_ASKPASS_MAIN': '/usr/share/code/resources/app/extensions/git/dist/askpass-main.js', 'VSCODE_GIT_ASKPASS_NODE': '/usr/share/code/code', 'MANAGERPID': '1894', 'SYSTEMD_EXEC_PID': '2143', 'IM_CONFIG_CHECK_ENV': '1', 'GSM_SKIP_SSH_AGENT_WORKAROUND': 'true', 'DBUS_SESSION_BUS_ADDRESS': 'unix:path=/run/user/1000/bus', 'COLORTERM': 'truecolor', 'GIO_LAUNCHED_DESKTOP_FILE_PID': '2973', 'DEBUGINFOD_URLS': 'https://debuginfod.ubuntu.com', 'IM_CONFIG_PHASE': '1', 'WAYLAND_DISPLAY': 'wayland-0', 'COLCON_PREFIX_PATH': '/home/richard/ros2_ws/install', 'ROS_DISTRO': 'jazzy', 'LOGNAME': 'richard', 'JOURNAL_STREAM': '9:14931', '_': '/usr/bin/colcon', 'ROS_VERSION': '2', 'MEMORY_PRESSURE_WATCH': '/sys/fs/cgroup/user.slice/user-1000.slice/user@1000.service/session.slice/org.gnome.Shell@wayland.service/memory.pressure', 'XDG_SESSION_CLASS': 'user', 'USERNAME': 'richard', 'TERM': 'xterm-256color', 'GNOME_DESKTOP_SESSION_ID': 'this-is-deprecated', 'PATH': '/opt/ros/jazzy/bin:/usr/local/sbin:/usr/local/bin:/usr/sbin:/usr/bin:/sbin:/bin:/usr/games:/usr/local/games:/snap/bin:/snap/bin', 'SESSION_MANAGER': 'local/richard-VirtualBox:@/tmp/.ICE-unix/2098,unix/richard-VirtualBox:/tmp/.ICE-unix/2098', 'INVOCATION_ID': '3ab2961568714eaf8b22dbf233e26225', 'XDG_MENU_PREFIX': 'gnome-', 'GNOME_SETUP_DISPLAY': ':1', 'XDG_RUNTIME_DIR': '/run/user/1000', 'GDK_BACKEND': 'x11', 'DISPLAY': ':0', 'LANG': 'pt_BR.UTF-8', 'XDG_CURRENT_DESKTOP': 'Unity', 'XMODIFIERS': '@im=ibus', 'XDG_SESSION_DESKTOP': 'ubuntu', 'XAUTHORITY': '/run/user/1000/.mutter-Xwaylandauth.I9AG92', 'LS_COLORS': 'rs=0:di=01;34:ln=01;36:mh=00:pi=40;33:so=01;35:do=01;35:bd=40;33;01:cd=40;33;01:or=40;31;01:mi=00:su=37;41:sg=30;43:ca=00:tw=30;42:ow=34;42:st=37;44:ex=01;32:*.tar=01;31:*.tgz=01;31:*.arc=01;31:*.arj=01;31:*.taz=01;31:*.lha=01;31:*.lz4=01;31:*.lzh=01;31:*.lzma=01;31:*.tlz=01;31:*.txz=01;31:*.tzo=01;31:*.t7z=01;31:*.zip=01;31:*.z=01;31:*.dz=01;31:*.gz=01;31:*.lrz=01;31:*.lz=01;31:*.lzo=01;31:*.xz=01;31:*.zst=01;31:*.tzst=01;31:*.bz2=01;31:*.bz=01;31:*.tbz=01;31:*.tbz2=01;31:*.tz=01;31:*.deb=01;31:*.rpm=01;31:*.jar=01;31:*.war=01;31:*.ear=01;31:*.sar=01;31:*.rar=01;31:*.alz=01;31:*.ace=01;31:*.zoo=01;31:*.cpio=01;31:*.7z=01;31:*.rz=01;31:*.cab=01;31:*.wim=01;31:*.swm=01;31:*.dwm=01;31:*.esd=01;31:*.avif=01;35:*.jpg=01;35:*.jpeg=01;35:*.mjpg=01;35:*.mjpeg=01;35:*.gif=01;35:*.bmp=01;35:*.pbm=01;35:*.pgm=01;35:*.ppm=01;35:*.tga=01;35:*.xbm=01;35:*.xpm=01;35:*.tif=01;35:*.tiff=01;35:*.png=01;35:*.svg=01;35:*.svgz=01;35:*.mng=01;35:*.pcx=01;35:*.mov=01;35:*.mpg=01;35:*.mpeg=01;35:*.m2v=01;35:*.mkv=01;35:*.webm=01;35:*.webp=01;35:*.ogm=01;35:*.mp4=01;35:*.m4v=01;35:*.mp4v=01;35:*.vob=01;35:*.qt=01;35:*.nuv=01;35:*.wmv=01;35:*.asf=01;35:*.rm=01;35:*.rmvb=01;35:*.flc=01;35:*.avi=01;35:*.fli=01;35:*.flv=01;35:*.gl=01;35:*.dl=01;35:*.xcf=01;35:*.xwd=01;35:*.yuv=01;35:*.cgm=01;35:*.emf=01;35:*.ogv=01;35:*.ogx=01;35:*.aac=00;36:*.au=00;36:*.flac=00;36:*.m4a=00;36:*.mid=00;36:*.midi=00;36:*.mka=00;36:*.mp3=00;36:*.mpc=00;36:*.ogg=00;36:*.ra=00;36:*.wav=00;36:*.oga=00;36:*.opus=00;36:*.spx=00;36:*.xspf=00;36:*~=00;90:*#=00;90:*.bak=00;90:*.crdownload=00;90:*.dpkg-dist=00;90:*.dpkg-new=00;90:*.dpkg-old=00;90:*.dpkg-tmp=00;90:*.old=00;90:*.orig=00;90:*.part=00;90:*.rej=00;90:*.rpmnew=00;90:*.rpmorig=00;90:*.rpmsave=00;90:*.swp=00;90:*.tmp=00;90:*.ucf-dist=00;90:*.ucf-new=00;90:*.ucf-old=00;90:', 'VSCODE_GIT_IPC_HANDLE': '/run/user/1000/vscode-git-a183934ae2.sock', 'TERM_PROGRAM': 'vscode', 'SSH_AUTH_SOCK': '/run/user/1000/keyring/ssh', 'AMENT_PREFIX_PATH': '/home/richard/ros2_ws/install/turtlesim:/home/richard/ros2_ws/install/tp1:/home/richard/ros2_ws/install/phi_aria:/opt/ros/jazzy', 'ORIGINAL_XDG_CURRENT_DESKTOP': 'ubuntu:GNOME', 'SHELL': '/bin/bash', 'QT_ACCESSIBILITY': '1', 'GDMSESSION': 'ubuntu', 'LESSCLOSE': '/usr/bin/lesspipe %s %s', 'GJS_DEBUG_OUTPUT': 'stderr', 'ROS_AUTOMATIC_DISCOVERY_RANGE': 'SUBNET', 'VSCODE_GIT_ASKPASS_EXTRA_ARGS': '', 'QT_IM_MODULE': 'ibus', 'PWD': '/home/richard/ros2_ws/build/phi_aria', 'XDG_CONFIG_DIRS': '/etc/xdg/xdg-ubuntu:/etc/xdg', 'XDG_DATA_DIRS': '/usr/share/ubuntu:/usr/share/gnome:/usr/local/share/:/usr/share/:/var/lib/snapd/desktop', 'PYTHONPATH': '/home/richard/ros2_ws/install/turtlesim/lib/python3.12/site-packages:/opt/ros/jazzy/lib/python3.12/site-packages', 'COLCON': '1', 'MEMORY_PRESSURE_WRITE': 'c29tZSAyMDAwMDAgMjAwMDAwMAA=', 'CMAKE_PREFIX_PATH': '/home/richard/ros2_ws/install/turtlesim:/home/richard/ros2_ws/install/tp1:/home/richard/ros2_ws/install/phi_aria:/opt/ros/jazzy/opt/gz_math_vendor:/opt/ros/jazzy/opt/gz_utils_vendor:/opt/ros/jazzy/opt/gz_cmake_vendor:/opt/ros/jazzy'}), 'shell': False}
[0.030627] (tp1) JobProgress: {'identifier': 'tp1', 'progress': 'cmake'}
[0.034986] (tp1) JobProgress: {'identifier': 'tp1', 'progress': 'build'}
[0.036898] (tp1) Command: {'cmd': ['/usr/bin/cmake', '--build', '/home/richard/ros2_ws/build/tp1', '--', '-j4', '-l4'], 'cwd': '/home/richard/ros2_ws/build/tp1', 'env': OrderedDict({'GJS_DEBUG_TOPICS': 'JS ERROR;JS LOG', 'LESSOPEN': '| /usr/bin/lesspipe %s', 'USER': 'richard', 'XDG_SESSION_TYPE': 'wayland', 'GIT_ASKPASS': '/usr/share/code/resources/app/extensions/git/dist/askpass.sh', 'CLUTTER_DISABLE_MIPMAPPED_TEXT': '1', 'SHLVL': '1', 'LD_LIBRARY_PATH': '/home/richard/ros2_ws/install/turtlesim/lib:/opt/ros/jazzy/opt/rviz_ogre_vendor/lib:/opt/ros/jazzy/lib/x86_64-linux-gnu:/opt/ros/jazzy/opt/gz_math_vendor/lib:/opt/ros/jazzy/opt/gz_utils_vendor/lib:/opt/ros/jazzy/opt/gz_cmake_vendor/lib:/opt/ros/jazzy/lib::/usr/local/Aria/lib:/usr/local/Aria/lib:/usr/local/Aria/lib:/usr/local/Aria/lib', 'HOME': '/home/richard', 'CHROME_DESKTOP': 'code.desktop', 'TERM_PROGRAM_VERSION': '1.101.1', 'DESKTOP_SESSION': 'ubuntu', 'GIO_LAUNCHED_DESKTOP_FILE': '/usr/share/applications/code.desktop', 'ROS_PYTHON_VERSION': '3', 'GNOME_SHELL_SESSION_MODE': 'ubuntu', 'GTK_MODULES': 'gail:atk-bridge', 'VSCODE_GIT_ASKPASS_MAIN': '/usr/share/code/resources/app/extensions/git/dist/askpass-main.js', 'VSCODE_GIT_ASKPASS_NODE': '/usr/share/code/code', 'MANAGERPID': '1894', 'SYSTEMD_EXEC_PID': '2143', 'IM_CONFIG_CHECK_ENV': '1', 'GSM_SKIP_SSH_AGENT_WORKAROUND': 'true', 'DBUS_SESSION_BUS_ADDRESS': 'unix:path=/run/user/1000/bus', 'COLORTERM': 'truecolor', 'GIO_LAUNCHED_DESKTOP_FILE_PID': '2973', 'DEBUGINFOD_URLS': 'https://debuginfod.ubuntu.com', 'IM_CONFIG_PHASE': '1', 'WAYLAND_DISPLAY': 'wayland-0', 'COLCON_PREFIX_PATH': '/home/richard/ros2_ws/install', 'ROS_DISTRO': 'jazzy', 'LOGNAME': 'richard', 'JOURNAL_STREAM': '9:14931', '_': '/usr/bin/colcon', 'ROS_VERSION': '2', 'MEMORY_PRESSURE_WATCH': '/sys/fs/cgroup/user.slice/user-1000.slice/user@1000.service/session.slice/org.gnome.Shell@wayland.service/memory.pressure', 'XDG_SESSION_CLASS': 'user', 'USERNAME': 'richard', 'TERM': 'xterm-256color', 'GNOME_DESKTOP_SESSION_ID': 'this-is-deprecated', 'PATH': '/opt/ros/jazzy/bin:/usr/local/sbin:/usr/local/bin:/usr/sbin:/usr/bin:/sbin:/bin:/usr/games:/usr/local/games:/snap/bin:/snap/bin', 'SESSION_MANAGER': 'local/richard-VirtualBox:@/tmp/.ICE-unix/2098,unix/richard-VirtualBox:/tmp/.ICE-unix/2098', 'INVOCATION_ID': '3ab2961568714eaf8b22dbf233e26225', 'XDG_MENU_PREFIX': 'gnome-', 'GNOME_SETUP_DISPLAY': ':1', 'XDG_RUNTIME_DIR': '/run/user/1000', 'GDK_BACKEND': 'x11', 'DISPLAY': ':0', 'LANG': 'pt_BR.UTF-8', 'XDG_CURRENT_DESKTOP': 'Unity', 'XMODIFIERS': '@im=ibus', 'XDG_SESSION_DESKTOP': 'ubuntu', 'XAUTHORITY': '/run/user/1000/.mutter-Xwaylandauth.I9AG92', 'LS_COLORS': 'rs=0:di=01;34:ln=01;36:mh=00:pi=40;33:so=01;35:do=01;35:bd=40;33;01:cd=40;33;01:or=40;31;01:mi=00:su=37;41:sg=30;43:ca=00:tw=30;42:ow=34;42:st=37;44:ex=01;32:*.tar=01;31:*.tgz=01;31:*.arc=01;31:*.arj=01;31:*.taz=01;31:*.lha=01;31:*.lz4=01;31:*.lzh=01;31:*.lzma=01;31:*.tlz=01;31:*.txz=01;31:*.tzo=01;31:*.t7z=01;31:*.zip=01;31:*.z=01;31:*.dz=01;31:*.gz=01;31:*.lrz=01;31:*.lz=01;31:*.lzo=01;31:*.xz=01;31:*.zst=01;31:*.tzst=01;31:*.bz2=01;31:*.bz=01;31:*.tbz=01;31:*.tbz2=01;31:*.tz=01;31:*.deb=01;31:*.rpm=01;31:*.jar=01;31:*.war=01;31:*.ear=01;31:*.sar=01;31:*.rar=01;31:*.alz=01;31:*.ace=01;31:*.zoo=01;31:*.cpio=01;31:*.7z=01;31:*.rz=01;31:*.cab=01;31:*.wim=01;31:*.swm=01;31:*.dwm=01;31:*.esd=01;31:*.avif=01;35:*.jpg=01;35:*.jpeg=01;35:*.mjpg=01;35:*.mjpeg=01;35:*.gif=01;35:*.bmp=01;35:*.pbm=01;35:*.pgm=01;35:*.ppm=01;35:*.tga=01;35:*.xbm=01;35:*.xpm=01;35:*.tif=01;35:*.tiff=01;35:*.png=01;35:*.svg=01;35:*.svgz=01;35:*.mng=01;35:*.pcx=01;35:*.mov=01;35:*.mpg=01;35:*.mpeg=01;35:*.m2v=01;35:*.mkv=01;35:*.webm=01;35:*.webp=01;35:*.ogm=01;35:*.mp4=01;35:*.m4v=01;35:*.mp4v=01;35:*.vob=01;35:*.qt=01;35:*.nuv=01;35:*.wmv=01;35:*.asf=01;35:*.rm=01;35:*.rmvb=01;35:*.flc=01;35:*.avi=01;35:*.fli=01;35:*.flv=01;35:*.gl=01;35:*.dl=01;35:*.xcf=01;35:*.xwd=01;35:*.yuv=01;35:*.cgm=01;35:*.emf=01;35:*.ogv=01;35:*.ogx=01;35:*.aac=00;36:*.au=00;36:*.flac=00;36:*.m4a=00;36:*.mid=00;36:*.midi=00;36:*.mka=00;36:*.mp3=00;36:*.mpc=00;36:*.ogg=00;36:*.ra=00;36:*.wav=00;36:*.oga=00;36:*.opus=00;36:*.spx=00;36:*.xspf=00;36:*~=00;90:*#=00;90:*.bak=00;90:*.crdownload=00;90:*.dpkg-dist=00;90:*.dpkg-new=00;90:*.dpkg-old=00;90:*.dpkg-tmp=00;90:*.old=00;90:*.orig=00;90:*.part=00;90:*.rej=00;90:*.rpmnew=00;90:*.rpmorig=00;90:*.rpmsave=00;90:*.swp=00;90:*.tmp=00;90:*.ucf-dist=00;90:*.ucf-new=00;90:*.ucf-old=00;90:', 'VSCODE_GIT_IPC_HANDLE': '/run/user/1000/vscode-git-a183934ae2.sock', 'TERM_PROGRAM': 'vscode', 'SSH_AUTH_SOCK': '/run/user/1000/keyring/ssh', 'AMENT_PREFIX_PATH': '/home/richard/ros2_ws/install/turtlesim:/home/richard/ros2_ws/install/tp1:/home/richard/ros2_ws/install/phi_aria:/opt/ros/jazzy', 'ORIGINAL_XDG_CURRENT_DESKTOP': 'ubuntu:GNOME', 'SHELL': '/bin/bash', 'QT_ACCESSIBILITY': '1', 'GDMSESSION': 'ubuntu', 'LESSCLOSE': '/usr/bin/lesspipe %s %s', 'GJS_DEBUG_OUTPUT': 'stderr', 'ROS_AUTOMATIC_DISCOVERY_RANGE': 'SUBNET', 'VSCODE_GIT_ASKPASS_EXTRA_ARGS': '', 'QT_IM_MODULE': 'ibus', 'PWD': '/home/richard/ros2_ws/build/tp1', 'XDG_CONFIG_DIRS': '/etc/xdg/xdg-ubuntu:/etc/xdg', 'XDG_DATA_DIRS': '/usr/share/ubuntu:/usr/share/gnome:/usr/local/share/:/usr/share/:/var/lib/snapd/desktop', 'PYTHONPATH': '/home/richard/ros2_ws/install/turtlesim/lib/python3.12/site-packages:/opt/ros/jazzy/lib/python3.12/site-packages', 'COLCON': '1', 'MEMORY_PRESSURE_WRITE': 'c29tZSAyMDAwMDAgMjAwMDAwMAA=', 'CMAKE_PREFIX_PATH': '/home/richard/ros2_ws/install/turtlesim:/home/richard/ros2_ws/install/tp1:/home/richard/ros2_ws/install/phi_aria:/opt/ros/jazzy/opt/gz_math_vendor:/opt/ros/jazzy/opt/gz_utils_vendor:/opt/ros/jazzy/opt/gz_cmake_vendor:/opt/ros/jazzy'}), 'shell': False}
[0.046493] (turtlesim) JobProgress: {'identifier': 'turtlesim', 'progress': 'cmake'}
[0.046595] (turtlesim) JobProgress: {'identifier': 'turtlesim', 'progress': 'build'}
[0.046619] (turtlesim) Command: {'cmd': ['/usr/bin/cmake', '--build', '/home/richard/ros2_ws/build/turtlesim', '--', '-j4', '-l4'], 'cwd': '/home/richard/ros2_ws/build/turtlesim', 'env': OrderedDict({'GJS_DEBUG_TOPICS': 'JS ERROR;JS LOG', 'LESSOPEN': '| /usr/bin/lesspipe %s', 'USER': 'richard', 'XDG_SESSION_TYPE': 'wayland', 'GIT_ASKPASS': '/usr/share/code/resources/app/extensions/git/dist/askpass.sh', 'CLUTTER_DISABLE_MIPMAPPED_TEXT': '1', 'SHLVL': '1', 'LD_LIBRARY_PATH': '/home/richard/ros2_ws/install/turtlesim/lib:/opt/ros/jazzy/opt/rviz_ogre_vendor/lib:/opt/ros/jazzy/lib/x86_64-linux-gnu:/opt/ros/jazzy/opt/gz_math_vendor/lib:/opt/ros/jazzy/opt/gz_utils_vendor/lib:/opt/ros/jazzy/opt/gz_cmake_vendor/lib:/opt/ros/jazzy/lib::/usr/local/Aria/lib:/usr/local/Aria/lib:/usr/local/Aria/lib:/usr/local/Aria/lib', 'HOME': '/home/richard', 'CHROME_DESKTOP': 'code.desktop', 'TERM_PROGRAM_VERSION': '1.101.1', 'DESKTOP_SESSION': 'ubuntu', 'GIO_LAUNCHED_DESKTOP_FILE': '/usr/share/applications/code.desktop', 'ROS_PYTHON_VERSION': '3', 'GNOME_SHELL_SESSION_MODE': 'ubuntu', 'GTK_MODULES': 'gail:atk-bridge', 'VSCODE_GIT_ASKPASS_MAIN': '/usr/share/code/resources/app/extensions/git/dist/askpass-main.js', 'VSCODE_GIT_ASKPASS_NODE': '/usr/share/code/code', 'MANAGERPID': '1894', 'SYSTEMD_EXEC_PID': '2143', 'IM_CONFIG_CHECK_ENV': '1', 'GSM_SKIP_SSH_AGENT_WORKAROUND': 'true', 'DBUS_SESSION_BUS_ADDRESS': 'unix:path=/run/user/1000/bus', 'COLORTERM': 'truecolor', 'GIO_LAUNCHED_DESKTOP_FILE_PID': '2973', 'DEBUGINFOD_URLS': 'https://debuginfod.ubuntu.com', 'IM_CONFIG_PHASE': '1', 'WAYLAND_DISPLAY': 'wayland-0', 'COLCON_PREFIX_PATH': '/home/richard/ros2_ws/install', 'ROS_DISTRO': 'jazzy', 'LOGNAME': 'richard', 'JOURNAL_STREAM': '9:14931', '_': '/usr/bin/colcon', 'ROS_VERSION': '2', 'MEMORY_PRESSURE_WATCH': '/sys/fs/cgroup/user.slice/user-1000.slice/user@1000.service/session.slice/org.gnome.Shell@wayland.service/memory.pressure', 'XDG_SESSION_CLASS': 'user', 'USERNAME': 'richard', 'TERM': 'xterm-256color', 'GNOME_DESKTOP_SESSION_ID': 'this-is-deprecated', 'PATH': '/opt/ros/jazzy/bin:/usr/local/sbin:/usr/local/bin:/usr/sbin:/usr/bin:/sbin:/bin:/usr/games:/usr/local/games:/snap/bin:/snap/bin', 'SESSION_MANAGER': 'local/richard-VirtualBox:@/tmp/.ICE-unix/2098,unix/richard-VirtualBox:/tmp/.ICE-unix/2098', 'INVOCATION_ID': '3ab2961568714eaf8b22dbf233e26225', 'XDG_MENU_PREFIX': 'gnome-', 'GNOME_SETUP_DISPLAY': ':1', 'XDG_RUNTIME_DIR': '/run/user/1000', 'GDK_BACKEND': 'x11', 'DISPLAY': ':0', 'LANG': 'pt_BR.UTF-8', 'XDG_CURRENT_DESKTOP': 'Unity', 'XMODIFIERS': '@im=ibus', 'XDG_SESSION_DESKTOP': 'ubuntu', 'XAUTHORITY': '/run/user/1000/.mutter-Xwaylandauth.I9AG92', 'LS_COLORS': 'rs=0:di=01;34:ln=01;36:mh=00:pi=40;33:so=01;35:do=01;35:bd=40;33;01:cd=40;33;01:or=40;31;01:mi=00:su=37;41:sg=30;43:ca=00:tw=30;42:ow=34;42:st=37;44:ex=01;32:*.tar=01;31:*.tgz=01;31:*.arc=01;31:*.arj=01;31:*.taz=01;31:*.lha=01;31:*.lz4=01;31:*.lzh=01;31:*.lzma=01;31:*.tlz=01;31:*.txz=01;31:*.tzo=01;31:*.t7z=01;31:*.zip=01;31:*.z=01;31:*.dz=01;31:*.gz=01;31:*.lrz=01;31:*.lz=01;31:*.lzo=01;31:*.xz=01;31:*.zst=01;31:*.tzst=01;31:*.bz2=01;31:*.bz=01;31:*.tbz=01;31:*.tbz2=01;31:*.tz=01;31:*.deb=01;31:*.rpm=01;31:*.jar=01;31:*.war=01;31:*.ear=01;31:*.sar=01;31:*.rar=01;31:*.alz=01;31:*.ace=01;31:*.zoo=01;31:*.cpio=01;31:*.7z=01;31:*.rz=01;31:*.cab=01;31:*.wim=01;31:*.swm=01;31:*.dwm=01;31:*.esd=01;31:*.avif=01;35:*.jpg=01;35:*.jpeg=01;35:*.mjpg=01;35:*.mjpeg=01;35:*.gif=01;35:*.bmp=01;35:*.pbm=01;35:*.pgm=01;35:*.ppm=01;35:*.tga=01;35:*.xbm=01;35:*.xpm=01;35:*.tif=01;35:*.tiff=01;35:*.png=01;35:*.svg=01;35:*.svgz=01;35:*.mng=01;35:*.pcx=01;35:*.mov=01;35:*.mpg=01;35:*.mpeg=01;35:*.m2v=01;35:*.mkv=01;35:*.webm=01;35:*.webp=01;35:*.ogm=01;35:*.mp4=01;35:*.m4v=01;35:*.mp4v=01;35:*.vob=01;35:*.qt=01;35:*.nuv=01;35:*.wmv=01;35:*.asf=01;35:*.rm=01;35:*.rmvb=01;35:*.flc=01;35:*.avi=01;35:*.fli=01;35:*.flv=01;35:*.gl=01;35:*.dl=01;35:*.xcf=01;35:*.xwd=01;35:*.yuv=01;35:*.cgm=01;35:*.emf=01;35:*.ogv=01;35:*.ogx=01;35:*.aac=00;36:*.au=00;36:*.flac=00;36:*.m4a=00;36:*.mid=00;36:*.midi=00;36:*.mka=00;36:*.mp3=00;36:*.mpc=00;36:*.ogg=00;36:*.ra=00;36:*.wav=00;36:*.oga=00;36:*.opus=00;36:*.spx=00;36:*.xspf=00;36:*~=00;90:*#=00;90:*.bak=00;90:*.crdownload=00;90:*.dpkg-dist=00;90:*.dpkg-new=00;90:*.dpkg-old=00;90:*.dpkg-tmp=00;90:*.old=00;90:*.orig=00;90:*.part=00;90:*.rej=00;90:*.rpmnew=00;90:*.rpmorig=00;90:*.rpmsave=00;90:*.swp=00;90:*.tmp=00;90:*.ucf-dist=00;90:*.ucf-new=00;90:*.ucf-old=00;90:', 'VSCODE_GIT_IPC_HANDLE': '/run/user/1000/vscode-git-a183934ae2.sock', 'TERM_PROGRAM': 'vscode', 'SSH_AUTH_SOCK': '/run/user/1000/keyring/ssh', 'AMENT_PREFIX_PATH': '/home/richard/ros2_ws/install/turtlesim:/home/richard/ros2_ws/install/tp1:/home/richard/ros2_ws/install/phi_aria:/opt/ros/jazzy', 'ORIGINAL_XDG_CURRENT_DESKTOP': 'ubuntu:GNOME', 'SHELL': '/bin/bash', 'QT_ACCESSIBILITY': '1', 'GDMSESSION': 'ubuntu', 'LESSCLOSE': '/usr/bin/lesspipe %s %s', 'GJS_DEBUG_OUTPUT': 'stderr', 'ROS_AUTOMATIC_DISCOVERY_RANGE': 'SUBNET', 'VSCODE_GIT_ASKPASS_EXTRA_ARGS': '', 'QT_IM_MODULE': 'ibus', 'PWD': '/home/richard/ros2_ws/build/turtlesim', 'XDG_CONFIG_DIRS': '/etc/xdg/xdg-ubuntu:/etc/xdg', 'XDG_DATA_DIRS': '/usr/share/ubuntu:/usr/share/gnome:/usr/local/share/:/usr/share/:/var/lib/snapd/desktop', 'PYTHONPATH': '/home/richard/ros2_ws/install/turtlesim/lib/python3.12/site-packages:/opt/ros/jazzy/lib/python3.12/site-packages', 'COLCON': '1', 'MEMORY_PRESSURE_WRITE': 'c29tZSAyMDAwMDAgMjAwMDAwMAA=', 'CMAKE_PREFIX_PATH': '/home/richard/ros2_ws/install/turtlesim:/home/richard/ros2_ws/install/tp1:/home/richard/ros2_ws/install/phi_aria:/opt/ros/jazzy/opt/gz_math_vendor:/opt/ros/jazzy/opt/gz_utils_vendor:/opt/ros/jazzy/opt/gz_cmake_vendor:/opt/ros/jazzy'}), 'shell': False}
[0.099900] (-) TimerEvent: {}
[0.200464] (-) TimerEvent: {}
[0.218534] (turtlesim) StdoutLine: {'line': b'[  0%] Built target turtlesim__rosidl_generator_type_description\n'}
[0.245246] (turtlesim) StdoutLine: {'line': b'[  0%] Built target ament_cmake_python_copy_turtlesim\n'}
[0.274407] (turtlesim) StdoutLine: {'line': b'[  1%] Built target turtlesim__cpp\n'}
[0.288737] (turtlesim) StdoutLine: {'line': b'[ 24%] Built target turtlesim__rosidl_generator_c\n'}
[0.300717] (-) TimerEvent: {}
[0.320223] (tp1) StdoutLine: {'line': b'[ 12%] \x1b[32mBuilding CXX object CMakeFiles/navigation.dir/src/Perception.cpp.o\x1b[0m\n'}
[0.324539] (phi_aria) StdoutLine: {'line': b'[ 25%] \x1b[32mBuilding CXX object CMakeFiles/phi_p3dx.dir/src/phi_p3dx.cpp.o\x1b[0m\n'}
[0.325550] (tp1) StdoutLine: {'line': b'[ 25%] \x1b[32mBuilding CXX object CMakeFiles/navigation.dir/src/PotentialField.cpp.o\x1b[0m\n'}
[0.327236] (tp1) StdoutLine: {'line': b'[ 37%] \x1b[32mBuilding CXX object CMakeFiles/navigation.dir/src/Utils.cpp.o\x1b[0m\n'}
[0.338855] (phi_aria) StdoutLine: {'line': b'[ 50%] \x1b[32mBuilding CXX object CMakeFiles/phi_p3dx.dir/src/Pose.cpp.o\x1b[0m\n'}
[0.340286] (phi_aria) StdoutLine: {'line': b'[ 75%] \x1b[32mBuilding CXX object CMakeFiles/phi_p3dx.dir/src/PhiROS2Aria.cpp.o\x1b[0m\n'}
[0.373933] (turtlesim) StdoutLine: {'line': b'[ 25%] \x1b[32mBuilding CXX object CMakeFiles/turtlesim__rosidl_typesupport_fastrtps_cpp.dir/rosidl_typesupport_fastrtps_cpp/turtlesim/action/detail/dds_fastrtps/rotate_absolute__type_support.cpp.o\x1b[0m\n'}
[0.377028] (turtlesim) StdoutLine: {'line': b'[ 25%] \x1b[32mBuilding CXX object CMakeFiles/turtlesim__rosidl_typesupport_fastrtps_c.dir/rosidl_typesupport_fastrtps_c/turtlesim/action/detail/rotate_absolute__type_support_c.cpp.o\x1b[0m\n'}
[0.386929] (turtlesim) StdoutLine: {'line': b'[ 26%] \x1b[32mBuilding CXX object CMakeFiles/turtlesim__rosidl_typesupport_cpp.dir/rosidl_typesupport_cpp/turtlesim/action/rotate_absolute__type_support.cpp.o\x1b[0m\n'}
[0.403161] (-) TimerEvent: {}
[0.507166] (-) TimerEvent: {}
[0.608815] (-) TimerEvent: {}
[0.715941] (-) TimerEvent: {}
[0.776851] (turtlesim) StdoutLine: {'line': b'running egg_info\n'}
[0.819935] (-) TimerEvent: {}
[0.899473] (turtlesim) StdoutLine: {'line': b'writing turtlesim.egg-info/PKG-INFO\n'}
[0.911614] (turtlesim) StdoutLine: {'line': b'writing dependency_links to turtlesim.egg-info/dependency_links.txt\n'}
[0.921253] (-) TimerEvent: {}
[0.922180] (turtlesim) StdoutLine: {'line': b'writing top-level names to turtlesim.egg-info/top_level.txt\n'}
[1.031668] (-) TimerEvent: {}
[1.134337] (-) TimerEvent: {}
[1.242696] (-) TimerEvent: {}
[1.245523] (turtlesim) StdoutLine: {'line': b"reading manifest file 'turtlesim.egg-info/SOURCES.txt'\n"}
[1.246631] (turtlesim) StdoutLine: {'line': b"writing manifest file 'turtlesim.egg-info/SOURCES.txt'\n"}
[1.347950] (-) TimerEvent: {}
[1.448744] (-) TimerEvent: {}
[1.484367] (turtlesim) StdoutLine: {'line': b'[ 26%] Built target ament_cmake_python_build_turtlesim_egg\n'}
[1.548895] (-) TimerEvent: {}
[1.621121] (turtlesim) StdoutLine: {'line': b'[ 35%] Built target turtlesim__rosidl_typesupport_introspection_c\n'}
[1.650657] (-) TimerEvent: {}
[1.757286] (-) TimerEvent: {}
[1.835873] (turtlesim) StdoutLine: {'line': b'[ 44%] Built target turtlesim__rosidl_typesupport_c\n'}
[1.859320] (-) TimerEvent: {}
[1.961397] (-) TimerEvent: {}
[2.030366] (turtlesim) StdoutLine: {'line': b'[ 45%] \x1b[32mBuilding CXX object CMakeFiles/turtlesim__rosidl_typesupport_introspection_cpp.dir/rosidl_typesupport_introspection_cpp/turtlesim/action/detail/rotate_absolute__type_support.cpp.o\x1b[0m\n'}
[2.061894] (-) TimerEvent: {}
[2.162589] (-) TimerEvent: {}
[2.281689] (-) TimerEvent: {}
[2.384590] (-) TimerEvent: {}
[2.486975] (-) TimerEvent: {}
[2.587550] (-) TimerEvent: {}
[2.689311] (-) TimerEvent: {}
[2.792895] (-) TimerEvent: {}
[2.894343] (-) TimerEvent: {}
[2.996534] (-) TimerEvent: {}
[3.101540] (-) TimerEvent: {}
[3.201896] (-) TimerEvent: {}
[3.310541] (-) TimerEvent: {}
[3.411665] (-) TimerEvent: {}
[3.512979] (-) TimerEvent: {}
[3.622360] (-) TimerEvent: {}
[3.728173] (-) TimerEvent: {}
[3.828948] (-) TimerEvent: {}
[3.942887] (-) TimerEvent: {}
[4.043605] (-) TimerEvent: {}
[4.144089] (-) TimerEvent: {}
[4.247768] (-) TimerEvent: {}
[4.350453] (-) TimerEvent: {}
[4.455159] (-) TimerEvent: {}
[4.555752] (-) TimerEvent: {}
[4.656917] (-) TimerEvent: {}
[4.689140] (turtlesim) StdoutLine: {'line': b'[ 46%] \x1b[32mBuilding CXX object CMakeFiles/turtlesim__rosidl_typesupport_fastrtps_c.dir/rosidl_typesupport_fastrtps_c/turtlesim/msg/detail/color__type_support_c.cpp.o\x1b[0m\n'}
[4.760859] (-) TimerEvent: {}
[4.862198] (-) TimerEvent: {}
[4.962675] (-) TimerEvent: {}
[4.976981] (turtlesim) StdoutLine: {'line': b'[ 47%] \x1b[32mBuilding CXX object CMakeFiles/turtlesim__rosidl_typesupport_cpp.dir/rosidl_typesupport_cpp/turtlesim/msg/color__type_support.cpp.o\x1b[0m\n'}
[5.072151] (-) TimerEvent: {}
[5.172634] (-) TimerEvent: {}
[5.206723] (turtlesim) StdoutLine: {'line': b'[ 48%] \x1b[32mBuilding CXX object CMakeFiles/turtlesim__rosidl_typesupport_introspection_cpp.dir/rosidl_typesupport_introspection_cpp/turtlesim/msg/detail/color__type_support.cpp.o\x1b[0m\n'}
[5.272775] (-) TimerEvent: {}
[5.373396] (-) TimerEvent: {}
[5.474000] (-) TimerEvent: {}
[5.575270] (-) TimerEvent: {}
[5.627687] (turtlesim) StdoutLine: {'line': b'[ 49%] \x1b[32mBuilding CXX object CMakeFiles/turtlesim__rosidl_typesupport_fastrtps_cpp.dir/rosidl_typesupport_fastrtps_cpp/turtlesim/msg/detail/dds_fastrtps/color__type_support.cpp.o\x1b[0m\n'}
[5.679181] (-) TimerEvent: {}
[5.780871] (-) TimerEvent: {}
[5.887497] (-) TimerEvent: {}
[5.988078] (-) TimerEvent: {}
[6.090794] (-) TimerEvent: {}
[6.201677] (-) TimerEvent: {}
[6.228737] (turtlesim) StdoutLine: {'line': b'[ 50%] \x1b[32mBuilding CXX object CMakeFiles/turtlesim__rosidl_typesupport_cpp.dir/rosidl_typesupport_cpp/turtlesim/msg/pose__type_support.cpp.o\x1b[0m\n'}
[6.301477] (turtlesim) StdoutLine: {'line': b'[ 51%] \x1b[32mBuilding CXX object CMakeFiles/turtlesim__rosidl_typesupport_introspection_cpp.dir/rosidl_typesupport_introspection_cpp/turtlesim/msg/detail/pose__type_support.cpp.o\x1b[0m\n'}
[6.301676] (-) TimerEvent: {}
[6.411128] (-) TimerEvent: {}
[6.511961] (-) TimerEvent: {}
[6.613464] (-) TimerEvent: {}
[6.714121] (-) TimerEvent: {}
[6.814516] (-) TimerEvent: {}
[6.902425] (turtlesim) StdoutLine: {'line': b'[ 52%] \x1b[32mBuilding CXX object CMakeFiles/turtlesim__rosidl_typesupport_fastrtps_c.dir/rosidl_typesupport_fastrtps_c/turtlesim/msg/detail/pose__type_support_c.cpp.o\x1b[0m\n'}
[6.914713] (-) TimerEvent: {}
[7.015574] (-) TimerEvent: {}
[7.116238] (-) TimerEvent: {}
[7.221168] (-) TimerEvent: {}
[7.323154] (-) TimerEvent: {}
[7.458906] (-) TimerEvent: {}
[7.461120] (turtlesim) StdoutLine: {'line': b'[ 52%] \x1b[32mBuilding CXX object CMakeFiles/turtlesim__rosidl_typesupport_cpp.dir/rosidl_typesupport_cpp/turtlesim/srv/kill__type_support.cpp.o\x1b[0m\n'}
[7.564174] (-) TimerEvent: {}
[7.673589] (-) TimerEvent: {}
[7.773972] (-) TimerEvent: {}
[7.880796] (-) TimerEvent: {}
[7.981380] (-) TimerEvent: {}
[8.081839] (-) TimerEvent: {}
[8.182307] (-) TimerEvent: {}
[8.212685] (turtlesim) StdoutLine: {'line': b'[ 53%] \x1b[32mBuilding CXX object CMakeFiles/turtlesim__rosidl_typesupport_fastrtps_cpp.dir/rosidl_typesupport_fastrtps_cpp/turtlesim/msg/detail/dds_fastrtps/pose__type_support.cpp.o\x1b[0m\n'}
[8.288006] (-) TimerEvent: {}
[8.339665] (turtlesim) StdoutLine: {'line': b'[ 54%] \x1b[32mBuilding CXX object CMakeFiles/turtlesim__rosidl_typesupport_introspection_cpp.dir/rosidl_typesupport_introspection_cpp/turtlesim/srv/detail/kill__type_support.cpp.o\x1b[0m\n'}
[8.402902] (-) TimerEvent: {}
[8.503899] (-) TimerEvent: {}
[8.609702] (-) TimerEvent: {}
[8.710039] (-) TimerEvent: {}
[8.810781] (-) TimerEvent: {}
[8.920339] (-) TimerEvent: {}
[9.022657] (-) TimerEvent: {}
[9.124037] (-) TimerEvent: {}
[9.251192] (-) TimerEvent: {}
[9.354166] (-) TimerEvent: {}
[9.459147] (-) TimerEvent: {}
[9.513185] (turtlesim) StdoutLine: {'line': b'[ 55%] \x1b[32mBuilding CXX object CMakeFiles/turtlesim__rosidl_typesupport_cpp.dir/rosidl_typesupport_cpp/turtlesim/srv/set_pen__type_support.cpp.o\x1b[0m\n'}
[9.565488] (-) TimerEvent: {}
[9.666850] (-) TimerEvent: {}
[9.771705] (-) TimerEvent: {}
[9.781761] (turtlesim) StdoutLine: {'line': b'[ 56%] \x1b[32mBuilding CXX object CMakeFiles/turtlesim__rosidl_typesupport_fastrtps_c.dir/rosidl_typesupport_fastrtps_c/turtlesim/srv/detail/kill__type_support_c.cpp.o\x1b[0m\n'}
[9.878197] (-) TimerEvent: {}
[9.982176] (-) TimerEvent: {}
[10.092265] (-) TimerEvent: {}
[10.193880] (-) TimerEvent: {}
[10.296285] (-) TimerEvent: {}
[10.344080] (turtlesim) StdoutLine: {'line': b'[ 57%] \x1b[32mBuilding CXX object CMakeFiles/turtlesim__rosidl_typesupport_introspection_cpp.dir/rosidl_typesupport_introspection_cpp/turtlesim/srv/detail/set_pen__type_support.cpp.o\x1b[0m\n'}
[10.396427] (-) TimerEvent: {}
[10.502880] (-) TimerEvent: {}
[10.603294] (-) TimerEvent: {}
[10.711495] (-) TimerEvent: {}
[10.719222] (turtlesim) StdoutLine: {'line': b'[ 58%] \x1b[32mBuilding CXX object CMakeFiles/turtlesim__rosidl_typesupport_fastrtps_cpp.dir/rosidl_typesupport_fastrtps_cpp/turtlesim/srv/detail/dds_fastrtps/kill__type_support.cpp.o\x1b[0m\n'}
[10.811623] (-) TimerEvent: {}
[10.926644] (-) TimerEvent: {}
[11.033154] (-) TimerEvent: {}
[11.135209] (-) TimerEvent: {}
[11.237387] (-) TimerEvent: {}
[11.345599] (-) TimerEvent: {}
[11.425143] (turtlesim) StdoutLine: {'line': b'[ 59%] \x1b[32mBuilding CXX object CMakeFiles/turtlesim__rosidl_typesupport_cpp.dir/rosidl_typesupport_cpp/turtlesim/srv/spawn__type_support.cpp.o\x1b[0m\n'}
[11.446881] (-) TimerEvent: {}
[11.551121] (-) TimerEvent: {}
[11.651455] (-) TimerEvent: {}
[11.752015] (-) TimerEvent: {}
[11.839537] (turtlesim) StdoutLine: {'line': b'[ 60%] \x1b[32mBuilding CXX object CMakeFiles/turtlesim__rosidl_typesupport_fastrtps_c.dir/rosidl_typesupport_fastrtps_c/turtlesim/srv/detail/set_pen__type_support_c.cpp.o\x1b[0m\n'}
[11.852162] (-) TimerEvent: {}
[11.956246] (-) TimerEvent: {}
[12.056721] (-) TimerEvent: {}
[12.157527] (turtlesim) StdoutLine: {'line': b'[ 61%] \x1b[32mBuilding CXX object CMakeFiles/turtlesim__rosidl_typesupport_introspection_cpp.dir/rosidl_typesupport_introspection_cpp/turtlesim/srv/detail/spawn__type_support.cpp.o\x1b[0m\n'}
[12.157777] (-) TimerEvent: {}
[12.258114] (-) TimerEvent: {}
[12.359098] (-) TimerEvent: {}
[12.461761] (-) TimerEvent: {}
[12.563392] (-) TimerEvent: {}
[12.669796] (-) TimerEvent: {}
[12.774168] (-) TimerEvent: {}
[12.869293] (tp1) StderrLine: {'line': b'\x1b[01m\x1b[K/home/richard/ros2_ws/src/tp1/src/PotentialField.cpp:\x1b[m\x1b[K In function \xe2\x80\x98\x1b[01m\x1b[Kvoid\x1b[01;32m\x1b[K convergeCampo\x1b[m\x1b[K(float)\x1b[m\x1b[K\xe2\x80\x99:\n'}
[12.869496] (tp1) StderrLine: {'line': b'\x1b[01m\x1b[K/home/richard/ros2_ws/src/tp1/src/PotentialField.cpp:94:27:\x1b[m\x1b[K \x1b[01;35m\x1b[Kwarning: \x1b[m\x1b[Kcomparison of integer expressions of different signedness: \xe2\x80\x98\x1b[01m\x1b[Kint\x1b[m\x1b[K\xe2\x80\x99 and \xe2\x80\x98\x1b[01m\x1b[Ksize_t\x1b[m\x1b[K\xe2\x80\x99 {aka \xe2\x80\x98\x1b[01m\x1b[Klong unsigned int\x1b[m\x1b[K\xe2\x80\x99} [\x1b[01;35m\x1b[K\x1b]8;;https://gcc.gnu.org/onlinedocs/gcc/Warning-Options.html#index-Wsign-compare\x07-Wsign-compare\x1b]8;;\x07\x1b[m\x1b[K]\n'}
[12.869584] (tp1) StderrLine: {'line': b'   94 |         for (int y = 0; \x1b[01;35m\x1b[Ky <= linhas - 1\x1b[m\x1b[K; ++y) {\n'}
[12.870491] (tp1) StderrLine: {'line': b'      |                         \x1b[01;35m\x1b[K~~^~~~~~~~~~~~~\x1b[m\x1b[K\n'}
[12.870761] (tp1) StderrLine: {'line': b'\x1b[01m\x1b[K/home/richard/ros2_ws/src/tp1/src/PotentialField.cpp:95:31:\x1b[m\x1b[K \x1b[01;35m\x1b[Kwarning: \x1b[m\x1b[Kcomparison of integer expressions of different signedness: \xe2\x80\x98\x1b[01m\x1b[Kint\x1b[m\x1b[K\xe2\x80\x99 and \xe2\x80\x98\x1b[01m\x1b[Ksize_t\x1b[m\x1b[K\xe2\x80\x99 {aka \xe2\x80\x98\x1b[01m\x1b[Klong unsigned int\x1b[m\x1b[K\xe2\x80\x99} [\x1b[01;35m\x1b[K\x1b]8;;https://gcc.gnu.org/onlinedocs/gcc/Warning-Options.html#index-Wsign-compare\x07-Wsign-compare\x1b]8;;\x07\x1b[m\x1b[K]\n'}
[12.870872] (tp1) StderrLine: {'line': b'   95 |             for (int x = 0; \x1b[01;35m\x1b[Kx <= colunas - 1\x1b[m\x1b[K; ++x) {\n'}
[12.870957] (tp1) StderrLine: {'line': b'      |                             \x1b[01;35m\x1b[K~~^~~~~~~~~~~~~~\x1b[m\x1b[K\n'}
[12.871023] (tp1) StderrLine: {'line': b'\x1b[01m\x1b[K/home/richard/ros2_ws/src/tp1/src/PotentialField.cpp:49:20:\x1b[m\x1b[K \x1b[01;35m\x1b[Kwarning: \x1b[m\x1b[Kvariable \xe2\x80\x98\x1b[01m\x1b[KmatPos\x1b[m\x1b[K\xe2\x80\x99 set but not used [\x1b[01;35m\x1b[K\x1b]8;;https://gcc.gnu.org/onlinedocs/gcc/Warning-Options.html#index-Wunused-but-set-variable\x07-Wunused-but-set-variable\x1b]8;;\x07\x1b[m\x1b[K]\n'}
[12.872623] (tp1) StderrLine: {'line': b'   49 |     MatrixPosition \x1b[01;35m\x1b[KmatPos\x1b[m\x1b[K = findCell(posX, posY, grid.inicio, grid.passo);\n'}
[12.875197] (-) TimerEvent: {}
[12.875323] (tp1) StderrLine: {'line': b'      |                    \x1b[01;35m\x1b[K^~~~~~\x1b[m\x1b[K\n'}
[12.875427] (tp1) StderrLine: {'line': b'\x1b[01m\x1b[K/home/richard/ros2_ws/src/tp1/src/PotentialField.cpp:\x1b[m\x1b[K In function \xe2\x80\x98\x1b[01m\x1b[Kvoid*\x1b[01;32m\x1b[K potentialFieldThreadFunction\x1b[m\x1b[K(void*)\x1b[m\x1b[K\xe2\x80\x99:\n'}
[12.875501] (tp1) StderrLine: {'line': b'\x1b[01m\x1b[K/home/richard/ros2_ws/src/tp1/src/PotentialField.cpp:115:42:\x1b[m\x1b[K \x1b[01;35m\x1b[Kwarning: \x1b[m\x1b[Kunused parameter \xe2\x80\x98\x1b[01m\x1b[Karg\x1b[m\x1b[K\xe2\x80\x99 [\x1b[01;35m\x1b[K\x1b]8;;https://gcc.gnu.org/onlinedocs/gcc/Warning-Options.html#index-Wunused-parameter\x07-Wunused-parameter\x1b]8;;\x07\x1b[m\x1b[K]\n'}
[12.875574] (tp1) StderrLine: {'line': b'  115 | void* potentialFieldThreadFunction(\x1b[01;35m\x1b[Kvoid* arg\x1b[m\x1b[K) {\n'}
[12.875640] (tp1) StderrLine: {'line': b'      |                                    \x1b[01;35m\x1b[K~~~~~~^~~\x1b[m\x1b[K\n'}
[12.976163] (-) TimerEvent: {}
[13.077381] (-) TimerEvent: {}
[13.119439] (turtlesim) StdoutLine: {'line': b'[ 62%] \x1b[32mBuilding CXX object CMakeFiles/turtlesim__rosidl_typesupport_cpp.dir/rosidl_typesupport_cpp/turtlesim/srv/teleport_absolute__type_support.cpp.o\x1b[0m\n'}
[13.178227] (-) TimerEvent: {}
[13.283146] (-) TimerEvent: {}
[13.386694] (-) TimerEvent: {}
[13.487296] (-) TimerEvent: {}
[13.499219] (tp1) StderrLine: {'line': b'\x1b[01m\x1b[K/home/richard/ros2_ws/src/tp1/src/Perception.cpp:\x1b[m\x1b[K In member function \xe2\x80\x98\x1b[01m\x1b[Kstd::vector<float, std::allocator<float> > Perception::\x1b[01;32m\x1b[KgetLatestSonarRanges\x1b[m\x1b[K()\x1b[m\x1b[K\xe2\x80\x99:\n'}
[13.499502] (tp1) StderrLine: {'line': b'\x1b[01m\x1b[K/home/richard/ros2_ws/src/tp1/src/Perception.cpp:156:9:\x1b[m\x1b[K \x1b[01;35m\x1b[Kwarning: \x1b[m\x1b[Kunused variable \xe2\x80\x98\x1b[01m\x1b[Knumbytes\x1b[m\x1b[K\xe2\x80\x99 [\x1b[01;35m\x1b[K\x1b]8;;https://gcc.gnu.org/onlinedocs/gcc/Warning-Options.html#index-Wunused-variable\x07-Wunused-variable\x1b]8;;\x07\x1b[m\x1b[K]\n'}
[13.499586] (tp1) StderrLine: {'line': b'  156 |     int \x1b[01;35m\x1b[Knumbytes\x1b[m\x1b[K = sonarROS.data.size();\n'}
[13.499656] (tp1) StderrLine: {'line': b'      |         \x1b[01;35m\x1b[K^~~~~~~~\x1b[m\x1b[K\n'}
[13.499722] (tp1) StderrLine: {'line': b'\x1b[01m\x1b[K/home/richard/ros2_ws/src/tp1/src/Perception.cpp:157:9:\x1b[m\x1b[K \x1b[01;35m\x1b[Kwarning: \x1b[m\x1b[Kunused variable \xe2\x80\x98\x1b[01m\x1b[Knumfields\x1b[m\x1b[K\xe2\x80\x99 [\x1b[01;35m\x1b[K\x1b]8;;https://gcc.gnu.org/onlinedocs/gcc/Warning-Options.html#index-Wunused-variable\x07-Wunused-variable\x1b]8;;\x07\x1b[m\x1b[K]\n'}
[13.499805] (tp1) StderrLine: {'line': b'  157 |     int \x1b[01;35m\x1b[Knumfields\x1b[m\x1b[K = sonarROS.fields.size();\n'}
[13.499869] (tp1) StderrLine: {'line': b'      |         \x1b[01;35m\x1b[K^~~~~~~~~\x1b[m\x1b[K\n'}
[13.587529] (-) TimerEvent: {}
[13.691886] (-) TimerEvent: {}
[13.798196] (-) TimerEvent: {}
[13.831419] (turtlesim) StdoutLine: {'line': b'[ 62%] \x1b[32mBuilding CXX object CMakeFiles/turtlesim__rosidl_typesupport_fastrtps_cpp.dir/rosidl_typesupport_fastrtps_cpp/turtlesim/srv/detail/dds_fastrtps/set_pen__type_support.cpp.o\x1b[0m\n'}
[13.898319] (-) TimerEvent: {}
[13.998915] (-) TimerEvent: {}
[14.102978] (-) TimerEvent: {}
[14.192159] (turtlesim) StdoutLine: {'line': b'[ 62%] \x1b[32mBuilding CXX object CMakeFiles/turtlesim__rosidl_typesupport_introspection_cpp.dir/rosidl_typesupport_introspection_cpp/turtlesim/srv/detail/teleport_absolute__type_support.cpp.o\x1b[0m\n'}
[14.203149] (-) TimerEvent: {}
[14.303592] (-) TimerEvent: {}
[14.405425] (-) TimerEvent: {}
[14.506755] (-) TimerEvent: {}
[14.571026] (turtlesim) StdoutLine: {'line': b'[ 63%] \x1b[32mBuilding CXX object CMakeFiles/turtlesim__rosidl_typesupport_fastrtps_c.dir/rosidl_typesupport_fastrtps_c/turtlesim/srv/detail/spawn__type_support_c.cpp.o\x1b[0m\n'}
[14.609166] (-) TimerEvent: {}
[14.710827] (-) TimerEvent: {}
[14.813385] (-) TimerEvent: {}
[14.918177] (-) TimerEvent: {}
[14.930450] (phi_aria) StderrLine: {'line': b'In file included from \x1b[01m\x1b[K/usr/local/Aria/include/Aria.h:47\x1b[m\x1b[K,\n'}
[14.930767] (phi_aria) StderrLine: {'line': b'                 from \x1b[01m\x1b[K/home/richard/ros2_ws/src/phi_aria/include/PhiROS2Aria.hpp:15\x1b[m\x1b[K,\n'}
[14.930900] (phi_aria) StderrLine: {'line': b'                 from \x1b[01m\x1b[K/home/richard/ros2_ws/src/phi_aria/src/phi_p3dx.cpp:1\x1b[m\x1b[K:\n'}
[14.931046] (phi_aria) StderrLine: {'line': b'\x1b[01m\x1b[K/usr/local/Aria/include/ArRobot.h:\x1b[m\x1b[K In member function \xe2\x80\x98\x1b[01m\x1b[Kvoid ArRobot::\x1b[01;32m\x1b[KsetDoNotSwitchBaud\x1b[m\x1b[K(bool)\x1b[m\x1b[K\xe2\x80\x99:\n'}
[14.931216] (phi_aria) StderrLine: {'line': b'\x1b[01m\x1b[K/usr/local/Aria/include/ArRobot.h:1075:41:\x1b[m\x1b[K \x1b[01;35m\x1b[Kwarning: \x1b[m\x1b[Kunused parameter \xe2\x80\x98\x1b[01m\x1b[KdoNotSwitchBaud\x1b[m\x1b[K\xe2\x80\x99 [\x1b[01;35m\x1b[K\x1b]8;;https://gcc.gnu.org/onlinedocs/gcc/Warning-Options.html#index-Wunused-parameter\x07-Wunused-parameter\x1b]8;;\x07\x1b[m\x1b[K]\n'}
[14.931324] (phi_aria) StderrLine: {'line': b' 1075 |   AREXPORT void setDoNotSwitchBaud(\x1b[01;35m\x1b[Kbool doNotSwitchBaud\x1b[m\x1b[K)\n'}
[14.931420] (phi_aria) StderrLine: {'line': b'      |                                    \x1b[01;35m\x1b[K~~~~~^~~~~~~~~~~~~~~\x1b[m\x1b[K\n'}
[15.018294] (-) TimerEvent: {}
[15.122548] (turtlesim) StdoutLine: {'line': b'[ 64%] \x1b[32mBuilding CXX object CMakeFiles/turtlesim__rosidl_typesupport_cpp.dir/rosidl_typesupport_cpp/turtlesim/srv/teleport_relative__type_support.cpp.o\x1b[0m\n'}
[15.122775] (-) TimerEvent: {}
[15.206513] (phi_aria) StderrLine: {'line': b'In file included from \x1b[01m\x1b[K/usr/local/Aria/include/ArActionColorFollow.h:33\x1b[m\x1b[K,\n'}
[15.206706] (phi_aria) StderrLine: {'line': b'                 from \x1b[01m\x1b[K/usr/local/Aria/include/ArActionGroups.h:30\x1b[m\x1b[K,\n'}
[15.206787] (phi_aria) StderrLine: {'line': b'                 from \x1b[01m\x1b[K/usr/local/Aria/include/Aria.h:57\x1b[m\x1b[K:\n'}
[15.206859] (phi_aria) StderrLine: {'line': b'\x1b[01m\x1b[K/usr/local/Aria/include/ArPTZ.h:\x1b[m\x1b[K In member function \xe2\x80\x98\x1b[01m\x1b[Kvirtual bool ArPTZ::\x1b[01;32m\x1b[Kzoom\x1b[m\x1b[K(int)\x1b[m\x1b[K\xe2\x80\x99:\n'}
[15.206977] (phi_aria) StderrLine: {'line': b'\x1b[01m\x1b[K/usr/local/Aria/include/ArPTZ.h:118:34:\x1b[m\x1b[K \x1b[01;35m\x1b[Kwarning: \x1b[m\x1b[Kunused parameter \xe2\x80\x98\x1b[01m\x1b[KzoomValue\x1b[m\x1b[K\xe2\x80\x99 [\x1b[01;35m\x1b[K\x1b]8;;https://gcc.gnu.org/onlinedocs/gcc/Warning-Options.html#index-Wunused-parameter\x07-Wunused-parameter\x1b]8;;\x07\x1b[m\x1b[K]\n'}
[15.207056] (phi_aria) StderrLine: {'line': b'  118 |   AREXPORT virtual bool zoom(\x1b[01;35m\x1b[Kint zoomValue\x1b[m\x1b[K) { return false; }\n'}
[15.207123] (phi_aria) StderrLine: {'line': b'      |                              \x1b[01;35m\x1b[K~~~~^~~~~~~~~\x1b[m\x1b[K\n'}
[15.207191] (phi_aria) StderrLine: {'line': b'\x1b[01m\x1b[K/usr/local/Aria/include/ArPTZ.h:\x1b[m\x1b[K In member function \xe2\x80\x98\x1b[01m\x1b[Kvirtual bool ArPTZ::\x1b[01;32m\x1b[KzoomRel\x1b[m\x1b[K(int)\x1b[m\x1b[K\xe2\x80\x99:\n'}
[15.207260] (phi_aria) StderrLine: {'line': b'\x1b[01m\x1b[K/usr/local/Aria/include/ArPTZ.h:120:37:\x1b[m\x1b[K \x1b[01;35m\x1b[Kwarning: \x1b[m\x1b[Kunused parameter \xe2\x80\x98\x1b[01m\x1b[KzoomValue\x1b[m\x1b[K\xe2\x80\x99 [\x1b[01;35m\x1b[K\x1b]8;;https://gcc.gnu.org/onlinedocs/gcc/Warning-Options.html#index-Wunused-parameter\x07-Wunused-parameter\x1b]8;;\x07\x1b[m\x1b[K]\n'}
[15.207329] (phi_aria) StderrLine: {'line': b'  120 |   AREXPORT virtual bool zoomRel(\x1b[01;35m\x1b[Kint zoomValue\x1b[m\x1b[K) { return false; }\n'}
[15.207396] (phi_aria) StderrLine: {'line': b'      |                                 \x1b[01;35m\x1b[K~~~~^~~~~~~~~\x1b[m\x1b[K\n'}
[15.207463] (phi_aria) StderrLine: {'line': b'\x1b[01m\x1b[K/usr/local/Aria/include/ArPTZ.h:\x1b[m\x1b[K In member function \xe2\x80\x98\x1b[01m\x1b[Kvirtual bool ArPTZ::\x1b[01;32m\x1b[KsetGain\x1b[m\x1b[K(double) const\x1b[m\x1b[K\xe2\x80\x99:\n'}
[15.207530] (phi_aria) StderrLine: {'line': b'\x1b[01m\x1b[K/usr/local/Aria/include/ArPTZ.h:166:40:\x1b[m\x1b[K \x1b[01;35m\x1b[Kwarning: \x1b[m\x1b[Kunused parameter \xe2\x80\x98\x1b[01m\x1b[Kgain\x1b[m\x1b[K\xe2\x80\x99 [\x1b[01;35m\x1b[K\x1b]8;;https://gcc.gnu.org/onlinedocs/gcc/Warning-Options.html#index-Wunused-parameter\x07-Wunused-parameter\x1b]8;;\x07\x1b[m\x1b[K]\n'}
[15.207599] (phi_aria) StderrLine: {'line': b'  166 |   AREXPORT virtual bool setGain(\x1b[01;35m\x1b[Kdouble gain\x1b[m\x1b[K) const { return false; }\n'}
[15.207669] (phi_aria) StderrLine: {'line': b'      |                                 \x1b[01;35m\x1b[K~~~~~~~^~~~\x1b[m\x1b[K\n'}
[15.207734] (phi_aria) StderrLine: {'line': b'\x1b[01m\x1b[K/usr/local/Aria/include/ArPTZ.h:\x1b[m\x1b[K In member function \xe2\x80\x98\x1b[01m\x1b[Kvirtual double ArPTZ::\x1b[01;32m\x1b[KgetGain\x1b[m\x1b[K(double) const\x1b[m\x1b[K\xe2\x80\x99:\n'}
[15.207799] (phi_aria) StderrLine: {'line': b'\x1b[01m\x1b[K/usr/local/Aria/include/ArPTZ.h:168:42:\x1b[m\x1b[K \x1b[01;35m\x1b[Kwarning: \x1b[m\x1b[Kunused parameter \xe2\x80\x98\x1b[01m\x1b[Kgain\x1b[m\x1b[K\xe2\x80\x99 [\x1b[01;35m\x1b[K\x1b]8;;https://gcc.gnu.org/onlinedocs/gcc/Warning-Options.html#index-Wunused-parameter\x07-Wunused-parameter\x1b]8;;\x07\x1b[m\x1b[K]\n'}
[15.207883] (phi_aria) StderrLine: {'line': b'  168 |   AREXPORT virtual double getGain(\x1b[01;35m\x1b[Kdouble gain\x1b[m\x1b[K) const { return 0; }\n'}
[15.207956] (phi_aria) StderrLine: {'line': b'      |                                   \x1b[01;35m\x1b[K~~~~~~~^~~~\x1b[m\x1b[K\n'}
[15.208020] (phi_aria) StderrLine: {'line': b'\x1b[01m\x1b[K/usr/local/Aria/include/ArPTZ.h:\x1b[m\x1b[K In member function \xe2\x80\x98\x1b[01m\x1b[Kvirtual bool ArPTZ::\x1b[01;32m\x1b[KsetFocus\x1b[m\x1b[K(double) const\x1b[m\x1b[K\xe2\x80\x99:\n'}
[15.236365] (-) TimerEvent: {}
[15.236864] (phi_aria) StderrLine: {'line': b'\x1b[01m\x1b[K/usr/local/Aria/include/ArPTZ.h:174:41:\x1b[m\x1b[K \x1b[01;35m\x1b[Kwarning: \x1b[m\x1b[Kunused parameter \xe2\x80\x98\x1b[01m\x1b[Kfocus\x1b[m\x1b[K\xe2\x80\x99 [\x1b[01;35m\x1b[K\x1b]8;;https://gcc.gnu.org/onlinedocs/gcc/Warning-Options.html#index-Wunused-parameter\x07-Wunused-parameter\x1b]8;;\x07\x1b[m\x1b[K]\n'}
[15.236979] (phi_aria) StderrLine: {'line': b'  174 |   AREXPORT virtual bool setFocus(\x1b[01;35m\x1b[Kdouble focus\x1b[m\x1b[K) const { return false; }\n'}
[15.237049] (phi_aria) StderrLine: {'line': b'      |                                  \x1b[01;35m\x1b[K~~~~~~~^~~~~\x1b[m\x1b[K\n'}
[15.237193] (phi_aria) StderrLine: {'line': b'\x1b[01m\x1b[K/usr/local/Aria/include/ArPTZ.h:\x1b[m\x1b[K In member function \xe2\x80\x98\x1b[01m\x1b[Kvirtual double ArPTZ::\x1b[01;32m\x1b[KgetFocus\x1b[m\x1b[K(double) const\x1b[m\x1b[K\xe2\x80\x99:\n'}
[15.237290] (phi_aria) StderrLine: {'line': b'\x1b[01m\x1b[K/usr/local/Aria/include/ArPTZ.h:176:43:\x1b[m\x1b[K \x1b[01;35m\x1b[Kwarning: \x1b[m\x1b[Kunused parameter \xe2\x80\x98\x1b[01m\x1b[Kfocus\x1b[m\x1b[K\xe2\x80\x99 [\x1b[01;35m\x1b[K\x1b]8;;https://gcc.gnu.org/onlinedocs/gcc/Warning-Options.html#index-Wunused-parameter\x07-Wunused-parameter\x1b]8;;\x07\x1b[m\x1b[K]\n'}
[15.237363] (phi_aria) StderrLine: {'line': b'  176 |   AREXPORT virtual double getFocus(\x1b[01;35m\x1b[Kdouble focus\x1b[m\x1b[K) const { return 0; }\n'}
[15.237431] (phi_aria) StderrLine: {'line': b'      |                                    \x1b[01;35m\x1b[K~~~~~~~^~~~~\x1b[m\x1b[K\n'}
[15.237507] (phi_aria) StderrLine: {'line': b'\x1b[01m\x1b[K/usr/local/Aria/include/ArPTZ.h:\x1b[m\x1b[K In member function \xe2\x80\x98\x1b[01m\x1b[Kvirtual bool ArPTZ::\x1b[01;32m\x1b[KpacketHandler\x1b[m\x1b[K(ArBasePacket*)\x1b[m\x1b[K\xe2\x80\x99:\n'}
[15.237577] (phi_aria) StderrLine: {'line': b'\x1b[01m\x1b[K/usr/local/Aria/include/ArPTZ.h:215:53:\x1b[m\x1b[K \x1b[01;35m\x1b[Kwarning: \x1b[m\x1b[Kunused parameter \xe2\x80\x98\x1b[01m\x1b[Kpacket\x1b[m\x1b[K\xe2\x80\x99 [\x1b[01;35m\x1b[K\x1b]8;;https://gcc.gnu.org/onlinedocs/gcc/Warning-Options.html#index-Wunused-parameter\x07-Wunused-parameter\x1b]8;;\x07\x1b[m\x1b[K]\n'}
[15.237645] (phi_aria) StderrLine: {'line': b'  215 |   AREXPORT virtual bool packetHandler(\x1b[01;35m\x1b[KArBasePacket *packet\x1b[m\x1b[K) { return false; }\n'}
[15.237707] (phi_aria) StderrLine: {'line': b'      |                                       \x1b[01;35m\x1b[K~~~~~~~~~~~~~~^~~~~~\x1b[m\x1b[K\n'}
[15.280268] (phi_aria) StderrLine: {'line': b'In file included from \x1b[01m\x1b[K/usr/local/Aria/include/Aria.h:72\x1b[m\x1b[K:\n'}
[15.280455] (phi_aria) StderrLine: {'line': b'\x1b[01m\x1b[K/usr/local/Aria/include/ArActionTriangleDriveTo.h:\x1b[m\x1b[K In member function \xe2\x80\x98\x1b[01m\x1b[Kvoid ArActionTriangleDriveTo::Data::\x1b[01;32m\x1b[KsetLinesAndVertex\x1b[m\x1b[K(std::map<int, ArLineFinderSegment*>*, ArPose)\x1b[m\x1b[K\xe2\x80\x99:\n'}
[15.280538] (phi_aria) StderrLine: {'line': b'\x1b[01m\x1b[K/usr/local/Aria/include/ArActionTriangleDriveTo.h:191:18:\x1b[m\x1b[K \x1b[01;35m\x1b[Kwarning: \x1b[m\x1b[Kimplicitly-declared \xe2\x80\x98\x1b[01m\x1b[Kconstexpr ArPose& ArPose::\x1b[01;32m\x1b[Koperator=\x1b[m\x1b[K(const ArPose&)\x1b[m\x1b[K\xe2\x80\x99 is deprecated [\x1b[01;35m\x1b[K\x1b]8;;https://gcc.gnu.org/onlinedocs/gcc/Warning-Options.html#index-Wdeprecated-copy\x07-Wdeprecated-copy\x1b]8;;\x07\x1b[m\x1b[K]\n'}
[15.280616] (phi_aria) StderrLine: {'line': b'  191 |       myVertex = \x1b[01;35m\x1b[Kvertex\x1b[m\x1b[K;\n'}
[15.280695] (phi_aria) StderrLine: {'line': b'      |                  \x1b[01;35m\x1b[K^~~~~~\x1b[m\x1b[K\n'}
[15.280791] (phi_aria) StderrLine: {'line': b'In file included from \x1b[01m\x1b[K/usr/local/Aria/include/ArDeviceConnection.h:30\x1b[m\x1b[K,\n'}
[15.280868] (phi_aria) StderrLine: {'line': b'                 from \x1b[01m\x1b[K/usr/local/Aria/include/ArSerialConnection.h:30\x1b[m\x1b[K,\n'}
[15.280936] (phi_aria) StderrLine: {'line': b'                 from \x1b[01m\x1b[K/usr/local/Aria/include/Aria.h:30\x1b[m\x1b[K:\n'}
[15.281003] (phi_aria) StderrLine: {'line': b'\x1b[01m\x1b[K/usr/local/Aria/include/ariaUtil.h:676:3:\x1b[m\x1b[K \x1b[01;36m\x1b[Knote: \x1b[m\x1b[Kbecause \xe2\x80\x98\x1b[01m\x1b[KArPose\x1b[m\x1b[K\xe2\x80\x99 has user-provided \xe2\x80\x98\x1b[01m\x1b[KArPose::\x1b[01;32m\x1b[KArPose\x1b[m\x1b[K(const ArPose&)\x1b[m\x1b[K\xe2\x80\x99\n'}
[15.281121] (phi_aria) StderrLine: {'line': b'  676 |   \x1b[01;36m\x1b[KArPose\x1b[m\x1b[K(const ArPose &pose) :\n'}
[15.281202] (phi_aria) StderrLine: {'line': b'      |   \x1b[01;36m\x1b[K^~~~~~\x1b[m\x1b[K\n'}
[15.281270] (phi_aria) StderrLine: {'line': b'\x1b[01m\x1b[K/usr/local/Aria/include/ArActionTriangleDriveTo.h:\x1b[m\x1b[K In member function \xe2\x80\x98\x1b[01m\x1b[Kvoid ArActionTriangleDriveTo::Data::\x1b[01;32m\x1b[KsetFinal\x1b[m\x1b[K(ArPose)\x1b[m\x1b[K\xe2\x80\x99:\n'}
[15.281338] (phi_aria) StderrLine: {'line': b'\x1b[01m\x1b[K/usr/local/Aria/include/ArActionTriangleDriveTo.h:194:64:\x1b[m\x1b[K \x1b[01;35m\x1b[Kwarning: \x1b[m\x1b[Kimplicitly-declared \xe2\x80\x98\x1b[01m\x1b[Kconstexpr ArPose& ArPose::\x1b[01;32m\x1b[Koperator=\x1b[m\x1b[K(const ArPose&)\x1b[m\x1b[K\xe2\x80\x99 is deprecated [\x1b[01;35m\x1b[K\x1b]8;;https://gcc.gnu.org/onlinedocs/gcc/Warning-Options.html#index-Wdeprecated-copy\x07-Wdeprecated-copy\x1b]8;;\x07\x1b[m\x1b[K]\n'}
[15.281408] (phi_aria) StderrLine: {'line': b'  194 |     void setFinal(ArPose final) { myFinalSet = true; myFinal = \x1b[01;35m\x1b[Kfinal\x1b[m\x1b[K; }\n'}
[15.281476] (phi_aria) StderrLine: {'line': b'      |                                                                \x1b[01;35m\x1b[K^~~~~\x1b[m\x1b[K\n'}
[15.281542] (phi_aria) StderrLine: {'line': b'\x1b[01m\x1b[K/usr/local/Aria/include/ariaUtil.h:676:3:\x1b[m\x1b[K \x1b[01;36m\x1b[Knote: \x1b[m\x1b[Kbecause \xe2\x80\x98\x1b[01m\x1b[KArPose\x1b[m\x1b[K\xe2\x80\x99 has user-provided \xe2\x80\x98\x1b[01m\x1b[KArPose::\x1b[01;32m\x1b[KArPose\x1b[m\x1b[K(const ArPose&)\x1b[m\x1b[K\xe2\x80\x99\n'}
[15.281615] (phi_aria) StderrLine: {'line': b'  676 |   \x1b[01;36m\x1b[KArPose\x1b[m\x1b[K(const ArPose &pose) :\n'}
[15.281682] (phi_aria) StderrLine: {'line': b'      |   \x1b[01;36m\x1b[K^~~~~~\x1b[m\x1b[K\n'}
[15.281782] (phi_aria) StderrLine: {'line': b'\x1b[01m\x1b[K/usr/local/Aria/include/ArActionTriangleDriveTo.h:\x1b[m\x1b[K In member function \xe2\x80\x98\x1b[01m\x1b[Kvoid ArActionTriangleDriveTo::Data::\x1b[01;32m\x1b[KsetApproach\x1b[m\x1b[K(ArPose)\x1b[m\x1b[K\xe2\x80\x99:\n'}
[15.281855] (phi_aria) StderrLine: {'line': b'\x1b[01m\x1b[K/usr/local/Aria/include/ArActionTriangleDriveTo.h:196:42:\x1b[m\x1b[K \x1b[01;35m\x1b[Kwarning: \x1b[m\x1b[Kimplicitly-declared \xe2\x80\x98\x1b[01m\x1b[Kconstexpr ArPose& ArPose::\x1b[01;32m\x1b[Koperator=\x1b[m\x1b[K(const ArPose&)\x1b[m\x1b[K\xe2\x80\x99 is deprecated [\x1b[01;35m\x1b[K\x1b]8;;https://gcc.gnu.org/onlinedocs/gcc/Warning-Options.html#index-Wdeprecated-copy\x07-Wdeprecated-copy\x1b]8;;\x07\x1b[m\x1b[K]\n'}
[15.281924] (phi_aria) StderrLine: {'line': b'  196 |     { myApproachSet = true; myApproach = \x1b[01;35m\x1b[Kapproach\x1b[m\x1b[K; }\n'}
[15.281989] (phi_aria) StderrLine: {'line': b'      |                                          \x1b[01;35m\x1b[K^~~~~~~~\x1b[m\x1b[K\n'}
[15.282101] (phi_aria) StderrLine: {'line': b'\x1b[01m\x1b[K/usr/local/Aria/include/ariaUtil.h:676:3:\x1b[m\x1b[K \x1b[01;36m\x1b[Knote: \x1b[m\x1b[Kbecause \xe2\x80\x98\x1b[01m\x1b[KArPose\x1b[m\x1b[K\xe2\x80\x99 has user-provided \xe2\x80\x98\x1b[01m\x1b[KArPose::\x1b[01;32m\x1b[KArPose\x1b[m\x1b[K(const ArPose&)\x1b[m\x1b[K\xe2\x80\x99\n'}
[15.282198] (phi_aria) StderrLine: {'line': b'  676 |   \x1b[01;36m\x1b[KArPose\x1b[m\x1b[K(const ArPose &pose) :\n'}
[15.282271] (phi_aria) StderrLine: {'line': b'      |   \x1b[01;36m\x1b[K^~~~~~\x1b[m\x1b[K\n'}
[15.339139] (-) TimerEvent: {}
[15.369566] (phi_aria) StderrLine: {'line': b'In file included from \x1b[01m\x1b[K/usr/local/Aria/include/ArDeviceConnection.h:31\x1b[m\x1b[K:\n'}
[15.369745] (phi_aria) StderrLine: {'line': b'\x1b[01m\x1b[K/usr/local/Aria/include/ArBasePacket.h:\x1b[m\x1b[K At global scope:\n'}
[15.369816] (phi_aria) StderrLine: {'line': b'\x1b[01m\x1b[K/usr/local/Aria/include/ArBasePacket.h:196:25:\x1b[m\x1b[K \x1b[01;35m\x1b[Kwarning: \x1b[m\x1b[K\xe2\x80\x98\x1b[01m\x1b[Kvirtual void ArBasePacket::\x1b[01;32m\x1b[KduplicatePacket\x1b[m\x1b[K(ArBasePacket*)\x1b[m\x1b[K\xe2\x80\x99 was hidden [\x1b[01;35m\x1b[K\x1b]8;;https://gcc.gnu.org/onlinedocs/gcc/Warning-Options.html#index-Woverloaded-virtual=\x07-Woverloaded-virtual=\x1b]8;;\x07\x1b[m\x1b[K]\n'}
[15.369913] (phi_aria) StderrLine: {'line': b'  196 |   AREXPORT virtual void \x1b[01;35m\x1b[KduplicatePacket\x1b[m\x1b[K(ArBasePacket *packet);\n'}
[15.369978] (phi_aria) StderrLine: {'line': b'      |                         \x1b[01;35m\x1b[K^~~~~~~~~~~~~~~\x1b[m\x1b[K\n'}
[15.370070] (phi_aria) StderrLine: {'line': b'In file included from \x1b[01m\x1b[K/usr/local/Aria/include/ArLMS2xx.h:30\x1b[m\x1b[K,\n'}
[15.370286] (phi_aria) StderrLine: {'line': b'                 from \x1b[01m\x1b[K/usr/local/Aria/include/ArSick.h:33\x1b[m\x1b[K,\n'}
[15.370352] (phi_aria) StderrLine: {'line': b'                 from \x1b[01m\x1b[K/usr/local/Aria/include/Aria.h:87\x1b[m\x1b[K:\n'}
[15.370411] (phi_aria) StderrLine: {'line': b'\x1b[01m\x1b[K/usr/local/Aria/include/ArLMS2xxPacket.h:78:25:\x1b[m\x1b[K \x1b[01;36m\x1b[Knote: \x1b[m\x1b[K  by \xe2\x80\x98\x1b[01m\x1b[Kvirtual void ArLMS2xxPacket::\x1b[01;32m\x1b[KduplicatePacket\x1b[m\x1b[K(ArLMS2xxPacket*)\x1b[m\x1b[K\xe2\x80\x99\n'}
[15.370470] (phi_aria) StderrLine: {'line': b'   78 |   AREXPORT virtual void \x1b[01;36m\x1b[KduplicatePacket\x1b[m\x1b[K(ArLMS2xxPacket *packet);\n'}
[15.370529] (phi_aria) StderrLine: {'line': b'      |                         \x1b[01;36m\x1b[K^~~~~~~~~~~~~~~\x1b[m\x1b[K\n'}
[15.444135] (-) TimerEvent: {}
[15.544426] (-) TimerEvent: {}
[15.644819] (-) TimerEvent: {}
[15.712437] (phi_aria) StderrLine: {'line': b'\x1b[01m\x1b[K/usr/local/Aria/include/ArSick.h:\x1b[m\x1b[K In member function \xe2\x80\x98\x1b[01m\x1b[Kvoid ArSick::\x1b[01;32m\x1b[KsetMinRange\x1b[m\x1b[K(unsigned int)\x1b[m\x1b[K\xe2\x80\x99:\n'}
[15.712609] (phi_aria) StderrLine: {'line': b'\x1b[01m\x1b[K/usr/local/Aria/include/ArSick.h:206:33:\x1b[m\x1b[K \x1b[01;35m\x1b[Kwarning: \x1b[m\x1b[Kunused parameter \xe2\x80\x98\x1b[01m\x1b[KminRange\x1b[m\x1b[K\xe2\x80\x99 [\x1b[01;35m\x1b[K\x1b]8;;https://gcc.gnu.org/onlinedocs/gcc/Warning-Options.html#index-Wunused-parameter\x07-Wunused-parameter\x1b]8;;\x07\x1b[m\x1b[K]\n'}
[15.712679] (phi_aria) StderrLine: {'line': b'  206 |   void setMinRange(\x1b[01;35m\x1b[Kunsigned int minRange\x1b[m\x1b[K) { }\n'}
[15.712741] (phi_aria) StderrLine: {'line': b'      |                    \x1b[01;35m\x1b[K~~~~~~~~~~~~~^~~~~~~~\x1b[m\x1b[K\n'}
[15.731717] (phi_aria) StderrLine: {'line': b'In file included from \x1b[01m\x1b[K/usr/local/Aria/include/Aria.h:47\x1b[m\x1b[K,\n'}
[15.731892] (phi_aria) StderrLine: {'line': b'                 from \x1b[01m\x1b[K/home/richard/ros2_ws/src/phi_aria/include/PhiROS2Aria.hpp:15\x1b[m\x1b[K,\n'}
[15.731962] (phi_aria) StderrLine: {'line': b'                 from \x1b[01m\x1b[K/home/richard/ros2_ws/src/phi_aria/src/PhiROS2Aria.cpp:1\x1b[m\x1b[K:\n'}
[15.732023] (phi_aria) StderrLine: {'line': b'\x1b[01m\x1b[K/usr/local/Aria/include/ArRobot.h:\x1b[m\x1b[K In member function \xe2\x80\x98\x1b[01m\x1b[Kvoid ArRobot::\x1b[01;32m\x1b[KsetDoNotSwitchBaud\x1b[m\x1b[K(bool)\x1b[m\x1b[K\xe2\x80\x99:\n'}
[15.732148] (phi_aria) StderrLine: {'line': b'\x1b[01m\x1b[K/usr/local/Aria/include/ArRobot.h:1075:41:\x1b[m\x1b[K \x1b[01;35m\x1b[Kwarning: \x1b[m\x1b[Kunused parameter \xe2\x80\x98\x1b[01m\x1b[KdoNotSwitchBaud\x1b[m\x1b[K\xe2\x80\x99 [\x1b[01;35m\x1b[K\x1b]8;;https://gcc.gnu.org/onlinedocs/gcc/Warning-Options.html#index-Wunused-parameter\x07-Wunused-parameter\x1b]8;;\x07\x1b[m\x1b[K]\n'}
[15.732256] (phi_aria) StderrLine: {'line': b' 1075 |   AREXPORT void setDoNotSwitchBaud(\x1b[01;35m\x1b[Kbool doNotSwitchBaud\x1b[m\x1b[K)\n'}
[15.732318] (phi_aria) StderrLine: {'line': b'      |                                    \x1b[01;35m\x1b[K~~~~~^~~~~~~~~~~~~~~\x1b[m\x1b[K\n'}
[15.744966] (-) TimerEvent: {}
[15.747136] (phi_aria) StderrLine: {'line': b'\x1b[01m\x1b[K/usr/local/Aria/include/ArBasePacket.h:\x1b[m\x1b[K At global scope:\n'}
[15.747350] (phi_aria) StderrLine: {'line': b'\x1b[01m\x1b[K/usr/local/Aria/include/ArBasePacket.h:109:25:\x1b[m\x1b[K \x1b[01;35m\x1b[Kwarning: \x1b[m\x1b[K\xe2\x80\x98\x1b[01m\x1b[Kvirtual void ArBasePacket::\x1b[01;32m\x1b[Kbyte2ToBuf\x1b[m\x1b[K(ArTypes::Byte2)\x1b[m\x1b[K\xe2\x80\x99 was hidden [\x1b[01;35m\x1b[K\x1b]8;;https://gcc.gnu.org/onlinedocs/gcc/Warning-Options.html#index-Woverloaded-virtual=\x07-Woverloaded-virtual=\x1b]8;;\x07\x1b[m\x1b[K]\n'}
[15.747452] (phi_aria) StderrLine: {'line': b'  109 |   AREXPORT virtual void \x1b[01;35m\x1b[Kbyte2ToBuf\x1b[m\x1b[K(ArTypes::Byte2 val);\n'}
[15.747522] (phi_aria) StderrLine: {'line': b'      |                         \x1b[01;35m\x1b[K^~~~~~~~~~\x1b[m\x1b[K\n'}
[15.747631] (phi_aria) StderrLine: {'line': b'In file included from \x1b[01m\x1b[K/usr/local/Aria/include/Aria.h:91\x1b[m\x1b[K:\n'}
[15.747705] (phi_aria) StderrLine: {'line': b'\x1b[01m\x1b[K/usr/local/Aria/include/ArDPPTU.h:84:25:\x1b[m\x1b[K \x1b[01;36m\x1b[Knote: \x1b[m\x1b[K  by \xe2\x80\x98\x1b[01m\x1b[Kvirtual void ArDPPTUPacket::\x1b[01;32m\x1b[Kbyte2ToBuf\x1b[m\x1b[K(int)\x1b[m\x1b[K\xe2\x80\x99\n'}
[15.747772] (phi_aria) StderrLine: {'line': b'   84 |   AREXPORT virtual void \x1b[01;36m\x1b[Kbyte2ToBuf\x1b[m\x1b[K(int val);\n'}
[15.747853] (phi_aria) StderrLine: {'line': b'      |                         \x1b[01;36m\x1b[K^~~~~~~~~~\x1b[m\x1b[K\n'}
[15.750493] (phi_aria) StderrLine: {'line': b'\x1b[01m\x1b[K/usr/local/Aria/include/ArBasePacket.h:109:25:\x1b[m\x1b[K \x1b[01;35m\x1b[Kwarning: \x1b[m\x1b[K\xe2\x80\x98\x1b[01m\x1b[Kvirtual void ArBasePacket::\x1b[01;32m\x1b[Kbyte2ToBuf\x1b[m\x1b[K(ArTypes::Byte2)\x1b[m\x1b[K\xe2\x80\x99 was hidden [\x1b[01;35m\x1b[K\x1b]8;;https://gcc.gnu.org/onlinedocs/gcc/Warning-Options.html#index-Woverloaded-virtual=\x07-Woverloaded-virtual=\x1b]8;;\x07\x1b[m\x1b[K]\n'}
[15.750716] (phi_aria) StderrLine: {'line': b'  109 |   AREXPORT virtual void \x1b[01;35m\x1b[Kbyte2ToBuf\x1b[m\x1b[K(ArTypes::Byte2 val);\n'}
[15.750793] (phi_aria) StderrLine: {'line': b'      |                         \x1b[01;35m\x1b[K^~~~~~~~~~\x1b[m\x1b[K\n'}
[15.751824] (phi_aria) StderrLine: {'line': b'In file included from \x1b[01m\x1b[K/usr/local/Aria/include/Aria.h:92\x1b[m\x1b[K:\n'}
[15.751952] (phi_aria) StderrLine: {'line': b'\x1b[01m\x1b[K/usr/local/Aria/include/ArVCC4.h:149:25:\x1b[m\x1b[K \x1b[01;36m\x1b[Knote: \x1b[m\x1b[K  by \xe2\x80\x98\x1b[01m\x1b[Kvirtual void ArVCC4Packet::\x1b[01;32m\x1b[Kbyte2ToBuf\x1b[m\x1b[K(ArTypes::Byte4)\x1b[m\x1b[K\xe2\x80\x99\n'}
[15.752036] (phi_aria) StderrLine: {'line': b'  149 |   AREXPORT virtual void \x1b[01;36m\x1b[Kbyte2ToBuf\x1b[m\x1b[K(ArTypes::Byte4 val);\n'}
[15.752186] (phi_aria) StderrLine: {'line': b'      |                         \x1b[01;36m\x1b[K^~~~~~~~~~\x1b[m\x1b[K\n'}
[15.849194] (-) TimerEvent: {}
[15.951828] (phi_aria) StderrLine: {'line': b'In file included from \x1b[01m\x1b[K/usr/local/Aria/include/ArMapInterface.h:82\x1b[m\x1b[K,\n'}
[15.952168] (-) TimerEvent: {}
[15.952347] (phi_aria) StderrLine: {'line': b'                 from \x1b[01m\x1b[K/usr/local/Aria/include/Aria.h:98\x1b[m\x1b[K:\n'}
[15.952449] (phi_aria) StderrLine: {'line': b'\x1b[01m\x1b[K/usr/local/Aria/include/ArMapObject.h:299:15:\x1b[m\x1b[K \x1b[01;35m\x1b[Kwarning: \x1b[m\x1b[K\xe2\x80\x98\x1b[01m\x1b[Ktemplate<class _Arg1, class _Arg2, class _Result> struct std::binary_function\x1b[m\x1b[K\xe2\x80\x99 is deprecated [\x1b[01;35m\x1b[K\x1b]8;;https://gcc.gnu.org/onlinedocs/gcc/Warning-Options.html#index-Wdeprecated-declarations\x07-Wdeprecated-declarations\x1b]8;;\x07\x1b[m\x1b[K]\n'}
[15.952538] (phi_aria) StderrLine: {'line': b'  299 |   public std::\x1b[01;35m\x1b[Kbinary_function\x1b[m\x1b[K<const ArMapObject *,\n'}
[15.952608] (phi_aria) StderrLine: {'line': b'      |               \x1b[01;35m\x1b[K^~~~~~~~~~~~~~~\x1b[m\x1b[K\n'}
[15.952675] (phi_aria) StderrLine: {'line': b'In file included from \x1b[01m\x1b[K/usr/include/c++/13/bits/unique_ptr.h:37\x1b[m\x1b[K,\n'}
[15.952742] (phi_aria) StderrLine: {'line': b'                 from \x1b[01m\x1b[K/usr/include/c++/13/memory:78\x1b[m\x1b[K,\n'}
[15.952807] (phi_aria) StderrLine: {'line': b'                 from \x1b[01m\x1b[K/opt/ros/jazzy/include/rclcpp/rclcpp/rclcpp.hpp:169\x1b[m\x1b[K,\n'}
[15.952874] (phi_aria) StderrLine: {'line': b'                 from \x1b[01m\x1b[K/home/richard/ros2_ws/src/phi_aria/include/PhiROS2Aria.hpp:4\x1b[m\x1b[K:\n'}
[15.952968] (phi_aria) StderrLine: {'line': b'\x1b[01m\x1b[K/usr/include/c++/13/bits/stl_function.h:131:12:\x1b[m\x1b[K \x1b[01;36m\x1b[Knote: \x1b[m\x1b[Kdeclared here\n'}
[15.953034] (phi_aria) StderrLine: {'line': b'  131 |     struct \x1b[01;36m\x1b[Kbinary_function\x1b[m\x1b[K\n'}
[15.953165] (phi_aria) StderrLine: {'line': b'      |            \x1b[01;36m\x1b[K^~~~~~~~~~~~~~~\x1b[m\x1b[K\n'}
[15.953241] (phi_aria) StderrLine: {'line': b'In file included from \x1b[01m\x1b[K/usr/local/Aria/include/ArMapInterface.h:83\x1b[m\x1b[K:\n'}
[15.953304] (phi_aria) StderrLine: {'line': b'\x1b[01m\x1b[K/usr/local/Aria/include/ArMapUtils.h:370:43:\x1b[m\x1b[K \x1b[01;35m\x1b[Kwarning: \x1b[m\x1b[K\xe2\x80\x98\x1b[01m\x1b[Ktemplate<class _Arg1, class _Arg2, class _Result> struct std::binary_function\x1b[m\x1b[K\xe2\x80\x99 is deprecated [\x1b[01;35m\x1b[K\x1b]8;;https://gcc.gnu.org/onlinedocs/gcc/Warning-Options.html#index-Wdeprecated-declarations\x07-Wdeprecated-declarations\x1b]8;;\x07\x1b[m\x1b[K]\n'}
[15.953369] (phi_aria) StderrLine: {'line': b'  370 | struct ArMapFileLineCompare : public std::\x1b[01;35m\x1b[Kbinary_function\x1b[m\x1b[K<const ArMapFileLine &, const ArMapFileLine &, bool>\n'}
[15.953433] (phi_aria) StderrLine: {'line': b'      |                                           \x1b[01;35m\x1b[K^~~~~~~~~~~~~~~\x1b[m\x1b[K\n'}
[15.953495] (phi_aria) StderrLine: {'line': b'\x1b[01m\x1b[K/usr/include/c++/13/bits/stl_function.h:131:12:\x1b[m\x1b[K \x1b[01;36m\x1b[Knote: \x1b[m\x1b[Kdeclared here\n'}
[15.953562] (phi_aria) StderrLine: {'line': b'  131 |     struct \x1b[01;36m\x1b[Kbinary_function\x1b[m\x1b[K\n'}
[15.953624] (phi_aria) StderrLine: {'line': b'      |            \x1b[01;36m\x1b[K^~~~~~~~~~~~~~~\x1b[m\x1b[K\n'}
[15.978257] (phi_aria) StderrLine: {'line': b'In file included from \x1b[01m\x1b[K/usr/local/Aria/include/ArActionColorFollow.h:33\x1b[m\x1b[K,\n'}
[15.978458] (phi_aria) StderrLine: {'line': b'                 from \x1b[01m\x1b[K/usr/local/Aria/include/ArActionGroups.h:30\x1b[m\x1b[K,\n'}
[15.978549] (phi_aria) StderrLine: {'line': b'                 from \x1b[01m\x1b[K/usr/local/Aria/include/Aria.h:57\x1b[m\x1b[K:\n'}
[15.978614] (phi_aria) StderrLine: {'line': b'\x1b[01m\x1b[K/usr/local/Aria/include/ArPTZ.h:\x1b[m\x1b[K In member function \xe2\x80\x98\x1b[01m\x1b[Kvirtual bool ArPTZ::\x1b[01;32m\x1b[Kzoom\x1b[m\x1b[K(int)\x1b[m\x1b[K\xe2\x80\x99:\n'}
[15.978677] (phi_aria) StderrLine: {'line': b'\x1b[01m\x1b[K/usr/local/Aria/include/ArPTZ.h:118:34:\x1b[m\x1b[K \x1b[01;35m\x1b[Kwarning: \x1b[m\x1b[Kunused parameter \xe2\x80\x98\x1b[01m\x1b[KzoomValue\x1b[m\x1b[K\xe2\x80\x99 [\x1b[01;35m\x1b[K\x1b]8;;https://gcc.gnu.org/onlinedocs/gcc/Warning-Options.html#index-Wunused-parameter\x07-Wunused-parameter\x1b]8;;\x07\x1b[m\x1b[K]\n'}
[15.978741] (phi_aria) StderrLine: {'line': b'  118 |   AREXPORT virtual bool zoom(\x1b[01;35m\x1b[Kint zoomValue\x1b[m\x1b[K) { return false; }\n'}
[15.978818] (phi_aria) StderrLine: {'line': b'      |                              \x1b[01;35m\x1b[K~~~~^~~~~~~~~\x1b[m\x1b[K\n'}
[15.978893] (phi_aria) StderrLine: {'line': b'\x1b[01m\x1b[K/usr/local/Aria/include/ArPTZ.h:\x1b[m\x1b[K In member function \xe2\x80\x98\x1b[01m\x1b[Kvirtual bool ArPTZ::\x1b[01;32m\x1b[KzoomRel\x1b[m\x1b[K(int)\x1b[m\x1b[K\xe2\x80\x99:\n'}
[15.978955] (phi_aria) StderrLine: {'line': b'\x1b[01m\x1b[K/usr/local/Aria/include/ArPTZ.h:120:37:\x1b[m\x1b[K \x1b[01;35m\x1b[Kwarning: \x1b[m\x1b[Kunused parameter \xe2\x80\x98\x1b[01m\x1b[KzoomValue\x1b[m\x1b[K\xe2\x80\x99 [\x1b[01;35m\x1b[K\x1b]8;;https://gcc.gnu.org/onlinedocs/gcc/Warning-Options.html#index-Wunused-parameter\x07-Wunused-parameter\x1b]8;;\x07\x1b[m\x1b[K]\n'}
[15.979016] (phi_aria) StderrLine: {'line': b'  120 |   AREXPORT virtual bool zoomRel(\x1b[01;35m\x1b[Kint zoomValue\x1b[m\x1b[K) { return false; }\n'}
[15.979125] (phi_aria) StderrLine: {'line': b'      |                                 \x1b[01;35m\x1b[K~~~~^~~~~~~~~\x1b[m\x1b[K\n'}
[15.979195] (phi_aria) StderrLine: {'line': b'\x1b[01m\x1b[K/usr/local/Aria/include/ArPTZ.h:\x1b[m\x1b[K In member function \xe2\x80\x98\x1b[01m\x1b[Kvirtual bool ArPTZ::\x1b[01;32m\x1b[KsetGain\x1b[m\x1b[K(double) const\x1b[m\x1b[K\xe2\x80\x99:\n'}
[15.979256] (phi_aria) StderrLine: {'line': b'\x1b[01m\x1b[K/usr/local/Aria/include/ArPTZ.h:166:40:\x1b[m\x1b[K \x1b[01;35m\x1b[Kwarning: \x1b[m\x1b[Kunused parameter \xe2\x80\x98\x1b[01m\x1b[Kgain\x1b[m\x1b[K\xe2\x80\x99 [\x1b[01;35m\x1b[K\x1b]8;;https://gcc.gnu.org/onlinedocs/gcc/Warning-Options.html#index-Wunused-parameter\x07-Wunused-parameter\x1b]8;;\x07\x1b[m\x1b[K]\n'}
[15.979323] (phi_aria) StderrLine: {'line': b'  166 |   AREXPORT virtual bool setGain(\x1b[01;35m\x1b[Kdouble gain\x1b[m\x1b[K) const { return false; }\n'}
[15.979388] (phi_aria) StderrLine: {'line': b'      |                                 \x1b[01;35m\x1b[K~~~~~~~^~~~\x1b[m\x1b[K\n'}
[15.979446] (phi_aria) StderrLine: {'line': b'\x1b[01m\x1b[K/usr/local/Aria/include/ArPTZ.h:\x1b[m\x1b[K In member function \xe2\x80\x98\x1b[01m\x1b[Kvirtual double ArPTZ::\x1b[01;32m\x1b[KgetGain\x1b[m\x1b[K(double) const\x1b[m\x1b[K\xe2\x80\x99:\n'}
[15.979506] (phi_aria) StderrLine: {'line': b'\x1b[01m\x1b[K/usr/local/Aria/include/ArPTZ.h:168:42:\x1b[m\x1b[K \x1b[01;35m\x1b[Kwarning: \x1b[m\x1b[Kunused parameter \xe2\x80\x98\x1b[01m\x1b[Kgain\x1b[m\x1b[K\xe2\x80\x99 [\x1b[01;35m\x1b[K\x1b]8;;https://gcc.gnu.org/onlinedocs/gcc/Warning-Options.html#index-Wunused-parameter\x07-Wunused-parameter\x1b]8;;\x07\x1b[m\x1b[K]\n'}
[15.979571] (phi_aria) StderrLine: {'line': b'  168 |   AREXPORT virtual double getGain(\x1b[01;35m\x1b[Kdouble gain\x1b[m\x1b[K) const { return 0; }\n'}
[15.979630] (phi_aria) StderrLine: {'line': b'      |                                   \x1b[01;35m\x1b[K~~~~~~~^~~~\x1b[m\x1b[K\n'}
[15.979688] (phi_aria) StderrLine: {'line': b'\x1b[01m\x1b[K/usr/local/Aria/include/ArPTZ.h:\x1b[m\x1b[K In member function \xe2\x80\x98\x1b[01m\x1b[Kvirtual bool ArPTZ::\x1b[01;32m\x1b[KsetFocus\x1b[m\x1b[K(double) const\x1b[m\x1b[K\xe2\x80\x99:\n'}
[15.979746] (phi_aria) StderrLine: {'line': b'\x1b[01m\x1b[K/usr/local/Aria/include/ArPTZ.h:174:41:\x1b[m\x1b[K \x1b[01;35m\x1b[Kwarning: \x1b[m\x1b[Kunused parameter \xe2\x80\x98\x1b[01m\x1b[Kfocus\x1b[m\x1b[K\xe2\x80\x99 [\x1b[01;35m\x1b[K\x1b]8;;https://gcc.gnu.org/onlinedocs/gcc/Warning-Options.html#index-Wunused-parameter\x07-Wunused-parameter\x1b]8;;\x07\x1b[m\x1b[K]\n'}
[15.979842] (phi_aria) StderrLine: {'line': b'  174 |   AREXPORT virtual bool setFocus(\x1b[01;35m\x1b[Kdouble focus\x1b[m\x1b[K) const { return false; }\n'}
[15.979905] (phi_aria) StderrLine: {'line': b'      |                                  \x1b[01;35m\x1b[K~~~~~~~^~~~~\x1b[m\x1b[K\n'}
[15.979964] (phi_aria) StderrLine: {'line': b'\x1b[01m\x1b[K/usr/local/Aria/include/ArPTZ.h:\x1b[m\x1b[K In member function \xe2\x80\x98\x1b[01m\x1b[Kvirtual double ArPTZ::\x1b[01;32m\x1b[KgetFocus\x1b[m\x1b[K(double) const\x1b[m\x1b[K\xe2\x80\x99:\n'}
[15.980024] (phi_aria) StderrLine: {'line': b'\x1b[01m\x1b[K/usr/local/Aria/include/ArPTZ.h:176:43:\x1b[m\x1b[K \x1b[01;35m\x1b[Kwarning: \x1b[m\x1b[Kunused parameter \xe2\x80\x98\x1b[01m\x1b[Kfocus\x1b[m\x1b[K\xe2\x80\x99 [\x1b[01;35m\x1b[K\x1b]8;;https://gcc.gnu.org/onlinedocs/gcc/Warning-Options.html#index-Wunused-parameter\x07-Wunused-parameter\x1b]8;;\x07\x1b[m\x1b[K]\n'}
[15.980161] (phi_aria) StderrLine: {'line': b'  176 |   AREXPORT virtual double getFocus(\x1b[01;35m\x1b[Kdouble focus\x1b[m\x1b[K) const { return 0; }\n'}
[15.980226] (phi_aria) StderrLine: {'line': b'      |                                    \x1b[01;35m\x1b[K~~~~~~~^~~~~\x1b[m\x1b[K\n'}
[15.980285] (phi_aria) StderrLine: {'line': b'\x1b[01m\x1b[K/usr/local/Aria/include/ArPTZ.h:\x1b[m\x1b[K In member function \xe2\x80\x98\x1b[01m\x1b[Kvirtual bool ArPTZ::\x1b[01;32m\x1b[KpacketHandler\x1b[m\x1b[K(ArBasePacket*)\x1b[m\x1b[K\xe2\x80\x99:\n'}
[15.980345] (phi_aria) StderrLine: {'line': b'\x1b[01m\x1b[K/usr/local/Aria/include/ArPTZ.h:215:53:\x1b[m\x1b[K \x1b[01;35m\x1b[Kwarning: \x1b[m\x1b[Kunused parameter \xe2\x80\x98\x1b[01m\x1b[Kpacket\x1b[m\x1b[K\xe2\x80\x99 [\x1b[01;35m\x1b[K\x1b]8;;https://gcc.gnu.org/onlinedocs/gcc/Warning-Options.html#index-Wunused-parameter\x07-Wunused-parameter\x1b]8;;\x07\x1b[m\x1b[K]\n'}
[15.980412] (phi_aria) StderrLine: {'line': b'  215 |   AREXPORT virtual bool packetHandler(\x1b[01;35m\x1b[KArBasePacket *packet\x1b[m\x1b[K) { return false; }\n'}
[15.980473] (phi_aria) StderrLine: {'line': b'      |                                       \x1b[01;35m\x1b[K~~~~~~~~~~~~~~^~~~~~\x1b[m\x1b[K\n'}
[15.993278] (phi_aria) StderrLine: {'line': b'\x1b[01m\x1b[K/usr/local/Aria/include/ArMapUtils.h:453:48:\x1b[m\x1b[K \x1b[01;35m\x1b[Kwarning: \x1b[m\x1b[K\xe2\x80\x98\x1b[01m\x1b[Ktemplate<class _Arg1, class _Arg2, class _Result> struct std::binary_function\x1b[m\x1b[K\xe2\x80\x99 is deprecated [\x1b[01;35m\x1b[K\x1b]8;;https://gcc.gnu.org/onlinedocs/gcc/Warning-Options.html#index-Wdeprecated-declarations\x07-Wdeprecated-declarations\x1b]8;;\x07\x1b[m\x1b[K]\n'}
[15.994766] (phi_aria) StderrLine: {'line': b'  453 | struct ArMapFileLineGroupCompare : public std::\x1b[01;35m\x1b[Kbinary_function\x1b[m\x1b[K<const ArMapFileLineGroup &,\n'}
[15.994845] (phi_aria) StderrLine: {'line': b'      |                                                \x1b[01;35m\x1b[K^~~~~~~~~~~~~~~\x1b[m\x1b[K\n'}
[15.995738] (phi_aria) StderrLine: {'line': b'\x1b[01m\x1b[K/usr/include/c++/13/bits/stl_function.h:131:12:\x1b[m\x1b[K \x1b[01;36m\x1b[Knote: \x1b[m\x1b[Kdeclared here\n'}
[15.995814] (phi_aria) StderrLine: {'line': b'  131 |     struct \x1b[01;36m\x1b[Kbinary_function\x1b[m\x1b[K\n'}
[15.995876] (phi_aria) StderrLine: {'line': b'      |            \x1b[01;36m\x1b[K^~~~~~~~~~~~~~~\x1b[m\x1b[K\n'}
[15.995936] (phi_aria) StderrLine: {'line': b'\x1b[01m\x1b[K/usr/local/Aria/include/ArMapUtils.h:471:31:\x1b[m\x1b[K \x1b[01;35m\x1b[Kwarning: \x1b[m\x1b[K\xe2\x80\x98\x1b[01m\x1b[Ktemplate<class _Arg1, class _Arg2, class _Result> struct std::binary_function\x1b[m\x1b[K\xe2\x80\x99 is deprecated [\x1b[01;35m\x1b[K\x1b]8;;https://gcc.gnu.org/onlinedocs/gcc/Warning-Options.html#index-Wdeprecated-declarations\x07-Wdeprecated-declarations\x1b]8;;\x07\x1b[m\x1b[K]\n'}
[15.995999] (phi_aria) StderrLine: {'line': b'  471 |                   public std::\x1b[01;35m\x1b[Kbinary_function\x1b[m\x1b[K<const ArMapFileLineGroup &,\n'}
[15.997194] (phi_aria) StderrLine: {'line': b'      |                               \x1b[01;35m\x1b[K^~~~~~~~~~~~~~~\x1b[m\x1b[K\n'}
[15.997312] (phi_aria) StderrLine: {'line': b'\x1b[01m\x1b[K/usr/include/c++/13/bits/stl_function.h:131:12:\x1b[m\x1b[K \x1b[01;36m\x1b[Knote: \x1b[m\x1b[Kdeclared here\n'}
[15.997380] (phi_aria) StderrLine: {'line': b'  131 |     struct \x1b[01;36m\x1b[Kbinary_function\x1b[m\x1b[K\n'}
[15.997484] (phi_aria) StderrLine: {'line': b'      |            \x1b[01;36m\x1b[K^~~~~~~~~~~~~~~\x1b[m\x1b[K\n'}
[16.063759] (phi_aria) StderrLine: {'line': b'In file included from \x1b[01m\x1b[K/usr/local/Aria/include/Aria.h:72\x1b[m\x1b[K:\n'}
[16.064004] (-) TimerEvent: {}
[16.064180] (phi_aria) StderrLine: {'line': b'\x1b[01m\x1b[K/usr/local/Aria/include/ArActionTriangleDriveTo.h:\x1b[m\x1b[K In member function \xe2\x80\x98\x1b[01m\x1b[Kvoid ArActionTriangleDriveTo::Data::\x1b[01;32m\x1b[KsetLinesAndVertex\x1b[m\x1b[K(std::map<int, ArLineFinderSegment*>*, ArPose)\x1b[m\x1b[K\xe2\x80\x99:\n'}
[16.064285] (phi_aria) StderrLine: {'line': b'\x1b[01m\x1b[K/usr/local/Aria/include/ArActionTriangleDriveTo.h:191:18:\x1b[m\x1b[K \x1b[01;35m\x1b[Kwarning: \x1b[m\x1b[Kimplicitly-declared \xe2\x80\x98\x1b[01m\x1b[Kconstexpr ArPose& ArPose::\x1b[01;32m\x1b[Koperator=\x1b[m\x1b[K(const ArPose&)\x1b[m\x1b[K\xe2\x80\x99 is deprecated [\x1b[01;35m\x1b[K\x1b]8;;https://gcc.gnu.org/onlinedocs/gcc/Warning-Options.html#index-Wdeprecated-copy\x07-Wdeprecated-copy\x1b]8;;\x07\x1b[m\x1b[K]\n'}
[16.064359] (phi_aria) StderrLine: {'line': b'  191 |       myVertex = \x1b[01;35m\x1b[Kvertex\x1b[m\x1b[K;\n'}
[16.064424] (phi_aria) StderrLine: {'line': b'      |                  \x1b[01;35m\x1b[K^~~~~~\x1b[m\x1b[K\n'}
[16.064493] (phi_aria) StderrLine: {'line': b'In file included from \x1b[01m\x1b[K/usr/local/Aria/include/ArDeviceConnection.h:30\x1b[m\x1b[K,\n'}
[16.064557] (phi_aria) StderrLine: {'line': b'                 from \x1b[01m\x1b[K/usr/local/Aria/include/ArSerialConnection.h:30\x1b[m\x1b[K,\n'}
[16.064673] (phi_aria) StderrLine: {'line': b'                 from \x1b[01m\x1b[K/usr/local/Aria/include/Aria.h:30\x1b[m\x1b[K:\n'}
[16.064744] (phi_aria) StderrLine: {'line': b'\x1b[01m\x1b[K/usr/local/Aria/include/ariaUtil.h:676:3:\x1b[m\x1b[K \x1b[01;36m\x1b[Knote: \x1b[m\x1b[Kbecause \xe2\x80\x98\x1b[01m\x1b[KArPose\x1b[m\x1b[K\xe2\x80\x99 has user-provided \xe2\x80\x98\x1b[01m\x1b[KArPose::\x1b[01;32m\x1b[KArPose\x1b[m\x1b[K(const ArPose&)\x1b[m\x1b[K\xe2\x80\x99\n'}
[16.064811] (phi_aria) StderrLine: {'line': b'  676 |   \x1b[01;36m\x1b[KArPose\x1b[m\x1b[K(const ArPose &pose) :\n'}
[16.064873] (phi_aria) StderrLine: {'line': b'      |   \x1b[01;36m\x1b[K^~~~~~\x1b[m\x1b[K\n'}
[16.064957] (phi_aria) StderrLine: {'line': b'\x1b[01m\x1b[K/usr/local/Aria/include/ArActionTriangleDriveTo.h:\x1b[m\x1b[K In member function \xe2\x80\x98\x1b[01m\x1b[Kvoid ArActionTriangleDriveTo::Data::\x1b[01;32m\x1b[KsetFinal\x1b[m\x1b[K(ArPose)\x1b[m\x1b[K\xe2\x80\x99:\n'}
[16.065021] (phi_aria) StderrLine: {'line': b'\x1b[01m\x1b[K/usr/local/Aria/include/ArActionTriangleDriveTo.h:194:64:\x1b[m\x1b[K \x1b[01;35m\x1b[Kwarning: \x1b[m\x1b[Kimplicitly-declared \xe2\x80\x98\x1b[01m\x1b[Kconstexpr ArPose& ArPose::\x1b[01;32m\x1b[Koperator=\x1b[m\x1b[K(const ArPose&)\x1b[m\x1b[K\xe2\x80\x99 is deprecated [\x1b[01;35m\x1b[K\x1b]8;;https://gcc.gnu.org/onlinedocs/gcc/Warning-Options.html#index-Wdeprecated-copy\x07-Wdeprecated-copy\x1b]8;;\x07\x1b[m\x1b[K]\n'}
[16.065085] (phi_aria) StderrLine: {'line': b'  194 |     void setFinal(ArPose final) { myFinalSet = true; myFinal = \x1b[01;35m\x1b[Kfinal\x1b[m\x1b[K; }\n'}
[16.065146] (phi_aria) StderrLine: {'line': b'      |                                                                \x1b[01;35m\x1b[K^~~~~\x1b[m\x1b[K\n'}
[16.065208] (phi_aria) StderrLine: {'line': b'\x1b[01m\x1b[K/usr/local/Aria/include/ariaUtil.h:676:3:\x1b[m\x1b[K \x1b[01;36m\x1b[Knote: \x1b[m\x1b[Kbecause \xe2\x80\x98\x1b[01m\x1b[KArPose\x1b[m\x1b[K\xe2\x80\x99 has user-provided \xe2\x80\x98\x1b[01m\x1b[KArPose::\x1b[01;32m\x1b[KArPose\x1b[m\x1b[K(const ArPose&)\x1b[m\x1b[K\xe2\x80\x99\n'}
[16.065301] (phi_aria) StderrLine: {'line': b'  676 |   \x1b[01;36m\x1b[KArPose\x1b[m\x1b[K(const ArPose &pose) :\n'}
[16.065377] (phi_aria) StderrLine: {'line': b'      |   \x1b[01;36m\x1b[K^~~~~~\x1b[m\x1b[K\n'}
[16.065438] (phi_aria) StderrLine: {'line': b'\x1b[01m\x1b[K/usr/local/Aria/include/ArActionTriangleDriveTo.h:\x1b[m\x1b[K In member function \xe2\x80\x98\x1b[01m\x1b[Kvoid ArActionTriangleDriveTo::Data::\x1b[01;32m\x1b[KsetApproach\x1b[m\x1b[K(ArPose)\x1b[m\x1b[K\xe2\x80\x99:\n'}
[16.065499] (phi_aria) StderrLine: {'line': b'\x1b[01m\x1b[K/usr/local/Aria/include/ArActionTriangleDriveTo.h:196:42:\x1b[m\x1b[K \x1b[01;35m\x1b[Kwarning: \x1b[m\x1b[Kimplicitly-declared \xe2\x80\x98\x1b[01m\x1b[Kconstexpr ArPose& ArPose::\x1b[01;32m\x1b[Koperator=\x1b[m\x1b[K(const ArPose&)\x1b[m\x1b[K\xe2\x80\x99 is deprecated [\x1b[01;35m\x1b[K\x1b]8;;https://gcc.gnu.org/onlinedocs/gcc/Warning-Options.html#index-Wdeprecated-copy\x07-Wdeprecated-copy\x1b]8;;\x07\x1b[m\x1b[K]\n'}
[16.065569] (phi_aria) StderrLine: {'line': b'  196 |     { myApproachSet = true; myApproach = \x1b[01;35m\x1b[Kapproach\x1b[m\x1b[K; }\n'}
[16.065632] (phi_aria) StderrLine: {'line': b'      |                                          \x1b[01;35m\x1b[K^~~~~~~~\x1b[m\x1b[K\n'}
[16.065691] (phi_aria) StderrLine: {'line': b'\x1b[01m\x1b[K/usr/local/Aria/include/ariaUtil.h:676:3:\x1b[m\x1b[K \x1b[01;36m\x1b[Knote: \x1b[m\x1b[Kbecause \xe2\x80\x98\x1b[01m\x1b[KArPose\x1b[m\x1b[K\xe2\x80\x99 has user-provided \xe2\x80\x98\x1b[01m\x1b[KArPose::\x1b[01;32m\x1b[KArPose\x1b[m\x1b[K(const ArPose&)\x1b[m\x1b[K\xe2\x80\x99\n'}
[16.065751] (phi_aria) StderrLine: {'line': b'  676 |   \x1b[01;36m\x1b[KArPose\x1b[m\x1b[K(const ArPose &pose) :\n'}
[16.065811] (phi_aria) StderrLine: {'line': b'      |   \x1b[01;36m\x1b[K^~~~~~\x1b[m\x1b[K\n'}
[16.164138] (-) TimerEvent: {}
[16.165096] (phi_aria) StderrLine: {'line': b'In file included from \x1b[01m\x1b[K/usr/local/Aria/include/ArDeviceConnection.h:31\x1b[m\x1b[K:\n'}
[16.165283] (phi_aria) StderrLine: {'line': b'\x1b[01m\x1b[K/usr/local/Aria/include/ArBasePacket.h:\x1b[m\x1b[K At global scope:\n'}
[16.165359] (phi_aria) StderrLine: {'line': b'\x1b[01m\x1b[K/usr/local/Aria/include/ArBasePacket.h:196:25:\x1b[m\x1b[K \x1b[01;35m\x1b[Kwarning: \x1b[m\x1b[K\xe2\x80\x98\x1b[01m\x1b[Kvirtual void ArBasePacket::\x1b[01;32m\x1b[KduplicatePacket\x1b[m\x1b[K(ArBasePacket*)\x1b[m\x1b[K\xe2\x80\x99 was hidden [\x1b[01;35m\x1b[K\x1b]8;;https://gcc.gnu.org/onlinedocs/gcc/Warning-Options.html#index-Woverloaded-virtual=\x07-Woverloaded-virtual=\x1b]8;;\x07\x1b[m\x1b[K]\n'}
[16.165498] (phi_aria) StderrLine: {'line': b'  196 |   AREXPORT virtual void \x1b[01;35m\x1b[KduplicatePacket\x1b[m\x1b[K(ArBasePacket *packet);\n'}
[16.165580] (phi_aria) StderrLine: {'line': b'      |                         \x1b[01;35m\x1b[K^~~~~~~~~~~~~~~\x1b[m\x1b[K\n'}
[16.165697] (phi_aria) StderrLine: {'line': b'In file included from \x1b[01m\x1b[K/usr/local/Aria/include/ArLMS2xx.h:30\x1b[m\x1b[K,\n'}
[16.165769] (phi_aria) StderrLine: {'line': b'                 from \x1b[01m\x1b[K/usr/local/Aria/include/ArSick.h:33\x1b[m\x1b[K,\n'}
[16.165830] (phi_aria) StderrLine: {'line': b'                 from \x1b[01m\x1b[K/usr/local/Aria/include/Aria.h:87\x1b[m\x1b[K:\n'}
[16.165939] (phi_aria) StderrLine: {'line': b'\x1b[01m\x1b[K/usr/local/Aria/include/ArLMS2xxPacket.h:78:25:\x1b[m\x1b[K \x1b[01;36m\x1b[Knote: \x1b[m\x1b[K  by \xe2\x80\x98\x1b[01m\x1b[Kvirtual void ArLMS2xxPacket::\x1b[01;32m\x1b[KduplicatePacket\x1b[m\x1b[K(ArLMS2xxPacket*)\x1b[m\x1b[K\xe2\x80\x99\n'}
[16.166048] (phi_aria) StderrLine: {'line': b'   78 |   AREXPORT virtual void \x1b[01;36m\x1b[KduplicatePacket\x1b[m\x1b[K(ArLMS2xxPacket *packet);\n'}
[16.166212] (phi_aria) StderrLine: {'line': b'      |                         \x1b[01;36m\x1b[K^~~~~~~~~~~~~~~\x1b[m\x1b[K\n'}
[16.264518] (-) TimerEvent: {}
[16.343292] (phi_aria) StderrLine: {'line': b'In file included from \x1b[01m\x1b[K/usr/local/Aria/include/Aria.h:116\x1b[m\x1b[K:\n'}
[16.370405] (-) TimerEvent: {}
[16.370563] (phi_aria) StderrLine: {'line': b'\x1b[01m\x1b[K/usr/local/Aria/include/ArActionMovementParameters.h:\x1b[m\x1b[K In member function \xe2\x80\x98\x1b[01m\x1b[Kvoid ArActionMovementParameters::\x1b[01;32m\x1b[KenableOnceFromSector\x1b[m\x1b[K(ArMapObject*)\x1b[m\x1b[K\xe2\x80\x99:\n'}
[16.370657] (phi_aria) StderrLine: {'line': b'\x1b[01m\x1b[K/usr/local/Aria/include/ArActionMovementParameters.h:53:51:\x1b[m\x1b[K \x1b[01;35m\x1b[Kwarning: \x1b[m\x1b[Kunused parameter \xe2\x80\x98\x1b[01m\x1b[KmapObject\x1b[m\x1b[K\xe2\x80\x99 [\x1b[01;35m\x1b[K\x1b]8;;https://gcc.gnu.org/onlinedocs/gcc/Warning-Options.html#index-Wunused-parameter\x07-Wunused-parameter\x1b]8;;\x07\x1b[m\x1b[K]\n'}
[16.370741] (phi_aria) StderrLine: {'line': b'   53 |   AREXPORT void enableOnceFromSector(\x1b[01;35m\x1b[KArMapObject *mapObject\x1b[m\x1b[K)\n'}
[16.370821] (phi_aria) StderrLine: {'line': b'      |                                      \x1b[01;35m\x1b[K~~~~~~~~~~~~~^~~~~~~~~\x1b[m\x1b[K\n'}
[16.470677] (-) TimerEvent: {}
[16.514846] (phi_aria) StderrLine: {'line': b'\x1b[01m\x1b[K/usr/local/Aria/include/ArSick.h:\x1b[m\x1b[K In member function \xe2\x80\x98\x1b[01m\x1b[Kvoid ArSick::\x1b[01;32m\x1b[KsetMinRange\x1b[m\x1b[K(unsigned int)\x1b[m\x1b[K\xe2\x80\x99:\n'}
[16.525075] (phi_aria) StderrLine: {'line': b'\x1b[01m\x1b[K/usr/local/Aria/include/ArSick.h:206:33:\x1b[m\x1b[K \x1b[01;35m\x1b[Kwarning: \x1b[m\x1b[Kunused parameter \xe2\x80\x98\x1b[01m\x1b[KminRange\x1b[m\x1b[K\xe2\x80\x99 [\x1b[01;35m\x1b[K\x1b]8;;https://gcc.gnu.org/onlinedocs/gcc/Warning-Options.html#index-Wunused-parameter\x07-Wunused-parameter\x1b]8;;\x07\x1b[m\x1b[K]\n'}
[16.525259] (phi_aria) StderrLine: {'line': b'  206 |   void setMinRange(\x1b[01;35m\x1b[Kunsigned int minRange\x1b[m\x1b[K) { }\n'}
[16.525331] (phi_aria) StderrLine: {'line': b'      |                    \x1b[01;35m\x1b[K~~~~~~~~~~~~~^~~~~~~~\x1b[m\x1b[K\n'}
[16.570814] (-) TimerEvent: {}
[16.577485] (phi_aria) StderrLine: {'line': b'In file included from \x1b[01m\x1b[K/usr/local/Aria/include/Aria.h:128\x1b[m\x1b[K:\n'}
[16.577834] (phi_aria) StderrLine: {'line': b'\x1b[01m\x1b[K/usr/local/Aria/include/ArLaserFilter.h:\x1b[m\x1b[K In member function \xe2\x80\x98\x1b[01m\x1b[Kvirtual void* ArLaserFilter::\x1b[01;32m\x1b[KrunThread\x1b[m\x1b[K(void*)\x1b[m\x1b[K\xe2\x80\x99:\n'}
[16.577918] (phi_aria) StderrLine: {'line': b'\x1b[01m\x1b[K/usr/local/Aria/include/ArLaserFilter.h:71:42:\x1b[m\x1b[K \x1b[01;35m\x1b[Kwarning: \x1b[m\x1b[Kunused parameter \xe2\x80\x98\x1b[01m\x1b[Karg\x1b[m\x1b[K\xe2\x80\x99 [\x1b[01;35m\x1b[K\x1b]8;;https://gcc.gnu.org/onlinedocs/gcc/Warning-Options.html#index-Wunused-parameter\x07-Wunused-parameter\x1b]8;;\x07\x1b[m\x1b[K]\n'}
[16.577987] (phi_aria) StderrLine: {'line': b'   71 |   AREXPORT virtual void *runThread(\x1b[01;35m\x1b[Kvoid *arg\x1b[m\x1b[K) { return NULL; }\n'}
[16.578050] (phi_aria) StderrLine: {'line': b'      |                                    \x1b[01;35m\x1b[K~~~~~~^~~\x1b[m\x1b[K\n'}
[16.581474] (phi_aria) StderrLine: {'line': b'\x1b[01m\x1b[K/usr/local/Aria/include/ArBasePacket.h:\x1b[m\x1b[K At global scope:\n'}
[16.581708] (phi_aria) StderrLine: {'line': b'\x1b[01m\x1b[K/usr/local/Aria/include/ArBasePacket.h:109:25:\x1b[m\x1b[K \x1b[01;35m\x1b[Kwarning: \x1b[m\x1b[K\xe2\x80\x98\x1b[01m\x1b[Kvirtual void ArBasePacket::\x1b[01;32m\x1b[Kbyte2ToBuf\x1b[m\x1b[K(ArTypes::Byte2)\x1b[m\x1b[K\xe2\x80\x99 was hidden [\x1b[01;35m\x1b[K\x1b]8;;https://gcc.gnu.org/onlinedocs/gcc/Warning-Options.html#index-Woverloaded-virtual=\x07-Woverloaded-virtual=\x1b]8;;\x07\x1b[m\x1b[K]\n'}
[16.581812] (phi_aria) StderrLine: {'line': b'  109 |   AREXPORT virtual void \x1b[01;35m\x1b[Kbyte2ToBuf\x1b[m\x1b[K(ArTypes::Byte2 val);\n'}
[16.581952] (phi_aria) StderrLine: {'line': b'      |                         \x1b[01;35m\x1b[K^~~~~~~~~~\x1b[m\x1b[K\n'}
[16.582019] (phi_aria) StderrLine: {'line': b'In file included from \x1b[01m\x1b[K/usr/local/Aria/include/Aria.h:91\x1b[m\x1b[K:\n'}
[16.582126] (phi_aria) StderrLine: {'line': b'\x1b[01m\x1b[K/usr/local/Aria/include/ArDPPTU.h:84:25:\x1b[m\x1b[K \x1b[01;36m\x1b[Knote: \x1b[m\x1b[K  by \xe2\x80\x98\x1b[01m\x1b[Kvirtual void ArDPPTUPacket::\x1b[01;32m\x1b[Kbyte2ToBuf\x1b[m\x1b[K(int)\x1b[m\x1b[K\xe2\x80\x99\n'}
[16.582225] (phi_aria) StderrLine: {'line': b'   84 |   AREXPORT virtual void \x1b[01;36m\x1b[Kbyte2ToBuf\x1b[m\x1b[K(int val);\n'}
[16.582289] (phi_aria) StderrLine: {'line': b'      |                         \x1b[01;36m\x1b[K^~~~~~~~~~\x1b[m\x1b[K\n'}
[16.622408] (phi_aria) StderrLine: {'line': b'\x1b[01m\x1b[K/usr/local/Aria/include/ArBasePacket.h:109:25:\x1b[m\x1b[K \x1b[01;35m\x1b[Kwarning: \x1b[m\x1b[K\xe2\x80\x98\x1b[01m\x1b[Kvirtual void ArBasePacket::\x1b[01;32m\x1b[Kbyte2ToBuf\x1b[m\x1b[K(ArTypes::Byte2)\x1b[m\x1b[K\xe2\x80\x99 was hidden [\x1b[01;35m\x1b[K\x1b]8;;https://gcc.gnu.org/onlinedocs/gcc/Warning-Options.html#index-Woverloaded-virtual=\x07-Woverloaded-virtual=\x1b]8;;\x07\x1b[m\x1b[K]\n'}
[16.622599] (phi_aria) StderrLine: {'line': b'  109 |   AREXPORT virtual void \x1b[01;35m\x1b[Kbyte2ToBuf\x1b[m\x1b[K(ArTypes::Byte2 val);\n'}
[16.622673] (phi_aria) StderrLine: {'line': b'      |                         \x1b[01;35m\x1b[K^~~~~~~~~~\x1b[m\x1b[K\n'}
[16.622736] (phi_aria) StderrLine: {'line': b'In file included from \x1b[01m\x1b[K/usr/local/Aria/include/Aria.h:92\x1b[m\x1b[K:\n'}
[16.622797] (phi_aria) StderrLine: {'line': b'\x1b[01m\x1b[K/usr/local/Aria/include/ArVCC4.h:149:25:\x1b[m\x1b[K \x1b[01;36m\x1b[Knote: \x1b[m\x1b[K  by \xe2\x80\x98\x1b[01m\x1b[Kvirtual void ArVCC4Packet::\x1b[01;32m\x1b[Kbyte2ToBuf\x1b[m\x1b[K(ArTypes::Byte4)\x1b[m\x1b[K\xe2\x80\x99\n'}
[16.622859] (phi_aria) StderrLine: {'line': b'  149 |   AREXPORT virtual void \x1b[01;36m\x1b[Kbyte2ToBuf\x1b[m\x1b[K(ArTypes::Byte4 val);\n'}
[16.622920] (phi_aria) StderrLine: {'line': b'      |                         \x1b[01;36m\x1b[K^~~~~~~~~~\x1b[m\x1b[K\n'}
[16.664833] (turtlesim) StdoutLine: {'line': b'[ 65%] \x1b[32mBuilding CXX object CMakeFiles/turtlesim__rosidl_typesupport_introspection_cpp.dir/rosidl_typesupport_introspection_cpp/turtlesim/srv/detail/teleport_relative__type_support.cpp.o\x1b[0m\n'}
[16.678260] (-) TimerEvent: {}
[16.778954] (-) TimerEvent: {}
[16.784544] (phi_aria) StderrLine: {'line': b'In file included from \x1b[01m\x1b[K/usr/local/Aria/include/ArMapInterface.h:82\x1b[m\x1b[K,\n'}
[16.784745] (phi_aria) StderrLine: {'line': b'                 from \x1b[01m\x1b[K/usr/local/Aria/include/Aria.h:98\x1b[m\x1b[K:\n'}
[16.784836] (phi_aria) StderrLine: {'line': b'\x1b[01m\x1b[K/usr/local/Aria/include/ArMapObject.h:299:15:\x1b[m\x1b[K \x1b[01;35m\x1b[Kwarning: \x1b[m\x1b[K\xe2\x80\x98\x1b[01m\x1b[Ktemplate<class _Arg1, class _Arg2, class _Result> struct std::binary_function\x1b[m\x1b[K\xe2\x80\x99 is deprecated [\x1b[01;35m\x1b[K\x1b]8;;https://gcc.gnu.org/onlinedocs/gcc/Warning-Options.html#index-Wdeprecated-declarations\x07-Wdeprecated-declarations\x1b]8;;\x07\x1b[m\x1b[K]\n'}
[16.784934] (phi_aria) StderrLine: {'line': b'  299 |   public std::\x1b[01;35m\x1b[Kbinary_function\x1b[m\x1b[K<const ArMapObject *,\n'}
[16.785003] (phi_aria) StderrLine: {'line': b'      |               \x1b[01;35m\x1b[K^~~~~~~~~~~~~~~\x1b[m\x1b[K\n'}
[16.785073] (phi_aria) StderrLine: {'line': b'In file included from \x1b[01m\x1b[K/usr/include/c++/13/bits/unique_ptr.h:37\x1b[m\x1b[K,\n'}
[16.785226] (phi_aria) StderrLine: {'line': b'                 from \x1b[01m\x1b[K/usr/include/c++/13/memory:78\x1b[m\x1b[K,\n'}
[16.785388] (phi_aria) StderrLine: {'line': b'                 from \x1b[01m\x1b[K/opt/ros/jazzy/include/rclcpp/rclcpp/rclcpp.hpp:169\x1b[m\x1b[K,\n'}
[16.785482] (phi_aria) StderrLine: {'line': b'                 from \x1b[01m\x1b[K/home/richard/ros2_ws/src/phi_aria/include/PhiROS2Aria.hpp:4\x1b[m\x1b[K:\n'}
[16.788240] (phi_aria) StderrLine: {'line': b'\x1b[01m\x1b[K/usr/include/c++/13/bits/stl_function.h:131:12:\x1b[m\x1b[K \x1b[01;36m\x1b[Knote: \x1b[m\x1b[Kdeclared here\n'}
[16.788393] (phi_aria) StderrLine: {'line': b'  131 |     struct \x1b[01;36m\x1b[Kbinary_function\x1b[m\x1b[K\n'}
[16.788468] (phi_aria) StderrLine: {'line': b'      |            \x1b[01;36m\x1b[K^~~~~~~~~~~~~~~\x1b[m\x1b[K\n'}
[16.788537] (phi_aria) StderrLine: {'line': b'In file included from \x1b[01m\x1b[K/usr/local/Aria/include/ArMapInterface.h:83\x1b[m\x1b[K:\n'}
[16.788605] (phi_aria) StderrLine: {'line': b'\x1b[01m\x1b[K/usr/local/Aria/include/ArMapUtils.h:370:43:\x1b[m\x1b[K \x1b[01;35m\x1b[Kwarning: \x1b[m\x1b[K\xe2\x80\x98\x1b[01m\x1b[Ktemplate<class _Arg1, class _Arg2, class _Result> struct std::binary_function\x1b[m\x1b[K\xe2\x80\x99 is deprecated [\x1b[01;35m\x1b[K\x1b]8;;https://gcc.gnu.org/onlinedocs/gcc/Warning-Options.html#index-Wdeprecated-declarations\x07-Wdeprecated-declarations\x1b]8;;\x07\x1b[m\x1b[K]\n'}
[16.795679] (phi_aria) StderrLine: {'line': b'  370 | struct ArMapFileLineCompare : public std::\x1b[01;35m\x1b[Kbinary_function\x1b[m\x1b[K<const ArMapFileLine &, const ArMapFileLine &, bool>\n'}
[16.795958] (phi_aria) StderrLine: {'line': b'      |                                           \x1b[01;35m\x1b[K^~~~~~~~~~~~~~~\x1b[m\x1b[K\n'}
[16.796101] (phi_aria) StderrLine: {'line': b'\x1b[01m\x1b[K/usr/include/c++/13/bits/stl_function.h:131:12:\x1b[m\x1b[K \x1b[01;36m\x1b[Knote: \x1b[m\x1b[Kdeclared here\n'}
[16.796178] (phi_aria) StderrLine: {'line': b'  131 |     struct \x1b[01;36m\x1b[Kbinary_function\x1b[m\x1b[K\n'}
[16.796248] (phi_aria) StderrLine: {'line': b'      |            \x1b[01;36m\x1b[K^~~~~~~~~~~~~~~\x1b[m\x1b[K\n'}
[16.804207] (phi_aria) StderrLine: {'line': b'\x1b[01m\x1b[K/usr/local/Aria/include/ArMapUtils.h:453:48:\x1b[m\x1b[K \x1b[01;35m\x1b[Kwarning: \x1b[m\x1b[K\xe2\x80\x98\x1b[01m\x1b[Ktemplate<class _Arg1, class _Arg2, class _Result> struct std::binary_function\x1b[m\x1b[K\xe2\x80\x99 is deprecated [\x1b[01;35m\x1b[K\x1b]8;;https://gcc.gnu.org/onlinedocs/gcc/Warning-Options.html#index-Wdeprecated-declarations\x07-Wdeprecated-declarations\x1b]8;;\x07\x1b[m\x1b[K]\n'}
[16.804389] (phi_aria) StderrLine: {'line': b'  453 | struct ArMapFileLineGroupCompare : public std::\x1b[01;35m\x1b[Kbinary_function\x1b[m\x1b[K<const ArMapFileLineGroup &,\n'}
[16.804465] (phi_aria) StderrLine: {'line': b'      |                                                \x1b[01;35m\x1b[K^~~~~~~~~~~~~~~\x1b[m\x1b[K\n'}
[16.804535] (phi_aria) StderrLine: {'line': b'\x1b[01m\x1b[K/usr/include/c++/13/bits/stl_function.h:131:12:\x1b[m\x1b[K \x1b[01;36m\x1b[Knote: \x1b[m\x1b[Kdeclared here\n'}
[16.804602] (phi_aria) StderrLine: {'line': b'  131 |     struct \x1b[01;36m\x1b[Kbinary_function\x1b[m\x1b[K\n'}
[16.804667] (phi_aria) StderrLine: {'line': b'      |            \x1b[01;36m\x1b[K^~~~~~~~~~~~~~~\x1b[m\x1b[K\n'}
[16.809617] (phi_aria) StderrLine: {'line': b'\x1b[01m\x1b[K/usr/local/Aria/include/ArMapUtils.h:471:31:\x1b[m\x1b[K \x1b[01;35m\x1b[Kwarning: \x1b[m\x1b[K\xe2\x80\x98\x1b[01m\x1b[Ktemplate<class _Arg1, class _Arg2, class _Result> struct std::binary_function\x1b[m\x1b[K\xe2\x80\x99 is deprecated [\x1b[01;35m\x1b[K\x1b]8;;https://gcc.gnu.org/onlinedocs/gcc/Warning-Options.html#index-Wdeprecated-declarations\x07-Wdeprecated-declarations\x1b]8;;\x07\x1b[m\x1b[K]\n'}
[16.809804] (phi_aria) StderrLine: {'line': b'  471 |                   public std::\x1b[01;35m\x1b[Kbinary_function\x1b[m\x1b[K<const ArMapFileLineGroup &,\n'}
[16.809909] (phi_aria) StderrLine: {'line': b'      |                               \x1b[01;35m\x1b[K^~~~~~~~~~~~~~~\x1b[m\x1b[K\n'}
[16.809981] (phi_aria) StderrLine: {'line': b'\x1b[01m\x1b[K/usr/include/c++/13/bits/stl_function.h:131:12:\x1b[m\x1b[K \x1b[01;36m\x1b[Knote: \x1b[m\x1b[Kdeclared here\n'}
[16.810052] (phi_aria) StderrLine: {'line': b'  131 |     struct \x1b[01;36m\x1b[Kbinary_function\x1b[m\x1b[K\n'}
[16.810196] (phi_aria) StderrLine: {'line': b'      |            \x1b[01;36m\x1b[K^~~~~~~~~~~~~~~\x1b[m\x1b[K\n'}
[16.846714] (turtlesim) StdoutLine: {'line': b'[ 66%] \x1b[32mBuilding CXX object CMakeFiles/turtlesim__rosidl_typesupport_fastrtps_cpp.dir/rosidl_typesupport_fastrtps_cpp/turtlesim/srv/detail/dds_fastrtps/spawn__type_support.cpp.o\x1b[0m\n'}
[16.883246] (-) TimerEvent: {}
[16.983623] (-) TimerEvent: {}
[17.044122] (phi_aria) StderrLine: {'line': b'In file included from \x1b[01m\x1b[K/usr/local/Aria/include/Aria.h:116\x1b[m\x1b[K:\n'}
[17.044602] (phi_aria) StderrLine: {'line': b'\x1b[01m\x1b[K/usr/local/Aria/include/ArActionMovementParameters.h:\x1b[m\x1b[K In member function \xe2\x80\x98\x1b[01m\x1b[Kvoid ArActionMovementParameters::\x1b[01;32m\x1b[KenableOnceFromSector\x1b[m\x1b[K(ArMapObject*)\x1b[m\x1b[K\xe2\x80\x99:\n'}
[17.044690] (phi_aria) StderrLine: {'line': b'\x1b[01m\x1b[K/usr/local/Aria/include/ArActionMovementParameters.h:53:51:\x1b[m\x1b[K \x1b[01;35m\x1b[Kwarning: \x1b[m\x1b[Kunused parameter \xe2\x80\x98\x1b[01m\x1b[KmapObject\x1b[m\x1b[K\xe2\x80\x99 [\x1b[01;35m\x1b[K\x1b]8;;https://gcc.gnu.org/onlinedocs/gcc/Warning-Options.html#index-Wunused-parameter\x07-Wunused-parameter\x1b]8;;\x07\x1b[m\x1b[K]\n'}
[17.044768] (phi_aria) StderrLine: {'line': b'   53 |   AREXPORT void enableOnceFromSector(\x1b[01;35m\x1b[KArMapObject *mapObject\x1b[m\x1b[K)\n'}
[17.044833] (phi_aria) StderrLine: {'line': b'      |                                      \x1b[01;35m\x1b[K~~~~~~~~~~~~~^~~~~~~~~\x1b[m\x1b[K\n'}
[17.063616] (turtlesim) StdoutLine: {'line': b'[ 67%] \x1b[32mBuilding CXX object CMakeFiles/turtlesim__rosidl_typesupport_fastrtps_c.dir/rosidl_typesupport_fastrtps_c/turtlesim/srv/detail/teleport_absolute__type_support_c.cpp.o\x1b[0m\n'}
[17.085203] (-) TimerEvent: {}
[17.093805] (turtlesim) StdoutLine: {'line': b'[ 68%] \x1b[32m\x1b[1mLinking CXX shared library libturtlesim__rosidl_typesupport_cpp.so\x1b[0m\n'}
[17.142309] (phi_aria) StderrLine: {'line': b'In file included from \x1b[01m\x1b[K/usr/local/Aria/include/Aria.h:128\x1b[m\x1b[K:\n'}
[17.142600] (phi_aria) StderrLine: {'line': b'\x1b[01m\x1b[K/usr/local/Aria/include/ArLaserFilter.h:\x1b[m\x1b[K In member function \xe2\x80\x98\x1b[01m\x1b[Kvirtual void* ArLaserFilter::\x1b[01;32m\x1b[KrunThread\x1b[m\x1b[K(void*)\x1b[m\x1b[K\xe2\x80\x99:\n'}
[17.142696] (phi_aria) StderrLine: {'line': b'\x1b[01m\x1b[K/usr/local/Aria/include/ArLaserFilter.h:71:42:\x1b[m\x1b[K \x1b[01;35m\x1b[Kwarning: \x1b[m\x1b[Kunused parameter \xe2\x80\x98\x1b[01m\x1b[Karg\x1b[m\x1b[K\xe2\x80\x99 [\x1b[01;35m\x1b[K\x1b]8;;https://gcc.gnu.org/onlinedocs/gcc/Warning-Options.html#index-Wunused-parameter\x07-Wunused-parameter\x1b]8;;\x07\x1b[m\x1b[K]\n'}
[17.142775] (phi_aria) StderrLine: {'line': b'   71 |   AREXPORT virtual void *runThread(\x1b[01;35m\x1b[Kvoid *arg\x1b[m\x1b[K) { return NULL; }\n'}
[17.142897] (phi_aria) StderrLine: {'line': b'      |                                    \x1b[01;35m\x1b[K~~~~~~^~~\x1b[m\x1b[K\n'}
[17.185357] (-) TimerEvent: {}
[17.285707] (-) TimerEvent: {}
[17.308971] (phi_aria) StderrLine: {'line': b'\x1b[01m\x1b[K/home/richard/ros2_ws/src/phi_aria/include/PhiROS2Aria.hpp:\x1b[m\x1b[K In constructor \xe2\x80\x98\x1b[01m\x1b[KPhiROS2Aria::\x1b[01;32m\x1b[KPhiROS2Aria\x1b[m\x1b[K()\x1b[m\x1b[K\xe2\x80\x99:\n'}
[17.309378] (phi_aria) StderrLine: {'line': b'\x1b[01m\x1b[K/home/richard/ros2_ws/src/phi_aria/include/PhiROS2Aria.hpp:67:10:\x1b[m\x1b[K \x1b[01;35m\x1b[Kwarning: \x1b[m\x1b[K\xe2\x80\x98\x1b[01m\x1b[KPhiROS2Aria::publish_sonar\x1b[m\x1b[K\xe2\x80\x99 will be initialized after [\x1b[01;35m\x1b[K\x1b]8;;https://gcc.gnu.org/onlinedocs/gcc/Warning-Options.html#index-Wreorder\x07-Wreorder\x1b]8;;\x07\x1b[m\x1b[K]\n'}
[17.309482] (phi_aria) StderrLine: {'line': b'   67 |     bool \x1b[01;35m\x1b[Kpublish_sonar\x1b[m\x1b[K;\n'}
[17.310314] (phi_aria) StderrLine: {'line': b'      |          \x1b[01;35m\x1b[K^~~~~~~~~~~~~\x1b[m\x1b[K\n'}
[17.310407] (phi_aria) StderrLine: {'line': b'\x1b[01m\x1b[K/home/richard/ros2_ws/src/phi_aria/include/PhiROS2Aria.hpp:63:10:\x1b[m\x1b[K \x1b[01;35m\x1b[Kwarning: \x1b[m\x1b[K  \xe2\x80\x98\x1b[01m\x1b[Kbool PhiROS2Aria::publish_aria_lasers\x1b[m\x1b[K\xe2\x80\x99 [\x1b[01;35m\x1b[K\x1b]8;;https://gcc.gnu.org/onlinedocs/gcc/Warning-Options.html#index-Wreorder\x07-Wreorder\x1b]8;;\x07\x1b[m\x1b[K]\n'}
[17.310481] (phi_aria) StderrLine: {'line': b'   63 |     bool \x1b[01;35m\x1b[Kpublish_aria_lasers\x1b[m\x1b[K;\n'}
[17.310546] (phi_aria) StderrLine: {'line': b'      |          \x1b[01;35m\x1b[K^~~~~~~~~~~~~~~~~~~\x1b[m\x1b[K\n'}
[17.310609] (phi_aria) StderrLine: {'line': b'\x1b[01m\x1b[K/home/richard/ros2_ws/src/phi_aria/src/PhiROS2Aria.cpp:5:1:\x1b[m\x1b[K \x1b[01;35m\x1b[Kwarning: \x1b[m\x1b[K  when initialized here [\x1b[01;35m\x1b[K\x1b]8;;https://gcc.gnu.org/onlinedocs/gcc/Warning-Options.html#index-Wreorder\x07-Wreorder\x1b]8;;\x07\x1b[m\x1b[K]\n'}
[17.310697] (phi_aria) StderrLine: {'line': b'    5 | \x1b[01;35m\x1b[KPhiROS2Aria\x1b[m\x1b[K::PhiROS2Aria() : Node("phi_aria_p3dx"),\n'}
[17.310773] (phi_aria) StderrLine: {'line': b'      | \x1b[01;35m\x1b[K^~~~~~~~~~~\x1b[m\x1b[K\n'}
[17.310836] (phi_aria) StderrLine: {'line': b'\x1b[01m\x1b[K/home/richard/ros2_ws/src/phi_aria/include/PhiROS2Aria.hpp:63:10:\x1b[m\x1b[K \x1b[01;35m\x1b[Kwarning: \x1b[m\x1b[K\xe2\x80\x98\x1b[01m\x1b[KPhiROS2Aria::publish_aria_lasers\x1b[m\x1b[K\xe2\x80\x99 will be initialized after [\x1b[01;35m\x1b[K\x1b]8;;https://gcc.gnu.org/onlinedocs/gcc/Warning-Options.html#index-Wreorder\x07-Wreorder\x1b]8;;\x07\x1b[m\x1b[K]\n'}
[17.310910] (phi_aria) StderrLine: {'line': b'   63 |     bool \x1b[01;35m\x1b[Kpublish_aria_lasers\x1b[m\x1b[K;\n'}
[17.310973] (phi_aria) StderrLine: {'line': b'      |          \x1b[01;35m\x1b[K^~~~~~~~~~~~~~~~~~~\x1b[m\x1b[K\n'}
[17.311035] (phi_aria) StderrLine: {'line': b'\x1b[01m\x1b[K/home/richard/ros2_ws/src/phi_aria/include/PhiROS2Aria.hpp:50:29:\x1b[m\x1b[K \x1b[01;35m\x1b[Kwarning: \x1b[m\x1b[K  \xe2\x80\x98\x1b[01m\x1b[KArFunctorC<PhiROS2Aria> PhiROS2Aria::myPublishCB\x1b[m\x1b[K\xe2\x80\x99 [\x1b[01;35m\x1b[K\x1b]8;;https://gcc.gnu.org/onlinedocs/gcc/Warning-Options.html#index-Wreorder\x07-Wreorder\x1b]8;;\x07\x1b[m\x1b[K]\n'}
[17.314199] (phi_aria) StderrLine: {'line': b'   50 |     ArFunctorC<PhiROS2Aria> \x1b[01;35m\x1b[KmyPublishCB\x1b[m\x1b[K;\n'}
[17.314304] (phi_aria) StderrLine: {'line': b'      |                             \x1b[01;35m\x1b[K^~~~~~~~~~~\x1b[m\x1b[K\n'}
[17.314373] (phi_aria) StderrLine: {'line': b'\x1b[01m\x1b[K/home/richard/ros2_ws/src/phi_aria/src/PhiROS2Aria.cpp:5:1:\x1b[m\x1b[K \x1b[01;35m\x1b[Kwarning: \x1b[m\x1b[K  when initialized here [\x1b[01;35m\x1b[K\x1b]8;;https://gcc.gnu.org/onlinedocs/gcc/Warning-Options.html#index-Wreorder\x07-Wreorder\x1b]8;;\x07\x1b[m\x1b[K]\n'}
[17.314441] (phi_aria) StderrLine: {'line': b'    5 | \x1b[01;35m\x1b[KPhiROS2Aria\x1b[m\x1b[K::PhiROS2Aria() : Node("phi_aria_p3dx"),\n'}
[17.314507] (phi_aria) StderrLine: {'line': b'      | \x1b[01;35m\x1b[K^~~~~~~~~~~\x1b[m\x1b[K\n'}
[17.379758] (phi_aria) StderrLine: {'line': b'\x1b[01m\x1b[K/home/richard/ros2_ws/src/phi_aria/src/PhiROS2Aria.cpp:\x1b[m\x1b[K In member function \xe2\x80\x98\x1b[01m\x1b[Kvoid PhiROS2Aria::\x1b[01;32m\x1b[Kpublish\x1b[m\x1b[K()\x1b[m\x1b[K\xe2\x80\x99:\n'}
[17.379956] (phi_aria) StderrLine: {'line': b'\x1b[01m\x1b[K/home/richard/ros2_ws/src/phi_aria/src/PhiROS2Aria.cpp:249:22:\x1b[m\x1b[K \x1b[01;35m\x1b[Kwarning: \x1b[m\x1b[Kcomparison of integer expressions of different signedness: \xe2\x80\x98\x1b[01m\x1b[Kint\x1b[m\x1b[K\xe2\x80\x99 and \xe2\x80\x98\x1b[01m\x1b[Kstd::__cxx11::list<ArSensorReading*>::size_type\x1b[m\x1b[K\xe2\x80\x99 {aka \xe2\x80\x98\x1b[01m\x1b[Klong unsigned int\x1b[m\x1b[K\xe2\x80\x99} [\x1b[01;35m\x1b[K\x1b]8;;https://gcc.gnu.org/onlinedocs/gcc/Warning-Options.html#index-Wsign-compare\x07-Wsign-compare\x1b]8;;\x07\x1b[m\x1b[K]\n'}
[17.380035] (phi_aria) StderrLine: {'line': b'  249 |         for(int i=0;\x1b[01;35m\x1b[Ki<readings->size()/2\x1b[m\x1b[K;i++)\n'}
[17.380152] (phi_aria) StderrLine: {'line': b'      |                     \x1b[01;35m\x1b[K~^~~~~~~~~~~~~~~~~~~\x1b[m\x1b[K\n'}
[17.380217] (phi_aria) StderrLine: {'line': b'\x1b[01m\x1b[K/home/richard/ros2_ws/src/phi_aria/src/PhiROS2Aria.cpp:251:41:\x1b[m\x1b[K \x1b[01;35m\x1b[Kwarning: \x1b[m\x1b[Kimplicitly-declared \xe2\x80\x98\x1b[01m\x1b[Kconstexpr ArPose& ArPose::\x1b[01;32m\x1b[Koperator=\x1b[m\x1b[K(const ArPose&)\x1b[m\x1b[K\xe2\x80\x99 is deprecated [\x1b[01;35m\x1b[K\x1b]8;;https://gcc.gnu.org/onlinedocs/gcc/Warning-Options.html#index-Wdeprecated-copy\x07-Wdeprecated-copy\x1b]8;;\x07\x1b[m\x1b[K]\n'}
[17.380289] (phi_aria) StderrLine: {'line': b'  251 |         poseTaken = (*it)->getPoseTaken(\x1b[01;35m\x1b[K)\x1b[m\x1b[K;\n'}
[17.380346] (phi_aria) StderrLine: {'line': b'      |                                         \x1b[01;35m\x1b[K^\x1b[m\x1b[K\n'}
[17.380402] (phi_aria) StderrLine: {'line': b'\x1b[01m\x1b[K/usr/local/Aria/include/ariaUtil.h:676:3:\x1b[m\x1b[K \x1b[01;36m\x1b[Knote: \x1b[m\x1b[Kbecause \xe2\x80\x98\x1b[01m\x1b[KArPose\x1b[m\x1b[K\xe2\x80\x99 has user-provided \xe2\x80\x98\x1b[01m\x1b[KArPose::\x1b[01;32m\x1b[KArPose\x1b[m\x1b[K(const ArPose&)\x1b[m\x1b[K\xe2\x80\x99\n'}
[17.380467] (phi_aria) StderrLine: {'line': b'  676 |   \x1b[01;36m\x1b[KArPose\x1b[m\x1b[K(const ArPose &pose) :\n'}
[17.380528] (phi_aria) StderrLine: {'line': b'      |   \x1b[01;36m\x1b[K^~~~~~\x1b[m\x1b[K\n'}
[17.387190] (-) TimerEvent: {}
[17.410726] (phi_aria) StderrLine: {'line': b'\x1b[01m\x1b[K/home/richard/ros2_ws/src/phi_aria/src/PhiROS2Aria.cpp:\x1b[m\x1b[K In static member function \xe2\x80\x98\x1b[01m\x1b[Kstatic bool PhiROS2Aria::\x1b[01;32m\x1b[KsimStatPacketHandler\x1b[m\x1b[K(ArRobotPacket*)\x1b[m\x1b[K\xe2\x80\x99:\n'}
[17.411826] (phi_aria) StderrLine: {'line': b'\x1b[01m\x1b[K/home/richard/ros2_ws/src/phi_aria/src/PhiROS2Aria.cpp:575:14:\x1b[m\x1b[K \x1b[01;35m\x1b[Kwarning: \x1b[m\x1b[Kunused variable \xe2\x80\x98\x1b[01m\x1b[Ka\x1b[m\x1b[K\xe2\x80\x99 [\x1b[01;35m\x1b[K\x1b]8;;https://gcc.gnu.org/onlinedocs/gcc/Warning-Options.html#index-Wunused-variable\x07-Wunused-variable\x1b]8;;\x07\x1b[m\x1b[K]\n'}
[17.411918] (phi_aria) StderrLine: {'line': b'  575 |         char \x1b[01;35m\x1b[Ka\x1b[m\x1b[K = packet->bufToByte(); // unused byte\n'}
[17.411985] (phi_aria) StderrLine: {'line': b'      |              \x1b[01;35m\x1b[K^\x1b[m\x1b[K\n'}
[17.412119] (phi_aria) StderrLine: {'line': b'\x1b[01m\x1b[K/home/richard/ros2_ws/src/phi_aria/src/PhiROS2Aria.cpp:576:14:\x1b[m\x1b[K \x1b[01;35m\x1b[Kwarning: \x1b[m\x1b[Kunused variable \xe2\x80\x98\x1b[01m\x1b[Kb\x1b[m\x1b[K\xe2\x80\x99 [\x1b[01;35m\x1b[K\x1b]8;;https://gcc.gnu.org/onlinedocs/gcc/Warning-Options.html#index-Wunused-variable\x07-Wunused-variable\x1b]8;;\x07\x1b[m\x1b[K]\n'}
[17.412197] (phi_aria) StderrLine: {'line': b'  576 |         char \x1b[01;35m\x1b[Kb\x1b[m\x1b[K = packet->bufToByte(); // unused byte\n'}
[17.412260] (phi_aria) StderrLine: {'line': b'      |              \x1b[01;35m\x1b[K^\x1b[m\x1b[K\n'}
[17.412321] (phi_aria) StderrLine: {'line': b'\x1b[01m\x1b[K/home/richard/ros2_ws/src/phi_aria/src/PhiROS2Aria.cpp:580:13:\x1b[m\x1b[K \x1b[01;35m\x1b[Kwarning: \x1b[m\x1b[Kunused variable \xe2\x80\x98\x1b[01m\x1b[Ksimint\x1b[m\x1b[K\xe2\x80\x99 [\x1b[01;35m\x1b[K\x1b]8;;https://gcc.gnu.org/onlinedocs/gcc/Warning-Options.html#index-Wunused-variable\x07-Wunused-variable\x1b]8;;\x07\x1b[m\x1b[K]\n'}
[17.412384] (phi_aria) StderrLine: {'line': b'  580 |         int \x1b[01;35m\x1b[Ksimint\x1b[m\x1b[K = packet->bufToUByte2();\n'}
[17.412444] (phi_aria) StderrLine: {'line': b'      |             \x1b[01;35m\x1b[K^~~~~~\x1b[m\x1b[K\n'}
[17.412503] (phi_aria) StderrLine: {'line': b'\x1b[01m\x1b[K/home/richard/ros2_ws/src/phi_aria/src/PhiROS2Aria.cpp:581:13:\x1b[m\x1b[K \x1b[01;35m\x1b[Kwarning: \x1b[m\x1b[Kunused variable \xe2\x80\x98\x1b[01m\x1b[Krealint\x1b[m\x1b[K\xe2\x80\x99 [\x1b[01;35m\x1b[K\x1b]8;;https://gcc.gnu.org/onlinedocs/gcc/Warning-Options.html#index-Wunused-variable\x07-Wunused-variable\x1b]8;;\x07\x1b[m\x1b[K]\n'}
[17.412565] (phi_aria) StderrLine: {'line': b'  581 |         int \x1b[01;35m\x1b[Krealint\x1b[m\x1b[K = packet->bufToUByte2();\n'}
[17.412626] (phi_aria) StderrLine: {'line': b'      |             \x1b[01;35m\x1b[K^~~~~~~\x1b[m\x1b[K\n'}
[17.412687] (phi_aria) StderrLine: {'line': b'\x1b[01m\x1b[K/home/richard/ros2_ws/src/phi_aria/src/PhiROS2Aria.cpp:582:13:\x1b[m\x1b[K \x1b[01;35m\x1b[Kwarning: \x1b[m\x1b[Kunused variable \xe2\x80\x98\x1b[01m\x1b[Klastint\x1b[m\x1b[K\xe2\x80\x99 [\x1b[01;35m\x1b[K\x1b]8;;https://gcc.gnu.org/onlinedocs/gcc/Warning-Options.html#index-Wunused-variable\x07-Wunused-variable\x1b]8;;\x07\x1b[m\x1b[K]\n'}
[17.412749] (phi_aria) StderrLine: {'line': b'  582 |         int \x1b[01;35m\x1b[Klastint\x1b[m\x1b[K = packet->bufToUByte2();\n'}
[17.412808] (phi_aria) StderrLine: {'line': b'      |             \x1b[01;35m\x1b[K^~~~~~~\x1b[m\x1b[K\n'}
[17.412867] (phi_aria) StderrLine: {'line': b'\x1b[01m\x1b[K/home/richard/ros2_ws/src/phi_aria/src/PhiROS2Aria.cpp:587:13:\x1b[m\x1b[K \x1b[01;35m\x1b[Kwarning: \x1b[m\x1b[Kunused variable \xe2\x80\x98\x1b[01m\x1b[KrealZ\x1b[m\x1b[K\xe2\x80\x99 [\x1b[01;35m\x1b[K\x1b]8;;https://gcc.gnu.org/onlinedocs/gcc/Warning-Options.html#index-Wunused-variable\x07-Wunused-variable\x1b]8;;\x07\x1b[m\x1b[K]\n'}
[17.412937] (phi_aria) StderrLine: {'line': b'  587 |         int \x1b[01;35m\x1b[KrealZ\x1b[m\x1b[K = packet->bufToByte4();\n'}
[17.413036] (phi_aria) StderrLine: {'line': b'      |             \x1b[01;35m\x1b[K^~~~~\x1b[m\x1b[K\n'}
[17.420141] (phi_aria) StderrLine: {'line': b'\x1b[01m\x1b[K/home/richard/ros2_ws/src/phi_aria/src/PhiROS2Aria.cpp:620:23:\x1b[m\x1b[K \x1b[01;35m\x1b[Kwarning: \x1b[m\x1b[Kunused variable \xe2\x80\x98\x1b[01m\x1b[Kuser\x1b[m\x1b[K\xe2\x80\x99 [\x1b[01;35m\x1b[K\x1b]8;;https://gcc.gnu.org/onlinedocs/gcc/Warning-Options.html#index-Wunused-variable\x07-Wunused-variable\x1b]8;;\x07\x1b[m\x1b[K]\n'}
[17.420305] (phi_aria) StderrLine: {'line': b'  620 |         unsigned char \x1b[01;35m\x1b[Kuser\x1b[m\x1b[K = packet->bufToUByte(); // unused byte\n'}
[17.420383] (phi_aria) StderrLine: {'line': b'      |                       \x1b[01;35m\x1b[K^~~~\x1b[m\x1b[K\n'}
[17.420452] (phi_aria) StderrLine: {'line': b'\x1b[01m\x1b[K/home/richard/ros2_ws/src/phi_aria/src/PhiROS2Aria.cpp:622:23:\x1b[m\x1b[K \x1b[01;35m\x1b[Kwarning: \x1b[m\x1b[Kunused variable \xe2\x80\x98\x1b[01m\x1b[Kloaded\x1b[m\x1b[K\xe2\x80\x99 [\x1b[01;35m\x1b[K\x1b]8;;https://gcc.gnu.org/onlinedocs/gcc/Warning-Options.html#index-Wunused-variable\x07-Wunused-variable\x1b]8;;\x07\x1b[m\x1b[K]\n'}
[17.420524] (phi_aria) StderrLine: {'line': b'  622 |         unsigned char \x1b[01;35m\x1b[Kloaded\x1b[m\x1b[K = packet->bufToUByte(); // unused byte\n'}
[17.420590] (phi_aria) StderrLine: {'line': b'      |                       \x1b[01;35m\x1b[K^~~~~~\x1b[m\x1b[K\n'}
[17.481799] (turtlesim) StdoutLine: {'line': b'[ 69%] Built target turtlesim__rosidl_typesupport_cpp\n'}
[17.489138] (-) TimerEvent: {}
[17.501704] (turtlesim) StdoutLine: {'line': b'[ 70%] \x1b[32mBuilding CXX object CMakeFiles/turtlesim__rosidl_typesupport_fastrtps_cpp.dir/rosidl_typesupport_fastrtps_cpp/turtlesim/srv/detail/dds_fastrtps/teleport_absolute__type_support.cpp.o\x1b[0m\n'}
[17.526969] (tp1) StdoutLine: {'line': b'[ 50%] \x1b[32m\x1b[1mLinking CXX executable navigation\x1b[0m\n'}
[17.593235] (-) TimerEvent: {}
[17.694252] (-) TimerEvent: {}
[17.778838] (turtlesim) StdoutLine: {'line': b'[ 71%] \x1b[32m\x1b[1mLinking CXX shared library libturtlesim__rosidl_typesupport_introspection_cpp.so\x1b[0m\n'}
[17.794821] (-) TimerEvent: {}
[17.895389] (-) TimerEvent: {}
[17.995823] (-) TimerEvent: {}
[18.096168] (-) TimerEvent: {}
[18.150379] (turtlesim) StdoutLine: {'line': b'[ 71%] Built target turtlesim__rosidl_typesupport_introspection_cpp\n'}
[18.201333] (-) TimerEvent: {}
[18.296185] (turtlesim) StdoutLine: {'line': b'[ 72%] \x1b[32mBuilding CXX object CMakeFiles/turtlesim_node.dir/src/turtlesim.cpp.o\x1b[0m\n'}
[18.301477] (-) TimerEvent: {}
[18.401776] (-) TimerEvent: {}
[18.500832] (turtlesim) StdoutLine: {'line': b'[ 72%] \x1b[32mBuilding CXX object CMakeFiles/turtlesim__rosidl_typesupport_fastrtps_c.dir/rosidl_typesupport_fastrtps_c/turtlesim/srv/detail/teleport_relative__type_support_c.cpp.o\x1b[0m\n'}
[18.501876] (-) TimerEvent: {}
[18.602193] (-) TimerEvent: {}
[18.703705] (-) TimerEvent: {}
[18.774302] (turtlesim) StdoutLine: {'line': b'[ 73%] \x1b[32mBuilding CXX object CMakeFiles/turtlesim__rosidl_typesupport_fastrtps_cpp.dir/rosidl_typesupport_fastrtps_cpp/turtlesim/srv/detail/dds_fastrtps/teleport_relative__type_support.cpp.o\x1b[0m\n'}
[18.805168] (-) TimerEvent: {}
[18.908152] (-) TimerEvent: {}
[19.009556] (-) TimerEvent: {}
[19.115180] (-) TimerEvent: {}
[19.215674] (-) TimerEvent: {}
[19.316922] (-) TimerEvent: {}
[19.417756] (-) TimerEvent: {}
[19.440225] (turtlesim) StdoutLine: {'line': b'[ 74%] \x1b[32m\x1b[1mLinking CXX shared library libturtlesim__rosidl_typesupport_fastrtps_c.so\x1b[0m\n'}
[19.467510] (turtlesim) StdoutLine: {'line': b'[ 75%] \x1b[32mBuilding CXX object CMakeFiles/turtlesim_node.dir/src/turtle.cpp.o\x1b[0m\n'}
[19.518051] (-) TimerEvent: {}
[19.619912] (-) TimerEvent: {}
[19.624159] (tp1) StdoutLine: {'line': b'[100%] Built target navigation\n'}
[19.646148] (tp1) CommandEnded: {'returncode': 0}
[19.649866] (tp1) JobProgress: {'identifier': 'tp1', 'progress': 'install'}
[19.655611] (turtlesim) StdoutLine: {'line': b'[ 76%] Built target turtlesim__rosidl_typesupport_fastrtps_c\n'}
[19.678419] (tp1) Command: {'cmd': ['/usr/bin/cmake', '--install', '/home/richard/ros2_ws/build/tp1'], 'cwd': '/home/richard/ros2_ws/build/tp1', 'env': OrderedDict({'GJS_DEBUG_TOPICS': 'JS ERROR;JS LOG', 'LESSOPEN': '| /usr/bin/lesspipe %s', 'USER': 'richard', 'XDG_SESSION_TYPE': 'wayland', 'GIT_ASKPASS': '/usr/share/code/resources/app/extensions/git/dist/askpass.sh', 'CLUTTER_DISABLE_MIPMAPPED_TEXT': '1', 'SHLVL': '1', 'LD_LIBRARY_PATH': '/home/richard/ros2_ws/install/turtlesim/lib:/opt/ros/jazzy/opt/rviz_ogre_vendor/lib:/opt/ros/jazzy/lib/x86_64-linux-gnu:/opt/ros/jazzy/opt/gz_math_vendor/lib:/opt/ros/jazzy/opt/gz_utils_vendor/lib:/opt/ros/jazzy/opt/gz_cmake_vendor/lib:/opt/ros/jazzy/lib::/usr/local/Aria/lib:/usr/local/Aria/lib:/usr/local/Aria/lib:/usr/local/Aria/lib', 'HOME': '/home/richard', 'CHROME_DESKTOP': 'code.desktop', 'TERM_PROGRAM_VERSION': '1.101.1', 'DESKTOP_SESSION': 'ubuntu', 'GIO_LAUNCHED_DESKTOP_FILE': '/usr/share/applications/code.desktop', 'ROS_PYTHON_VERSION': '3', 'GNOME_SHELL_SESSION_MODE': 'ubuntu', 'GTK_MODULES': 'gail:atk-bridge', 'VSCODE_GIT_ASKPASS_MAIN': '/usr/share/code/resources/app/extensions/git/dist/askpass-main.js', 'VSCODE_GIT_ASKPASS_NODE': '/usr/share/code/code', 'MANAGERPID': '1894', 'SYSTEMD_EXEC_PID': '2143', 'IM_CONFIG_CHECK_ENV': '1', 'GSM_SKIP_SSH_AGENT_WORKAROUND': 'true', 'DBUS_SESSION_BUS_ADDRESS': 'unix:path=/run/user/1000/bus', 'COLORTERM': 'truecolor', 'GIO_LAUNCHED_DESKTOP_FILE_PID': '2973', 'DEBUGINFOD_URLS': 'https://debuginfod.ubuntu.com', 'IM_CONFIG_PHASE': '1', 'WAYLAND_DISPLAY': 'wayland-0', 'COLCON_PREFIX_PATH': '/home/richard/ros2_ws/install', 'ROS_DISTRO': 'jazzy', 'LOGNAME': 'richard', 'JOURNAL_STREAM': '9:14931', '_': '/usr/bin/colcon', 'ROS_VERSION': '2', 'MEMORY_PRESSURE_WATCH': '/sys/fs/cgroup/user.slice/user-1000.slice/user@1000.service/session.slice/org.gnome.Shell@wayland.service/memory.pressure', 'XDG_SESSION_CLASS': 'user', 'USERNAME': 'richard', 'TERM': 'xterm-256color', 'GNOME_DESKTOP_SESSION_ID': 'this-is-deprecated', 'PATH': '/opt/ros/jazzy/bin:/usr/local/sbin:/usr/local/bin:/usr/sbin:/usr/bin:/sbin:/bin:/usr/games:/usr/local/games:/snap/bin:/snap/bin', 'SESSION_MANAGER': 'local/richard-VirtualBox:@/tmp/.ICE-unix/2098,unix/richard-VirtualBox:/tmp/.ICE-unix/2098', 'INVOCATION_ID': '3ab2961568714eaf8b22dbf233e26225', 'XDG_MENU_PREFIX': 'gnome-', 'GNOME_SETUP_DISPLAY': ':1', 'XDG_RUNTIME_DIR': '/run/user/1000', 'GDK_BACKEND': 'x11', 'DISPLAY': ':0', 'LANG': 'pt_BR.UTF-8', 'XDG_CURRENT_DESKTOP': 'Unity', 'XMODIFIERS': '@im=ibus', 'XDG_SESSION_DESKTOP': 'ubuntu', 'XAUTHORITY': '/run/user/1000/.mutter-Xwaylandauth.I9AG92', 'LS_COLORS': 'rs=0:di=01;34:ln=01;36:mh=00:pi=40;33:so=01;35:do=01;35:bd=40;33;01:cd=40;33;01:or=40;31;01:mi=00:su=37;41:sg=30;43:ca=00:tw=30;42:ow=34;42:st=37;44:ex=01;32:*.tar=01;31:*.tgz=01;31:*.arc=01;31:*.arj=01;31:*.taz=01;31:*.lha=01;31:*.lz4=01;31:*.lzh=01;31:*.lzma=01;31:*.tlz=01;31:*.txz=01;31:*.tzo=01;31:*.t7z=01;31:*.zip=01;31:*.z=01;31:*.dz=01;31:*.gz=01;31:*.lrz=01;31:*.lz=01;31:*.lzo=01;31:*.xz=01;31:*.zst=01;31:*.tzst=01;31:*.bz2=01;31:*.bz=01;31:*.tbz=01;31:*.tbz2=01;31:*.tz=01;31:*.deb=01;31:*.rpm=01;31:*.jar=01;31:*.war=01;31:*.ear=01;31:*.sar=01;31:*.rar=01;31:*.alz=01;31:*.ace=01;31:*.zoo=01;31:*.cpio=01;31:*.7z=01;31:*.rz=01;31:*.cab=01;31:*.wim=01;31:*.swm=01;31:*.dwm=01;31:*.esd=01;31:*.avif=01;35:*.jpg=01;35:*.jpeg=01;35:*.mjpg=01;35:*.mjpeg=01;35:*.gif=01;35:*.bmp=01;35:*.pbm=01;35:*.pgm=01;35:*.ppm=01;35:*.tga=01;35:*.xbm=01;35:*.xpm=01;35:*.tif=01;35:*.tiff=01;35:*.png=01;35:*.svg=01;35:*.svgz=01;35:*.mng=01;35:*.pcx=01;35:*.mov=01;35:*.mpg=01;35:*.mpeg=01;35:*.m2v=01;35:*.mkv=01;35:*.webm=01;35:*.webp=01;35:*.ogm=01;35:*.mp4=01;35:*.m4v=01;35:*.mp4v=01;35:*.vob=01;35:*.qt=01;35:*.nuv=01;35:*.wmv=01;35:*.asf=01;35:*.rm=01;35:*.rmvb=01;35:*.flc=01;35:*.avi=01;35:*.fli=01;35:*.flv=01;35:*.gl=01;35:*.dl=01;35:*.xcf=01;35:*.xwd=01;35:*.yuv=01;35:*.cgm=01;35:*.emf=01;35:*.ogv=01;35:*.ogx=01;35:*.aac=00;36:*.au=00;36:*.flac=00;36:*.m4a=00;36:*.mid=00;36:*.midi=00;36:*.mka=00;36:*.mp3=00;36:*.mpc=00;36:*.ogg=00;36:*.ra=00;36:*.wav=00;36:*.oga=00;36:*.opus=00;36:*.spx=00;36:*.xspf=00;36:*~=00;90:*#=00;90:*.bak=00;90:*.crdownload=00;90:*.dpkg-dist=00;90:*.dpkg-new=00;90:*.dpkg-old=00;90:*.dpkg-tmp=00;90:*.old=00;90:*.orig=00;90:*.part=00;90:*.rej=00;90:*.rpmnew=00;90:*.rpmorig=00;90:*.rpmsave=00;90:*.swp=00;90:*.tmp=00;90:*.ucf-dist=00;90:*.ucf-new=00;90:*.ucf-old=00;90:', 'VSCODE_GIT_IPC_HANDLE': '/run/user/1000/vscode-git-a183934ae2.sock', 'TERM_PROGRAM': 'vscode', 'SSH_AUTH_SOCK': '/run/user/1000/keyring/ssh', 'AMENT_PREFIX_PATH': '/home/richard/ros2_ws/install/turtlesim:/home/richard/ros2_ws/install/tp1:/home/richard/ros2_ws/install/phi_aria:/opt/ros/jazzy', 'ORIGINAL_XDG_CURRENT_DESKTOP': 'ubuntu:GNOME', 'SHELL': '/bin/bash', 'QT_ACCESSIBILITY': '1', 'GDMSESSION': 'ubuntu', 'LESSCLOSE': '/usr/bin/lesspipe %s %s', 'GJS_DEBUG_OUTPUT': 'stderr', 'ROS_AUTOMATIC_DISCOVERY_RANGE': 'SUBNET', 'VSCODE_GIT_ASKPASS_EXTRA_ARGS': '', 'QT_IM_MODULE': 'ibus', 'PWD': '/home/richard/ros2_ws/build/tp1', 'XDG_CONFIG_DIRS': '/etc/xdg/xdg-ubuntu:/etc/xdg', 'XDG_DATA_DIRS': '/usr/share/ubuntu:/usr/share/gnome:/usr/local/share/:/usr/share/:/var/lib/snapd/desktop', 'PYTHONPATH': '/home/richard/ros2_ws/install/turtlesim/lib/python3.12/site-packages:/opt/ros/jazzy/lib/python3.12/site-packages', 'COLCON': '1', 'MEMORY_PRESSURE_WRITE': 'c29tZSAyMDAwMDAgMjAwMDAwMAA=', 'CMAKE_PREFIX_PATH': '/home/richard/ros2_ws/install/turtlesim:/home/richard/ros2_ws/install/tp1:/home/richard/ros2_ws/install/phi_aria:/opt/ros/jazzy/opt/gz_math_vendor:/opt/ros/jazzy/opt/gz_utils_vendor:/opt/ros/jazzy/opt/gz_cmake_vendor:/opt/ros/jazzy'}), 'shell': False}
[19.705257] (tp1) StdoutLine: {'line': b'-- Install configuration: ""\n'}
[19.705440] (tp1) StdoutLine: {'line': b'-- Installing: /home/richard/ros2_ws/install/tp1/lib/tp1/navigation\n'}
[19.720030] (-) TimerEvent: {}
[19.720745] (tp1) StdoutLine: {'line': b'-- Set non-toolchain portion of runtime path of "/home/richard/ros2_ws/install/tp1/lib/tp1/navigation" to ""\n'}
[19.722772] (tp1) StdoutLine: {'line': b'-- Up-to-date: /home/richard/ros2_ws/install/tp1/share/tp1/launch\n'}
[19.722944] (tp1) StdoutLine: {'line': b'-- Up-to-date: /home/richard/ros2_ws/install/tp1/share/tp1/launch/p3dx-rosaria.launch.py\n'}
[19.724412] (tp1) StdoutLine: {'line': b'-- Up-to-date: /home/richard/ros2_ws/install/tp1/share/tp1/config\n'}
[19.724504] (tp1) StdoutLine: {'line': b'-- Up-to-date: /home/richard/ros2_ws/install/tp1/share/tp1/config/p3dx.rviz\n'}
[19.724575] (tp1) StdoutLine: {'line': b'-- Up-to-date: /home/richard/ros2_ws/install/tp1/share/ament_index/resource_index/package_run_dependencies/tp1\n'}
[19.724652] (tp1) StdoutLine: {'line': b'-- Up-to-date: /home/richard/ros2_ws/install/tp1/share/ament_index/resource_index/parent_prefix_path/tp1\n'}
[19.724719] (tp1) StdoutLine: {'line': b'-- Up-to-date: /home/richard/ros2_ws/install/tp1/share/tp1/environment/ament_prefix_path.sh\n'}
[19.724785] (tp1) StdoutLine: {'line': b'-- Up-to-date: /home/richard/ros2_ws/install/tp1/share/tp1/environment/ament_prefix_path.dsv\n'}
[19.724851] (tp1) StdoutLine: {'line': b'-- Up-to-date: /home/richard/ros2_ws/install/tp1/share/tp1/environment/path.sh\n'}
[19.724916] (tp1) StdoutLine: {'line': b'-- Up-to-date: /home/richard/ros2_ws/install/tp1/share/tp1/environment/path.dsv\n'}
[19.724980] (tp1) StdoutLine: {'line': b'-- Up-to-date: /home/richard/ros2_ws/install/tp1/share/tp1/local_setup.bash\n'}
[19.725044] (tp1) StdoutLine: {'line': b'-- Up-to-date: /home/richard/ros2_ws/install/tp1/share/tp1/local_setup.sh\n'}
[19.725139] (tp1) StdoutLine: {'line': b'-- Up-to-date: /home/richard/ros2_ws/install/tp1/share/tp1/local_setup.zsh\n'}
[19.725225] (tp1) StdoutLine: {'line': b'-- Up-to-date: /home/richard/ros2_ws/install/tp1/share/tp1/local_setup.dsv\n'}
[19.725317] (tp1) StdoutLine: {'line': b'-- Installing: /home/richard/ros2_ws/install/tp1/share/tp1/package.dsv\n'}
[19.725384] (tp1) StdoutLine: {'line': b'-- Up-to-date: /home/richard/ros2_ws/install/tp1/share/ament_index/resource_index/packages/tp1\n'}
[19.725457] (tp1) StdoutLine: {'line': b'-- Up-to-date: /home/richard/ros2_ws/install/tp1/share/tp1/cmake/tp1Config.cmake\n'}
[19.725523] (tp1) StdoutLine: {'line': b'-- Up-to-date: /home/richard/ros2_ws/install/tp1/share/tp1/cmake/tp1Config-version.cmake\n'}
[19.727204] (tp1) StdoutLine: {'line': b'-- Up-to-date: /home/richard/ros2_ws/install/tp1/share/tp1/package.xml\n'}
[19.733120] (turtlesim) StdoutLine: {'line': b'[ 77%] \x1b[32mBuilding CXX object CMakeFiles/turtle_teleop_key.dir/tutorials/teleop_turtle_key.cpp.o\x1b[0m\n'}
[19.733300] (tp1) CommandEnded: {'returncode': 0}
[19.793354] (tp1) JobEnded: {'identifier': 'tp1', 'rc': 0}
[19.820231] (-) TimerEvent: {}
[19.923854] (-) TimerEvent: {}
[20.025174] (-) TimerEvent: {}
[20.119174] (turtlesim) StdoutLine: {'line': b'[ 78%] \x1b[32m\x1b[1mLinking CXX shared library libturtlesim__rosidl_typesupport_fastrtps_cpp.so\x1b[0m\n'}
[20.126250] (-) TimerEvent: {}
[20.229207] (-) TimerEvent: {}
[20.276337] (turtlesim) StdoutLine: {'line': b'[ 79%] Built target turtlesim__rosidl_typesupport_fastrtps_cpp\n'}
[20.292578] (turtlesim) StdoutLine: {'line': b'[ 80%] \x1b[32mBuilding CXX object CMakeFiles/turtlesim_node.dir/src/turtle_frame.cpp.o\x1b[0m\n'}
[20.333143] (-) TimerEvent: {}
[20.433443] (-) TimerEvent: {}
[20.536146] (-) TimerEvent: {}
[20.636775] (-) TimerEvent: {}
[20.740143] (-) TimerEvent: {}
[20.841055] (-) TimerEvent: {}
[20.941673] (-) TimerEvent: {}
[21.042838] (-) TimerEvent: {}
[21.145764] (-) TimerEvent: {}
[21.247944] (-) TimerEvent: {}
[21.351224] (-) TimerEvent: {}
[21.451728] (-) TimerEvent: {}
[21.552180] (-) TimerEvent: {}
[21.654233] (-) TimerEvent: {}
[21.756611] (-) TimerEvent: {}
[21.857734] (-) TimerEvent: {}
[21.959888] (-) TimerEvent: {}
[22.060173] (-) TimerEvent: {}
[22.160514] (-) TimerEvent: {}
[22.262154] (-) TimerEvent: {}
[22.364125] (-) TimerEvent: {}
[22.464573] (-) TimerEvent: {}
[22.564901] (-) TimerEvent: {}
[22.666139] (-) TimerEvent: {}
[22.768316] (-) TimerEvent: {}
[22.875387] (-) TimerEvent: {}
[22.980148] (-) TimerEvent: {}
[23.080576] (-) TimerEvent: {}
[23.181383] (-) TimerEvent: {}
[23.281965] (-) TimerEvent: {}
[23.382550] (-) TimerEvent: {}
[23.483038] (-) TimerEvent: {}
[23.584423] (-) TimerEvent: {}
[23.686142] (-) TimerEvent: {}
[23.786457] (-) TimerEvent: {}
[23.887131] (-) TimerEvent: {}
[23.987750] (-) TimerEvent: {}
[24.092000] (-) TimerEvent: {}
[24.192499] (-) TimerEvent: {}
[24.294095] (-) TimerEvent: {}
[24.398500] (-) TimerEvent: {}
[24.500208] (-) TimerEvent: {}
[24.608207] (-) TimerEvent: {}
[24.717628] (-) TimerEvent: {}
[24.828254] (-) TimerEvent: {}
[24.928964] (-) TimerEvent: {}
[25.035827] (-) TimerEvent: {}
[25.136692] (-) TimerEvent: {}
[25.247274] (-) TimerEvent: {}
[25.347663] (-) TimerEvent: {}
[25.454122] (-) TimerEvent: {}
[25.554761] (-) TimerEvent: {}
[25.656391] (-) TimerEvent: {}
[25.758353] (-) TimerEvent: {}
[25.858695] (-) TimerEvent: {}
[25.965063] (-) TimerEvent: {}
[26.065485] (-) TimerEvent: {}
[26.167434] (-) TimerEvent: {}
[26.270500] (-) TimerEvent: {}
[26.375035] (-) TimerEvent: {}
[26.476626] (-) TimerEvent: {}
[26.579087] (-) TimerEvent: {}
[26.681217] (-) TimerEvent: {}
[26.791238] (-) TimerEvent: {}
[26.926437] (-) TimerEvent: {}
[27.029169] (-) TimerEvent: {}
[27.130037] (-) TimerEvent: {}
[27.230496] (-) TimerEvent: {}
[27.338346] (-) TimerEvent: {}
[27.440251] (-) TimerEvent: {}
[27.550420] (-) TimerEvent: {}
[27.652120] (-) TimerEvent: {}
[27.759264] (-) TimerEvent: {}
[27.860242] (-) TimerEvent: {}
[27.961557] (-) TimerEvent: {}
[28.062050] (-) TimerEvent: {}
[28.167870] (-) TimerEvent: {}
[28.268437] (-) TimerEvent: {}
[28.373611] (-) TimerEvent: {}
[28.474079] (-) TimerEvent: {}
[28.580167] (-) TimerEvent: {}
[28.681113] (-) TimerEvent: {}
[28.782301] (-) TimerEvent: {}
[28.883620] (-) TimerEvent: {}
[28.996259] (-) TimerEvent: {}
[29.096763] (-) TimerEvent: {}
[29.197325] (-) TimerEvent: {}
[29.306119] (-) TimerEvent: {}
[29.412430] (-) TimerEvent: {}
[29.515166] (-) TimerEvent: {}
[29.616138] (-) TimerEvent: {}
[29.716832] (-) TimerEvent: {}
[29.817809] (-) TimerEvent: {}
[29.926136] (-) TimerEvent: {}
[30.033094] (-) TimerEvent: {}
[30.133817] (-) TimerEvent: {}
[30.243835] (-) TimerEvent: {}
[30.345628] (-) TimerEvent: {}
[30.449171] (-) TimerEvent: {}
[30.550009] (-) TimerEvent: {}
[30.650737] (-) TimerEvent: {}
[30.751523] (-) TimerEvent: {}
[30.852642] (-) TimerEvent: {}
[30.954402] (-) TimerEvent: {}
[31.055157] (-) TimerEvent: {}
[31.170228] (-) TimerEvent: {}
[31.270764] (-) TimerEvent: {}
[31.371767] (-) TimerEvent: {}
[31.472313] (-) TimerEvent: {}
[31.572911] (-) TimerEvent: {}
[31.673859] (-) TimerEvent: {}
[31.777916] (-) TimerEvent: {}
[31.880811] (-) TimerEvent: {}
[31.986479] (-) TimerEvent: {}
[32.094446] (-) TimerEvent: {}
[32.202754] (-) TimerEvent: {}
[32.305913] (-) TimerEvent: {}
[32.408445] (-) TimerEvent: {}
[32.509141] (-) TimerEvent: {}
[32.616915] (-) TimerEvent: {}
[32.720920] (-) TimerEvent: {}
[32.824900] (-) TimerEvent: {}
[32.927847] (-) TimerEvent: {}
[33.033746] (-) TimerEvent: {}
[33.134067] (-) TimerEvent: {}
[33.234687] (-) TimerEvent: {}
[33.335929] (-) TimerEvent: {}
[33.436549] (-) TimerEvent: {}
[33.538209] (-) TimerEvent: {}
[33.640141] (-) TimerEvent: {}
[33.744160] (-) TimerEvent: {}
[33.844560] (-) TimerEvent: {}
[33.944925] (-) TimerEvent: {}
[34.045349] (-) TimerEvent: {}
[34.147371] (-) TimerEvent: {}
[34.247775] (-) TimerEvent: {}
[34.348144] (-) TimerEvent: {}
[34.450426] (-) TimerEvent: {}
[34.550720] (-) TimerEvent: {}
[34.651231] (-) TimerEvent: {}
[34.753743] (-) TimerEvent: {}
[34.854770] (-) TimerEvent: {}
[34.955198] (-) TimerEvent: {}
[35.055652] (-) TimerEvent: {}
[35.157498] (-) TimerEvent: {}
[35.257918] (-) TimerEvent: {}
[35.360426] (-) TimerEvent: {}
[35.461080] (-) TimerEvent: {}
[35.561929] (-) TimerEvent: {}
[35.662706] (-) TimerEvent: {}
[35.766166] (-) TimerEvent: {}
[35.867025] (-) TimerEvent: {}
[35.968022] (-) TimerEvent: {}
[36.070478] (-) TimerEvent: {}
[36.171051] (-) TimerEvent: {}
[36.297221] (-) TimerEvent: {}
[36.397861] (-) TimerEvent: {}
[36.498150] (-) TimerEvent: {}
[36.504202] (turtlesim) StdoutLine: {'line': b'[ 81%] \x1b[32m\x1b[1mLinking CXX executable turtle_teleop_key\x1b[0m\n'}
[36.598351] (-) TimerEvent: {}
[36.699825] (-) TimerEvent: {}
[36.808256] (-) TimerEvent: {}
[36.898434] (turtlesim) StdoutLine: {'line': b'[ 81%] Built target turtle_teleop_key\n'}
[36.909767] (-) TimerEvent: {}
[37.010151] (-) TimerEvent: {}
[37.110515] (-) TimerEvent: {}
[37.210787] (-) TimerEvent: {}
[37.311075] (-) TimerEvent: {}
[37.412248] (-) TimerEvent: {}
[37.513205] (-) TimerEvent: {}
[37.614805] (-) TimerEvent: {}
[37.715751] (-) TimerEvent: {}
[37.817674] (-) TimerEvent: {}
[37.918862] (-) TimerEvent: {}
[38.020234] (-) TimerEvent: {}
[38.120805] (-) TimerEvent: {}
[38.221497] (-) TimerEvent: {}
[38.322132] (-) TimerEvent: {}
[38.422563] (-) TimerEvent: {}
[38.523178] (-) TimerEvent: {}
[38.623951] (-) TimerEvent: {}
[38.724627] (-) TimerEvent: {}
[38.774777] (phi_aria) StdoutLine: {'line': b'[100%] \x1b[32m\x1b[1mLinking CXX executable phi_p3dx\x1b[0m\n'}
[38.825207] (-) TimerEvent: {}
[38.926494] (-) TimerEvent: {}
[39.028089] (-) TimerEvent: {}
[39.128915] (-) TimerEvent: {}
[39.230933] (-) TimerEvent: {}
[39.333809] (-) TimerEvent: {}
[39.435167] (-) TimerEvent: {}
[39.539701] (-) TimerEvent: {}
[39.644107] (-) TimerEvent: {}
[39.744546] (-) TimerEvent: {}
[39.845146] (-) TimerEvent: {}
[39.888585] (phi_aria) StdoutLine: {'line': b'[100%] Built target phi_p3dx\n'}
[39.910641] (phi_aria) CommandEnded: {'returncode': 0}
[39.913284] (phi_aria) JobProgress: {'identifier': 'phi_aria', 'progress': 'install'}
[39.913436] (phi_aria) Command: {'cmd': ['/usr/bin/cmake', '--install', '/home/richard/ros2_ws/build/phi_aria'], 'cwd': '/home/richard/ros2_ws/build/phi_aria', 'env': OrderedDict({'GJS_DEBUG_TOPICS': 'JS ERROR;JS LOG', 'LESSOPEN': '| /usr/bin/lesspipe %s', 'USER': 'richard', 'XDG_SESSION_TYPE': 'wayland', 'GIT_ASKPASS': '/usr/share/code/resources/app/extensions/git/dist/askpass.sh', 'CLUTTER_DISABLE_MIPMAPPED_TEXT': '1', 'SHLVL': '1', 'LD_LIBRARY_PATH': '/home/richard/ros2_ws/install/turtlesim/lib:/opt/ros/jazzy/opt/rviz_ogre_vendor/lib:/opt/ros/jazzy/lib/x86_64-linux-gnu:/opt/ros/jazzy/opt/gz_math_vendor/lib:/opt/ros/jazzy/opt/gz_utils_vendor/lib:/opt/ros/jazzy/opt/gz_cmake_vendor/lib:/opt/ros/jazzy/lib::/usr/local/Aria/lib:/usr/local/Aria/lib:/usr/local/Aria/lib:/usr/local/Aria/lib', 'HOME': '/home/richard', 'CHROME_DESKTOP': 'code.desktop', 'TERM_PROGRAM_VERSION': '1.101.1', 'DESKTOP_SESSION': 'ubuntu', 'GIO_LAUNCHED_DESKTOP_FILE': '/usr/share/applications/code.desktop', 'ROS_PYTHON_VERSION': '3', 'GNOME_SHELL_SESSION_MODE': 'ubuntu', 'GTK_MODULES': 'gail:atk-bridge', 'VSCODE_GIT_ASKPASS_MAIN': '/usr/share/code/resources/app/extensions/git/dist/askpass-main.js', 'VSCODE_GIT_ASKPASS_NODE': '/usr/share/code/code', 'MANAGERPID': '1894', 'SYSTEMD_EXEC_PID': '2143', 'IM_CONFIG_CHECK_ENV': '1', 'GSM_SKIP_SSH_AGENT_WORKAROUND': 'true', 'DBUS_SESSION_BUS_ADDRESS': 'unix:path=/run/user/1000/bus', 'COLORTERM': 'truecolor', 'GIO_LAUNCHED_DESKTOP_FILE_PID': '2973', 'DEBUGINFOD_URLS': 'https://debuginfod.ubuntu.com', 'IM_CONFIG_PHASE': '1', 'WAYLAND_DISPLAY': 'wayland-0', 'COLCON_PREFIX_PATH': '/home/richard/ros2_ws/install', 'ROS_DISTRO': 'jazzy', 'LOGNAME': 'richard', 'JOURNAL_STREAM': '9:14931', '_': '/usr/bin/colcon', 'ROS_VERSION': '2', 'MEMORY_PRESSURE_WATCH': '/sys/fs/cgroup/user.slice/user-1000.slice/user@1000.service/session.slice/org.gnome.Shell@wayland.service/memory.pressure', 'XDG_SESSION_CLASS': 'user', 'USERNAME': 'richard', 'TERM': 'xterm-256color', 'GNOME_DESKTOP_SESSION_ID': 'this-is-deprecated', 'PATH': '/opt/ros/jazzy/bin:/usr/local/sbin:/usr/local/bin:/usr/sbin:/usr/bin:/sbin:/bin:/usr/games:/usr/local/games:/snap/bin:/snap/bin', 'SESSION_MANAGER': 'local/richard-VirtualBox:@/tmp/.ICE-unix/2098,unix/richard-VirtualBox:/tmp/.ICE-unix/2098', 'INVOCATION_ID': '3ab2961568714eaf8b22dbf233e26225', 'XDG_MENU_PREFIX': 'gnome-', 'GNOME_SETUP_DISPLAY': ':1', 'XDG_RUNTIME_DIR': '/run/user/1000', 'GDK_BACKEND': 'x11', 'DISPLAY': ':0', 'LANG': 'pt_BR.UTF-8', 'XDG_CURRENT_DESKTOP': 'Unity', 'XMODIFIERS': '@im=ibus', 'XDG_SESSION_DESKTOP': 'ubuntu', 'XAUTHORITY': '/run/user/1000/.mutter-Xwaylandauth.I9AG92', 'LS_COLORS': 'rs=0:di=01;34:ln=01;36:mh=00:pi=40;33:so=01;35:do=01;35:bd=40;33;01:cd=40;33;01:or=40;31;01:mi=00:su=37;41:sg=30;43:ca=00:tw=30;42:ow=34;42:st=37;44:ex=01;32:*.tar=01;31:*.tgz=01;31:*.arc=01;31:*.arj=01;31:*.taz=01;31:*.lha=01;31:*.lz4=01;31:*.lzh=01;31:*.lzma=01;31:*.tlz=01;31:*.txz=01;31:*.tzo=01;31:*.t7z=01;31:*.zip=01;31:*.z=01;31:*.dz=01;31:*.gz=01;31:*.lrz=01;31:*.lz=01;31:*.lzo=01;31:*.xz=01;31:*.zst=01;31:*.tzst=01;31:*.bz2=01;31:*.bz=01;31:*.tbz=01;31:*.tbz2=01;31:*.tz=01;31:*.deb=01;31:*.rpm=01;31:*.jar=01;31:*.war=01;31:*.ear=01;31:*.sar=01;31:*.rar=01;31:*.alz=01;31:*.ace=01;31:*.zoo=01;31:*.cpio=01;31:*.7z=01;31:*.rz=01;31:*.cab=01;31:*.wim=01;31:*.swm=01;31:*.dwm=01;31:*.esd=01;31:*.avif=01;35:*.jpg=01;35:*.jpeg=01;35:*.mjpg=01;35:*.mjpeg=01;35:*.gif=01;35:*.bmp=01;35:*.pbm=01;35:*.pgm=01;35:*.ppm=01;35:*.tga=01;35:*.xbm=01;35:*.xpm=01;35:*.tif=01;35:*.tiff=01;35:*.png=01;35:*.svg=01;35:*.svgz=01;35:*.mng=01;35:*.pcx=01;35:*.mov=01;35:*.mpg=01;35:*.mpeg=01;35:*.m2v=01;35:*.mkv=01;35:*.webm=01;35:*.webp=01;35:*.ogm=01;35:*.mp4=01;35:*.m4v=01;35:*.mp4v=01;35:*.vob=01;35:*.qt=01;35:*.nuv=01;35:*.wmv=01;35:*.asf=01;35:*.rm=01;35:*.rmvb=01;35:*.flc=01;35:*.avi=01;35:*.fli=01;35:*.flv=01;35:*.gl=01;35:*.dl=01;35:*.xcf=01;35:*.xwd=01;35:*.yuv=01;35:*.cgm=01;35:*.emf=01;35:*.ogv=01;35:*.ogx=01;35:*.aac=00;36:*.au=00;36:*.flac=00;36:*.m4a=00;36:*.mid=00;36:*.midi=00;36:*.mka=00;36:*.mp3=00;36:*.mpc=00;36:*.ogg=00;36:*.ra=00;36:*.wav=00;36:*.oga=00;36:*.opus=00;36:*.spx=00;36:*.xspf=00;36:*~=00;90:*#=00;90:*.bak=00;90:*.crdownload=00;90:*.dpkg-dist=00;90:*.dpkg-new=00;90:*.dpkg-old=00;90:*.dpkg-tmp=00;90:*.old=00;90:*.orig=00;90:*.part=00;90:*.rej=00;90:*.rpmnew=00;90:*.rpmorig=00;90:*.rpmsave=00;90:*.swp=00;90:*.tmp=00;90:*.ucf-dist=00;90:*.ucf-new=00;90:*.ucf-old=00;90:', 'VSCODE_GIT_IPC_HANDLE': '/run/user/1000/vscode-git-a183934ae2.sock', 'TERM_PROGRAM': 'vscode', 'SSH_AUTH_SOCK': '/run/user/1000/keyring/ssh', 'AMENT_PREFIX_PATH': '/home/richard/ros2_ws/install/turtlesim:/home/richard/ros2_ws/install/tp1:/home/richard/ros2_ws/install/phi_aria:/opt/ros/jazzy', 'ORIGINAL_XDG_CURRENT_DESKTOP': 'ubuntu:GNOME', 'SHELL': '/bin/bash', 'QT_ACCESSIBILITY': '1', 'GDMSESSION': 'ubuntu', 'LESSCLOSE': '/usr/bin/lesspipe %s %s', 'GJS_DEBUG_OUTPUT': 'stderr', 'ROS_AUTOMATIC_DISCOVERY_RANGE': 'SUBNET', 'VSCODE_GIT_ASKPASS_EXTRA_ARGS': '', 'QT_IM_MODULE': 'ibus', 'PWD': '/home/richard/ros2_ws/build/phi_aria', 'XDG_CONFIG_DIRS': '/etc/xdg/xdg-ubuntu:/etc/xdg', 'XDG_DATA_DIRS': '/usr/share/ubuntu:/usr/share/gnome:/usr/local/share/:/usr/share/:/var/lib/snapd/desktop', 'PYTHONPATH': '/home/richard/ros2_ws/install/turtlesim/lib/python3.12/site-packages:/opt/ros/jazzy/lib/python3.12/site-packages', 'COLCON': '1', 'MEMORY_PRESSURE_WRITE': 'c29tZSAyMDAwMDAgMjAwMDAwMAA=', 'CMAKE_PREFIX_PATH': '/home/richard/ros2_ws/install/turtlesim:/home/richard/ros2_ws/install/tp1:/home/richard/ros2_ws/install/phi_aria:/opt/ros/jazzy/opt/gz_math_vendor:/opt/ros/jazzy/opt/gz_utils_vendor:/opt/ros/jazzy/opt/gz_cmake_vendor:/opt/ros/jazzy'}), 'shell': False}
[39.925701] (phi_aria) StdoutLine: {'line': b'-- Install configuration: ""\n'}
[39.928238] (phi_aria) StdoutLine: {'line': b'-- Installing: /home/richard/ros2_ws/install/phi_aria/lib/phi_aria/phi_p3dx\n'}
[39.933172] (phi_aria) StdoutLine: {'line': b'-- Set non-toolchain portion of runtime path of "/home/richard/ros2_ws/install/phi_aria/lib/phi_aria/phi_p3dx" to ""\n'}
[39.933472] (phi_aria) StdoutLine: {'line': b'-- Up-to-date: /home/richard/ros2_ws/install/phi_aria/share/phi_aria/description\n'}
[39.933964] (phi_aria) StdoutLine: {'line': b'-- Up-to-date: /home/richard/ros2_ws/install/phi_aria/share/phi_aria/description/p3dx_meshes\n'}
[39.934219] (phi_aria) StdoutLine: {'line': b'-- Up-to-date: /home/richard/ros2_ws/install/phi_aria/share/phi_aria/description/p3dx_meshes/caster_wheel.stl\n'}
[39.934343] (phi_aria) StdoutLine: {'line': b'-- Up-to-date: /home/richard/ros2_ws/install/phi_aria/share/phi_aria/description/p3dx_meshes/back_sonar.stl\n'}
[39.934595] (phi_aria) StdoutLine: {'line': b'-- Up-to-date: /home/richard/ros2_ws/install/phi_aria/share/phi_aria/description/p3dx_meshes/front_sonar.stl\n'}
[39.935712] (phi_aria) StdoutLine: {'line': b'-- Up-to-date: /home/richard/ros2_ws/install/phi_aria/share/phi_aria/description/p3dx_meshes/caster_hubcap.stl\n'}
[39.935857] (phi_aria) StdoutLine: {'line': b'-- Up-to-date: /home/richard/ros2_ws/install/phi_aria/share/phi_aria/description/p3dx_meshes/chassis.stl\n'}
[39.935985] (phi_aria) StdoutLine: {'line': b'-- Up-to-date: /home/richard/ros2_ws/install/phi_aria/share/phi_aria/description/p3dx_meshes/back_rim.stl\n'}
[39.936195] (phi_aria) StdoutLine: {'line': b'-- Up-to-date: /home/richard/ros2_ws/install/phi_aria/share/phi_aria/description/p3dx_meshes/caster_swivel.stl\n'}
[39.936298] (phi_aria) StdoutLine: {'line': b'-- Up-to-date: /home/richard/ros2_ws/install/phi_aria/share/phi_aria/description/p3dx_meshes/right_hubcap.stl\n'}
[39.936469] (phi_aria) StdoutLine: {'line': b'-- Up-to-date: /home/richard/ros2_ws/install/phi_aria/share/phi_aria/description/p3dx_meshes/top.stl\n'}
[39.936543] (phi_aria) StdoutLine: {'line': b'-- Up-to-date: /home/richard/ros2_ws/install/phi_aria/share/phi_aria/description/p3dx_meshes/left_wheel.stl\n'}
[39.936609] (phi_aria) StdoutLine: {'line': b'-- Up-to-date: /home/richard/ros2_ws/install/phi_aria/share/phi_aria/description/p3dx_meshes/front_rim.stl\n'}
[39.936675] (phi_aria) StdoutLine: {'line': b'-- Up-to-date: /home/richard/ros2_ws/install/phi_aria/share/phi_aria/description/p3dx_meshes/right_wheel.stl\n'}
[39.936739] (phi_aria) StdoutLine: {'line': b'-- Up-to-date: /home/richard/ros2_ws/install/phi_aria/share/phi_aria/description/p3dx_meshes/left_hubcap.stl\n'}
[39.936801] (phi_aria) StdoutLine: {'line': b'-- Up-to-date: /home/richard/ros2_ws/install/phi_aria/share/phi_aria/description/urdf\n'}
[39.936865] (phi_aria) StdoutLine: {'line': b'-- Up-to-date: /home/richard/ros2_ws/install/phi_aria/share/phi_aria/description/urdf/p3dx.urdf.xacro\n'}
[39.936936] (phi_aria) StdoutLine: {'line': b'-- Up-to-date: /home/richard/ros2_ws/install/phi_aria/share/phi_aria/description/urdf/pioneer3dx_wheel.xacro\n'}
[39.937131] (phi_aria) StdoutLine: {'line': b'-- Up-to-date: /home/richard/ros2_ws/install/phi_aria/share/phi_aria/description/urdf/common.xacro\n'}
[39.937210] (phi_aria) StdoutLine: {'line': b'-- Up-to-date: /home/richard/ros2_ws/install/phi_aria/share/phi_aria/description/urdf/sick_lms100.urdf.xacro\n'}
[39.937275] (phi_aria) StdoutLine: {'line': b'-- Up-to-date: /home/richard/ros2_ws/install/phi_aria/share/phi_aria/description/sensors_meshes\n'}
[39.937353] (phi_aria) StdoutLine: {'line': b'-- Up-to-date: /home/richard/ros2_ws/install/phi_aria/share/phi_aria/description/sensors_meshes/sick_lms100.stl\n'}
[39.937414] (phi_aria) StdoutLine: {'line': b'-- Up-to-date: /home/richard/ros2_ws/install/phi_aria/share/ament_index/resource_index/package_run_dependencies/phi_aria\n'}
[39.937476] (phi_aria) StdoutLine: {'line': b'-- Up-to-date: /home/richard/ros2_ws/install/phi_aria/share/ament_index/resource_index/parent_prefix_path/phi_aria\n'}
[39.937537] (phi_aria) StdoutLine: {'line': b'-- Up-to-date: /home/richard/ros2_ws/install/phi_aria/share/phi_aria/environment/ament_prefix_path.sh\n'}
[39.937600] (phi_aria) StdoutLine: {'line': b'-- Up-to-date: /home/richard/ros2_ws/install/phi_aria/share/phi_aria/environment/ament_prefix_path.dsv\n'}
[39.937660] (phi_aria) StdoutLine: {'line': b'-- Up-to-date: /home/richard/ros2_ws/install/phi_aria/share/phi_aria/environment/path.sh\n'}
[39.937722] (phi_aria) StdoutLine: {'line': b'-- Up-to-date: /home/richard/ros2_ws/install/phi_aria/share/phi_aria/environment/path.dsv\n'}
[39.937783] (phi_aria) StdoutLine: {'line': b'-- Up-to-date: /home/richard/ros2_ws/install/phi_aria/share/phi_aria/local_setup.bash\n'}
[39.937843] (phi_aria) StdoutLine: {'line': b'-- Up-to-date: /home/richard/ros2_ws/install/phi_aria/share/phi_aria/local_setup.sh\n'}
[39.937903] (phi_aria) StdoutLine: {'line': b'-- Up-to-date: /home/richard/ros2_ws/install/phi_aria/share/phi_aria/local_setup.zsh\n'}
[39.937989] (phi_aria) StdoutLine: {'line': b'-- Up-to-date: /home/richard/ros2_ws/install/phi_aria/share/phi_aria/local_setup.dsv\n'}
[39.938054] (phi_aria) StdoutLine: {'line': b'-- Installing: /home/richard/ros2_ws/install/phi_aria/share/phi_aria/package.dsv\n'}
[39.939768] (phi_aria) StdoutLine: {'line': b'-- Up-to-date: /home/richard/ros2_ws/install/phi_aria/share/ament_index/resource_index/packages/phi_aria\n'}
[39.939901] (phi_aria) StdoutLine: {'line': b'-- Up-to-date: /home/richard/ros2_ws/install/phi_aria/share/phi_aria/cmake/phi_ariaConfig.cmake\n'}
[39.940017] (phi_aria) StdoutLine: {'line': b'-- Up-to-date: /home/richard/ros2_ws/install/phi_aria/share/phi_aria/cmake/phi_ariaConfig-version.cmake\n'}
[39.940217] (phi_aria) StdoutLine: {'line': b'-- Up-to-date: /home/richard/ros2_ws/install/phi_aria/share/phi_aria/package.xml\n'}
[39.942937] (phi_aria) CommandEnded: {'returncode': 0}
[39.946228] (-) TimerEvent: {}
[39.970577] (phi_aria) JobEnded: {'identifier': 'phi_aria', 'rc': 0}
[40.046764] (-) TimerEvent: {}
[40.148321] (-) TimerEvent: {}
[40.249185] (-) TimerEvent: {}
[40.349402] (-) TimerEvent: {}
[40.450872] (-) TimerEvent: {}
[40.551636] (-) TimerEvent: {}
[40.652163] (-) TimerEvent: {}
[40.754167] (-) TimerEvent: {}
[40.856541] (-) TimerEvent: {}
[40.957309] (-) TimerEvent: {}
[41.058013] (-) TimerEvent: {}
[41.158610] (-) TimerEvent: {}
[41.259783] (-) TimerEvent: {}
[41.360262] (-) TimerEvent: {}
[41.460994] (-) TimerEvent: {}
[41.561479] (-) TimerEvent: {}
[41.662428] (-) TimerEvent: {}
[41.762965] (-) TimerEvent: {}
[41.863995] (-) TimerEvent: {}
[41.965438] (-) TimerEvent: {}
[42.066825] (-) TimerEvent: {}
[42.168797] (-) TimerEvent: {}
[42.269287] (-) TimerEvent: {}
[42.370868] (-) TimerEvent: {}
[42.473059] (-) TimerEvent: {}
[42.573783] (-) TimerEvent: {}
[42.674488] (-) TimerEvent: {}
[42.774822] (-) TimerEvent: {}
[42.875388] (-) TimerEvent: {}
[42.977472] (-) TimerEvent: {}
[43.078952] (-) TimerEvent: {}
[43.179935] (-) TimerEvent: {}
[43.282134] (-) TimerEvent: {}
[43.383714] (-) TimerEvent: {}
[43.484231] (-) TimerEvent: {}
[43.586955] (-) TimerEvent: {}
[43.688664] (-) TimerEvent: {}
[43.789563] (-) TimerEvent: {}
[43.890356] (-) TimerEvent: {}
[43.991088] (-) TimerEvent: {}
[44.049607] (turtlesim) StdoutLine: {'line': b'[ 81%] \x1b[32mBuilding CXX object CMakeFiles/turtlesim_node.dir/include/turtlesim/moc_turtle_frame.cpp.o\x1b[0m\n'}
[44.091260] (-) TimerEvent: {}
[44.191765] (-) TimerEvent: {}
[44.292158] (-) TimerEvent: {}
[44.392809] (-) TimerEvent: {}
[44.493422] (-) TimerEvent: {}
[44.595601] (-) TimerEvent: {}
[44.696137] (-) TimerEvent: {}
[44.798009] (-) TimerEvent: {}
[44.899961] (-) TimerEvent: {}
[45.001122] (-) TimerEvent: {}
[45.102867] (-) TimerEvent: {}
[45.203941] (-) TimerEvent: {}
[45.304609] (-) TimerEvent: {}
[45.406377] (-) TimerEvent: {}
[45.507869] (-) TimerEvent: {}
[45.609725] (-) TimerEvent: {}
[45.712107] (-) TimerEvent: {}
[45.813701] (-) TimerEvent: {}
[45.914982] (-) TimerEvent: {}
[46.015687] (-) TimerEvent: {}
[46.117023] (-) TimerEvent: {}
[46.219024] (-) TimerEvent: {}
[46.320134] (-) TimerEvent: {}
[46.421929] (-) TimerEvent: {}
[46.522467] (-) TimerEvent: {}
[46.622846] (-) TimerEvent: {}
[46.723901] (-) TimerEvent: {}
[46.824860] (-) TimerEvent: {}
[46.926130] (-) TimerEvent: {}
[47.027197] (-) TimerEvent: {}
[47.127986] (-) TimerEvent: {}
[47.229083] (-) TimerEvent: {}
[47.329891] (-) TimerEvent: {}
[47.430706] (-) TimerEvent: {}
[47.531991] (-) TimerEvent: {}
[47.635905] (-) TimerEvent: {}
[47.737428] (-) TimerEvent: {}
[47.839649] (-) TimerEvent: {}
[47.940509] (-) TimerEvent: {}
[48.041072] (-) TimerEvent: {}
[48.141922] (-) TimerEvent: {}
[48.243507] (-) TimerEvent: {}
[48.344086] (-) TimerEvent: {}
[48.444696] (-) TimerEvent: {}
[48.545912] (-) TimerEvent: {}
[48.646665] (-) TimerEvent: {}
[48.678629] (turtlesim) StdoutLine: {'line': b'[ 82%] \x1b[32m\x1b[1mLinking CXX executable turtlesim_node\x1b[0m\n'}
[48.746831] (-) TimerEvent: {}
[48.847599] (-) TimerEvent: {}
[48.948859] (-) TimerEvent: {}
[49.049194] (-) TimerEvent: {}
[49.149523] (-) TimerEvent: {}
[49.250084] (-) TimerEvent: {}
[49.350978] (-) TimerEvent: {}
[49.452140] (-) TimerEvent: {}
[49.554094] (-) TimerEvent: {}
[49.654936] (-) TimerEvent: {}
[49.756914] (-) TimerEvent: {}
[49.857279] (-) TimerEvent: {}
[49.958832] (-) TimerEvent: {}
[50.060276] (-) TimerEvent: {}
[50.160775] (-) TimerEvent: {}
[50.262308] (-) TimerEvent: {}
[50.363110] (-) TimerEvent: {}
[50.464958] (-) TimerEvent: {}
[50.565920] (-) TimerEvent: {}
[50.666606] (-) TimerEvent: {}
[50.767173] (-) TimerEvent: {}
[50.867703] (-) TimerEvent: {}
[50.968074] (-) TimerEvent: {}
[51.028012] (turtlesim) StdoutLine: {'line': b'[ 83%] Built target turtlesim_node\n'}
[51.057050] (turtlesim) StdoutLine: {'line': b'[ 84%] \x1b[32mBuilding CXX object CMakeFiles/mimic.dir/tutorials/mimic.cpp.o\x1b[0m\n'}
[51.069641] (-) TimerEvent: {}
[51.169853] (-) TimerEvent: {}
[51.270527] (-) TimerEvent: {}
[51.371423] (-) TimerEvent: {}
[51.471824] (-) TimerEvent: {}
[51.572141] (-) TimerEvent: {}
[51.672536] (-) TimerEvent: {}
[51.773143] (-) TimerEvent: {}
[51.873466] (-) TimerEvent: {}
[51.974157] (-) TimerEvent: {}
[52.074908] (-) TimerEvent: {}
[52.175424] (-) TimerEvent: {}
[52.275793] (-) TimerEvent: {}
[52.376211] (-) TimerEvent: {}
[52.477448] (-) TimerEvent: {}
[52.577949] (-) TimerEvent: {}
[52.678649] (-) TimerEvent: {}
[52.779220] (-) TimerEvent: {}
[52.879593] (-) TimerEvent: {}
[52.979993] (-) TimerEvent: {}
[53.080930] (-) TimerEvent: {}
[53.181241] (-) TimerEvent: {}
[53.281588] (-) TimerEvent: {}
[53.381958] (-) TimerEvent: {}
[53.482466] (-) TimerEvent: {}
[53.583063] (-) TimerEvent: {}
[53.683702] (-) TimerEvent: {}
[53.789200] (-) TimerEvent: {}
[53.890409] (-) TimerEvent: {}
[53.992796] (-) TimerEvent: {}
[54.093366] (-) TimerEvent: {}
[54.194745] (-) TimerEvent: {}
[54.296125] (-) TimerEvent: {}
[54.396541] (-) TimerEvent: {}
[54.497238] (-) TimerEvent: {}
[54.598155] (-) TimerEvent: {}
[54.698496] (-) TimerEvent: {}
[54.798857] (-) TimerEvent: {}
[54.899131] (-) TimerEvent: {}
[54.999857] (-) TimerEvent: {}
[55.100329] (-) TimerEvent: {}
[55.200998] (-) TimerEvent: {}
[55.303093] (-) TimerEvent: {}
[55.404853] (-) TimerEvent: {}
[55.506317] (-) TimerEvent: {}
[55.607748] (-) TimerEvent: {}
[55.710162] (-) TimerEvent: {}
[55.810439] (-) TimerEvent: {}
[55.912494] (-) TimerEvent: {}
[56.013770] (-) TimerEvent: {}
[56.114321] (-) TimerEvent: {}
[56.216437] (-) TimerEvent: {}
[56.317502] (-) TimerEvent: {}
[56.417813] (-) TimerEvent: {}
[56.519738] (-) TimerEvent: {}
[56.620313] (-) TimerEvent: {}
[56.720796] (-) TimerEvent: {}
[56.821169] (-) TimerEvent: {}
[56.923021] (-) TimerEvent: {}
[57.025073] (-) TimerEvent: {}
[57.126078] (-) TimerEvent: {}
[57.226651] (-) TimerEvent: {}
[57.327761] (-) TimerEvent: {}
[57.429879] (-) TimerEvent: {}
[57.531144] (-) TimerEvent: {}
[57.632182] (-) TimerEvent: {}
[57.733121] (-) TimerEvent: {}
[57.834502] (-) TimerEvent: {}
[57.936317] (-) TimerEvent: {}
[58.038707] (-) TimerEvent: {}
[58.139927] (-) TimerEvent: {}
[58.241424] (-) TimerEvent: {}
[58.341904] (-) TimerEvent: {}
[58.443662] (-) TimerEvent: {}
[58.545210] (-) TimerEvent: {}
[58.646402] (-) TimerEvent: {}
[58.768637] (-) TimerEvent: {}
[58.869743] (-) TimerEvent: {}
[58.970944] (-) TimerEvent: {}
[59.071774] (-) TimerEvent: {}
[59.172155] (-) TimerEvent: {}
[59.274132] (-) TimerEvent: {}
[59.356441] (turtlesim) StdoutLine: {'line': b'[ 85%] \x1b[32m\x1b[1mLinking CXX executable mimic\x1b[0m\n'}
[59.375668] (-) TimerEvent: {}
[59.476894] (-) TimerEvent: {}
[59.577324] (-) TimerEvent: {}
[59.672972] (turtlesim) StdoutLine: {'line': b'[ 85%] Built target mimic\n'}
[59.677409] (-) TimerEvent: {}
[59.708343] (turtlesim) StdoutLine: {'line': b'[ 85%] Built target turtlesim\n'}
[59.740896] (turtlesim) StdoutLine: {'line': b'[ 85%] \x1b[32mBuilding CXX object CMakeFiles/draw_square.dir/tutorials/draw_square.cpp.o\x1b[0m\n'}
[59.778272] (-) TimerEvent: {}
[59.881362] (-) TimerEvent: {}
[59.983226] (-) TimerEvent: {}
[60.084579] (-) TimerEvent: {}
[60.185220] (-) TimerEvent: {}
[60.288359] (-) TimerEvent: {}
[60.391016] (-) TimerEvent: {}
[60.491812] (-) TimerEvent: {}
[60.596107] (-) TimerEvent: {}
[60.696634] (-) TimerEvent: {}
[60.798912] (-) TimerEvent: {}
[60.900325] (-) TimerEvent: {}
[61.004120] (-) TimerEvent: {}
[61.111123] (-) TimerEvent: {}
[61.213825] (-) TimerEvent: {}
[61.318260] (-) TimerEvent: {}
[61.422548] (-) TimerEvent: {}
[61.524278] (-) TimerEvent: {}
[61.625121] (-) TimerEvent: {}
[61.727116] (-) TimerEvent: {}
[61.827699] (-) TimerEvent: {}
[61.928122] (-) TimerEvent: {}
[62.030277] (-) TimerEvent: {}
[62.131986] (-) TimerEvent: {}
[62.234759] (-) TimerEvent: {}
[62.338054] (-) TimerEvent: {}
[62.440550] (-) TimerEvent: {}
[62.542159] (-) TimerEvent: {}
[62.644024] (-) TimerEvent: {}
[62.745564] (-) TimerEvent: {}
[62.846602] (-) TimerEvent: {}
[62.949571] (-) TimerEvent: {}
[63.049919] (-) TimerEvent: {}
[63.153374] (-) TimerEvent: {}
[63.255646] (-) TimerEvent: {}
[63.356878] (-) TimerEvent: {}
[63.459915] (-) TimerEvent: {}
[63.563499] (-) TimerEvent: {}
[63.666535] (-) TimerEvent: {}
[63.768522] (-) TimerEvent: {}
[63.869265] (-) TimerEvent: {}
[63.972684] (-) TimerEvent: {}
[64.074779] (-) TimerEvent: {}
[64.177440] (-) TimerEvent: {}
[64.278878] (-) TimerEvent: {}
[64.380234] (-) TimerEvent: {}
[64.481658] (-) TimerEvent: {}
[64.583294] (-) TimerEvent: {}
[64.687116] (-) TimerEvent: {}
[64.788403] (-) TimerEvent: {}
[64.889381] (-) TimerEvent: {}
[64.990210] (-) TimerEvent: {}
[65.091237] (-) TimerEvent: {}
[65.192538] (-) TimerEvent: {}
[65.294725] (-) TimerEvent: {}
[65.397296] (-) TimerEvent: {}
[65.498677] (-) TimerEvent: {}
[65.600187] (-) TimerEvent: {}
[65.702159] (-) TimerEvent: {}
[65.807274] (-) TimerEvent: {}
[65.909573] (-) TimerEvent: {}
[66.010094] (-) TimerEvent: {}
[66.112724] (-) TimerEvent: {}
[66.215803] (-) TimerEvent: {}
[66.316664] (-) TimerEvent: {}
[66.421027] (-) TimerEvent: {}
[66.522395] (-) TimerEvent: {}
[66.623588] (-) TimerEvent: {}
[66.727509] (-) TimerEvent: {}
[66.828684] (-) TimerEvent: {}
[66.930058] (-) TimerEvent: {}
[67.030873] (-) TimerEvent: {}
[67.132118] (-) TimerEvent: {}
[67.235291] (-) TimerEvent: {}
[67.337545] (-) TimerEvent: {}
[67.440338] (-) TimerEvent: {}
[67.541956] (-) TimerEvent: {}
[67.645421] (-) TimerEvent: {}
[67.746550] (-) TimerEvent: {}
[67.847217] (-) TimerEvent: {}
[67.947882] (-) TimerEvent: {}
[68.048546] (-) TimerEvent: {}
[68.148890] (-) TimerEvent: {}
[68.250109] (-) TimerEvent: {}
[68.350804] (-) TimerEvent: {}
[68.451724] (-) TimerEvent: {}
[68.552743] (-) TimerEvent: {}
[68.617721] (turtlesim) StdoutLine: {'line': b'[ 86%] \x1b[32m\x1b[1mLinking CXX executable draw_square\x1b[0m\n'}
[68.654132] (-) TimerEvent: {}
[68.755269] (-) TimerEvent: {}
[68.858150] (-) TimerEvent: {}
[68.958835] (-) TimerEvent: {}
[68.965894] (turtlesim) StdoutLine: {'line': b'[ 86%] Built target draw_square\n'}
[69.000692] (turtlesim) StdoutLine: {'line': b'[ 86%] Built target turtlesim__py\n'}
[69.032295] (turtlesim) StdoutLine: {'line': b'[ 88%] \x1b[32mBuilding C object CMakeFiles/turtlesim__rosidl_generator_py.dir/rosidl_generator_py/turtlesim/action/_rotate_absolute_s.c.o\x1b[0m\n'}
[69.032467] (turtlesim) StdoutLine: {'line': b'[ 88%] \x1b[32mBuilding C object CMakeFiles/turtlesim__rosidl_generator_py.dir/rosidl_generator_py/turtlesim/msg/_color_s.c.o\x1b[0m\n'}
[69.058959] (-) TimerEvent: {}
[69.159590] (-) TimerEvent: {}
[69.260598] (-) TimerEvent: {}
[69.261617] (turtlesim) StdoutLine: {'line': b'[ 89%] \x1b[32mBuilding C object CMakeFiles/turtlesim__rosidl_generator_py.dir/rosidl_generator_py/turtlesim/srv/_kill_s.c.o\x1b[0m\n'}
[69.320335] (turtlesim) StdoutLine: {'line': b'[ 90%] \x1b[32mBuilding C object CMakeFiles/turtlesim__rosidl_generator_py.dir/rosidl_generator_py/turtlesim/srv/_set_pen_s.c.o\x1b[0m\n'}
[69.360780] (-) TimerEvent: {}
[69.408756] (turtlesim) StdoutLine: {'line': b'[ 91%] \x1b[32mBuilding C object CMakeFiles/turtlesim__rosidl_generator_py.dir/rosidl_generator_py/turtlesim/srv/_spawn_s.c.o\x1b[0m\n'}
[69.461260] (-) TimerEvent: {}
[69.486658] (turtlesim) StdoutLine: {'line': b'[ 92%] \x1b[32mBuilding C object CMakeFiles/turtlesim__rosidl_generator_py.dir/rosidl_generator_py/turtlesim/srv/_teleport_absolute_s.c.o\x1b[0m\n'}
[69.561436] (-) TimerEvent: {}
[69.566390] (turtlesim) StdoutLine: {'line': b'[ 93%] \x1b[32mBuilding C object CMakeFiles/turtlesim__rosidl_generator_py.dir/rosidl_generator_py/turtlesim/srv/_teleport_relative_s.c.o\x1b[0m\n'}
[69.645746] (turtlesim) StdoutLine: {'line': b'[ 93%] \x1b[32mBuilding C object CMakeFiles/turtlesim__rosidl_generator_py.dir/rosidl_generator_py/turtlesim/msg/_pose_s.c.o\x1b[0m\n'}
[69.662219] (-) TimerEvent: {}
[69.762630] (-) TimerEvent: {}
[69.771226] (turtlesim) StdoutLine: {'line': b'[ 94%] \x1b[32m\x1b[1mLinking C shared library libturtlesim__rosidl_generator_py.so\x1b[0m\n'}
[69.824727] (turtlesim) StdoutLine: {'line': b'[ 94%] Built target turtlesim__rosidl_generator_py\n'}
[69.852900] (turtlesim) StdoutLine: {'line': b'[ 96%] \x1b[32mBuilding C object CMakeFiles/turtlesim_s__rosidl_typesupport_fastrtps_c.dir/rosidl_generator_py/turtlesim/_turtlesim_s.ep.rosidl_typesupport_fastrtps_c.c.o\x1b[0m\n'}
[69.853072] (turtlesim) StdoutLine: {'line': b'[ 96%] \x1b[32mBuilding C object CMakeFiles/turtlesim_s__rosidl_typesupport_introspection_c.dir/rosidl_generator_py/turtlesim/_turtlesim_s.ep.rosidl_typesupport_introspection_c.c.o\x1b[0m\n'}
[69.863324] (-) TimerEvent: {}
[69.965978] (-) TimerEvent: {}
[70.056748] (turtlesim) StdoutLine: {'line': b'[ 97%] \x1b[32m\x1b[1mLinking C shared module rosidl_generator_py/turtlesim/turtlesim_s__rosidl_typesupport_introspection_c.so\x1b[0m\n'}
[70.057125] (turtlesim) StdoutLine: {'line': b'[ 98%] \x1b[32m\x1b[1mLinking C shared module rosidl_generator_py/turtlesim/turtlesim_s__rosidl_typesupport_fastrtps_c.so\x1b[0m\n'}
[70.066210] (-) TimerEvent: {}
[70.095919] (turtlesim) StdoutLine: {'line': b'[ 98%] Built target turtlesim_s__rosidl_typesupport_fastrtps_c\n'}
[70.112673] (turtlesim) StdoutLine: {'line': b'[ 98%] Built target turtlesim_s__rosidl_typesupport_introspection_c\n'}
[70.130364] (turtlesim) StdoutLine: {'line': b'[ 99%] \x1b[32mBuilding C object CMakeFiles/turtlesim_s__rosidl_typesupport_c.dir/rosidl_generator_py/turtlesim/_turtlesim_s.ep.rosidl_typesupport_c.c.o\x1b[0m\n'}
[70.167350] (-) TimerEvent: {}
[70.269897] (-) TimerEvent: {}
[70.370490] (-) TimerEvent: {}
[70.425110] (turtlesim) StdoutLine: {'line': b'[100%] \x1b[32m\x1b[1mLinking C shared module rosidl_generator_py/turtlesim/turtlesim_s__rosidl_typesupport_c.so\x1b[0m\n'}
[70.471452] (-) TimerEvent: {}
[70.574684] (-) TimerEvent: {}
[70.604719] (turtlesim) StdoutLine: {'line': b'[100%] Built target turtlesim_s__rosidl_typesupport_c\n'}
[70.622539] (turtlesim) CommandEnded: {'returncode': 0}
[70.674867] (-) TimerEvent: {}
[70.694693] (turtlesim) JobProgress: {'identifier': 'turtlesim', 'progress': 'install'}
[70.694770] (turtlesim) Command: {'cmd': ['/usr/bin/cmake', '--install', '/home/richard/ros2_ws/build/turtlesim'], 'cwd': '/home/richard/ros2_ws/build/turtlesim', 'env': OrderedDict({'GJS_DEBUG_TOPICS': 'JS ERROR;JS LOG', 'LESSOPEN': '| /usr/bin/lesspipe %s', 'USER': 'richard', 'XDG_SESSION_TYPE': 'wayland', 'GIT_ASKPASS': '/usr/share/code/resources/app/extensions/git/dist/askpass.sh', 'CLUTTER_DISABLE_MIPMAPPED_TEXT': '1', 'SHLVL': '1', 'LD_LIBRARY_PATH': '/home/richard/ros2_ws/install/turtlesim/lib:/opt/ros/jazzy/opt/rviz_ogre_vendor/lib:/opt/ros/jazzy/lib/x86_64-linux-gnu:/opt/ros/jazzy/opt/gz_math_vendor/lib:/opt/ros/jazzy/opt/gz_utils_vendor/lib:/opt/ros/jazzy/opt/gz_cmake_vendor/lib:/opt/ros/jazzy/lib::/usr/local/Aria/lib:/usr/local/Aria/lib:/usr/local/Aria/lib:/usr/local/Aria/lib', 'HOME': '/home/richard', 'CHROME_DESKTOP': 'code.desktop', 'TERM_PROGRAM_VERSION': '1.101.1', 'DESKTOP_SESSION': 'ubuntu', 'GIO_LAUNCHED_DESKTOP_FILE': '/usr/share/applications/code.desktop', 'ROS_PYTHON_VERSION': '3', 'GNOME_SHELL_SESSION_MODE': 'ubuntu', 'GTK_MODULES': 'gail:atk-bridge', 'VSCODE_GIT_ASKPASS_MAIN': '/usr/share/code/resources/app/extensions/git/dist/askpass-main.js', 'VSCODE_GIT_ASKPASS_NODE': '/usr/share/code/code', 'MANAGERPID': '1894', 'SYSTEMD_EXEC_PID': '2143', 'IM_CONFIG_CHECK_ENV': '1', 'GSM_SKIP_SSH_AGENT_WORKAROUND': 'true', 'DBUS_SESSION_BUS_ADDRESS': 'unix:path=/run/user/1000/bus', 'COLORTERM': 'truecolor', 'GIO_LAUNCHED_DESKTOP_FILE_PID': '2973', 'DEBUGINFOD_URLS': 'https://debuginfod.ubuntu.com', 'IM_CONFIG_PHASE': '1', 'WAYLAND_DISPLAY': 'wayland-0', 'COLCON_PREFIX_PATH': '/home/richard/ros2_ws/install', 'ROS_DISTRO': 'jazzy', 'LOGNAME': 'richard', 'JOURNAL_STREAM': '9:14931', '_': '/usr/bin/colcon', 'ROS_VERSION': '2', 'MEMORY_PRESSURE_WATCH': '/sys/fs/cgroup/user.slice/user-1000.slice/user@1000.service/session.slice/org.gnome.Shell@wayland.service/memory.pressure', 'XDG_SESSION_CLASS': 'user', 'USERNAME': 'richard', 'TERM': 'xterm-256color', 'GNOME_DESKTOP_SESSION_ID': 'this-is-deprecated', 'PATH': '/opt/ros/jazzy/bin:/usr/local/sbin:/usr/local/bin:/usr/sbin:/usr/bin:/sbin:/bin:/usr/games:/usr/local/games:/snap/bin:/snap/bin', 'SESSION_MANAGER': 'local/richard-VirtualBox:@/tmp/.ICE-unix/2098,unix/richard-VirtualBox:/tmp/.ICE-unix/2098', 'INVOCATION_ID': '3ab2961568714eaf8b22dbf233e26225', 'XDG_MENU_PREFIX': 'gnome-', 'GNOME_SETUP_DISPLAY': ':1', 'XDG_RUNTIME_DIR': '/run/user/1000', 'GDK_BACKEND': 'x11', 'DISPLAY': ':0', 'LANG': 'pt_BR.UTF-8', 'XDG_CURRENT_DESKTOP': 'Unity', 'XMODIFIERS': '@im=ibus', 'XDG_SESSION_DESKTOP': 'ubuntu', 'XAUTHORITY': '/run/user/1000/.mutter-Xwaylandauth.I9AG92', 'LS_COLORS': 'rs=0:di=01;34:ln=01;36:mh=00:pi=40;33:so=01;35:do=01;35:bd=40;33;01:cd=40;33;01:or=40;31;01:mi=00:su=37;41:sg=30;43:ca=00:tw=30;42:ow=34;42:st=37;44:ex=01;32:*.tar=01;31:*.tgz=01;31:*.arc=01;31:*.arj=01;31:*.taz=01;31:*.lha=01;31:*.lz4=01;31:*.lzh=01;31:*.lzma=01;31:*.tlz=01;31:*.txz=01;31:*.tzo=01;31:*.t7z=01;31:*.zip=01;31:*.z=01;31:*.dz=01;31:*.gz=01;31:*.lrz=01;31:*.lz=01;31:*.lzo=01;31:*.xz=01;31:*.zst=01;31:*.tzst=01;31:*.bz2=01;31:*.bz=01;31:*.tbz=01;31:*.tbz2=01;31:*.tz=01;31:*.deb=01;31:*.rpm=01;31:*.jar=01;31:*.war=01;31:*.ear=01;31:*.sar=01;31:*.rar=01;31:*.alz=01;31:*.ace=01;31:*.zoo=01;31:*.cpio=01;31:*.7z=01;31:*.rz=01;31:*.cab=01;31:*.wim=01;31:*.swm=01;31:*.dwm=01;31:*.esd=01;31:*.avif=01;35:*.jpg=01;35:*.jpeg=01;35:*.mjpg=01;35:*.mjpeg=01;35:*.gif=01;35:*.bmp=01;35:*.pbm=01;35:*.pgm=01;35:*.ppm=01;35:*.tga=01;35:*.xbm=01;35:*.xpm=01;35:*.tif=01;35:*.tiff=01;35:*.png=01;35:*.svg=01;35:*.svgz=01;35:*.mng=01;35:*.pcx=01;35:*.mov=01;35:*.mpg=01;35:*.mpeg=01;35:*.m2v=01;35:*.mkv=01;35:*.webm=01;35:*.webp=01;35:*.ogm=01;35:*.mp4=01;35:*.m4v=01;35:*.mp4v=01;35:*.vob=01;35:*.qt=01;35:*.nuv=01;35:*.wmv=01;35:*.asf=01;35:*.rm=01;35:*.rmvb=01;35:*.flc=01;35:*.avi=01;35:*.fli=01;35:*.flv=01;35:*.gl=01;35:*.dl=01;35:*.xcf=01;35:*.xwd=01;35:*.yuv=01;35:*.cgm=01;35:*.emf=01;35:*.ogv=01;35:*.ogx=01;35:*.aac=00;36:*.au=00;36:*.flac=00;36:*.m4a=00;36:*.mid=00;36:*.midi=00;36:*.mka=00;36:*.mp3=00;36:*.mpc=00;36:*.ogg=00;36:*.ra=00;36:*.wav=00;36:*.oga=00;36:*.opus=00;36:*.spx=00;36:*.xspf=00;36:*~=00;90:*#=00;90:*.bak=00;90:*.crdownload=00;90:*.dpkg-dist=00;90:*.dpkg-new=00;90:*.dpkg-old=00;90:*.dpkg-tmp=00;90:*.old=00;90:*.orig=00;90:*.part=00;90:*.rej=00;90:*.rpmnew=00;90:*.rpmorig=00;90:*.rpmsave=00;90:*.swp=00;90:*.tmp=00;90:*.ucf-dist=00;90:*.ucf-new=00;90:*.ucf-old=00;90:', 'VSCODE_GIT_IPC_HANDLE': '/run/user/1000/vscode-git-a183934ae2.sock', 'TERM_PROGRAM': 'vscode', 'SSH_AUTH_SOCK': '/run/user/1000/keyring/ssh', 'AMENT_PREFIX_PATH': '/home/richard/ros2_ws/install/turtlesim:/home/richard/ros2_ws/install/tp1:/home/richard/ros2_ws/install/phi_aria:/opt/ros/jazzy', 'ORIGINAL_XDG_CURRENT_DESKTOP': 'ubuntu:GNOME', 'SHELL': '/bin/bash', 'QT_ACCESSIBILITY': '1', 'GDMSESSION': 'ubuntu', 'LESSCLOSE': '/usr/bin/lesspipe %s %s', 'GJS_DEBUG_OUTPUT': 'stderr', 'ROS_AUTOMATIC_DISCOVERY_RANGE': 'SUBNET', 'VSCODE_GIT_ASKPASS_EXTRA_ARGS': '', 'QT_IM_MODULE': 'ibus', 'PWD': '/home/richard/ros2_ws/build/turtlesim', 'XDG_CONFIG_DIRS': '/etc/xdg/xdg-ubuntu:/etc/xdg', 'XDG_DATA_DIRS': '/usr/share/ubuntu:/usr/share/gnome:/usr/local/share/:/usr/share/:/var/lib/snapd/desktop', 'PYTHONPATH': '/home/richard/ros2_ws/install/turtlesim/lib/python3.12/site-packages:/opt/ros/jazzy/lib/python3.12/site-packages', 'COLCON': '1', 'MEMORY_PRESSURE_WRITE': 'c29tZSAyMDAwMDAgMjAwMDAwMAA=', 'CMAKE_PREFIX_PATH': '/home/richard/ros2_ws/install/turtlesim:/home/richard/ros2_ws/install/tp1:/home/richard/ros2_ws/install/phi_aria:/opt/ros/jazzy/opt/gz_math_vendor:/opt/ros/jazzy/opt/gz_utils_vendor:/opt/ros/jazzy/opt/gz_cmake_vendor:/opt/ros/jazzy'}), 'shell': False}
[70.708186] (turtlesim) StdoutLine: {'line': b'-- Install configuration: ""\n'}
[70.708560] (turtlesim) StdoutLine: {'line': b'-- Up-to-date: /home/richard/ros2_ws/install/turtlesim/share/ament_index/resource_index/rosidl_interfaces/turtlesim\n'}
[70.708652] (turtlesim) StdoutLine: {'line': b'-- Up-to-date: /home/richard/ros2_ws/install/turtlesim/share/turtlesim/action/RotateAbsolute.json\n'}
[70.708721] (turtlesim) StdoutLine: {'line': b'-- Up-to-date: /home/richard/ros2_ws/install/turtlesim/share/turtlesim/msg/Color.json\n'}
[70.708785] (turtlesim) StdoutLine: {'line': b'-- Up-to-date: /home/richard/ros2_ws/install/turtlesim/share/turtlesim/msg/Pose.json\n'}
[70.708868] (turtlesim) StdoutLine: {'line': b'-- Up-to-date: /home/richard/ros2_ws/install/turtlesim/share/turtlesim/srv/Kill.json\n'}
[70.708950] (turtlesim) StdoutLine: {'line': b'-- Up-to-date: /home/richard/ros2_ws/install/turtlesim/share/turtlesim/srv/SetPen.json\n'}
[70.709153] (turtlesim) StdoutLine: {'line': b'-- Up-to-date: /home/richard/ros2_ws/install/turtlesim/share/turtlesim/srv/Spawn.json\n'}
[70.709225] (turtlesim) StdoutLine: {'line': b'-- Up-to-date: /home/richard/ros2_ws/install/turtlesim/share/turtlesim/srv/TeleportAbsolute.json\n'}
[70.709316] (turtlesim) StdoutLine: {'line': b'-- Up-to-date: /home/richard/ros2_ws/install/turtlesim/share/turtlesim/srv/TeleportRelative.json\n'}
[70.709391] (turtlesim) StdoutLine: {'line': b'-- Up-to-date: /home/richard/ros2_ws/install/turtlesim/include/turtlesim/turtlesim\n'}
[70.709453] (turtlesim) StdoutLine: {'line': b'-- Up-to-date: /home/richard/ros2_ws/install/turtlesim/include/turtlesim/turtlesim/srv\n'}
[70.709520] (turtlesim) StdoutLine: {'line': b'-- Up-to-date: /home/richard/ros2_ws/install/turtlesim/include/turtlesim/turtlesim/srv/teleport_relative.h\n'}
[70.709582] (turtlesim) StdoutLine: {'line': b'-- Up-to-date: /home/richard/ros2_ws/install/turtlesim/include/turtlesim/turtlesim/srv/kill.h\n'}
[70.709643] (turtlesim) StdoutLine: {'line': b'-- Up-to-date: /home/richard/ros2_ws/install/turtlesim/include/turtlesim/turtlesim/srv/teleport_absolute.h\n'}
[70.709704] (turtlesim) StdoutLine: {'line': b'-- Up-to-date: /home/richard/ros2_ws/install/turtlesim/include/turtlesim/turtlesim/srv/spawn.h\n'}
[70.709764] (turtlesim) StdoutLine: {'line': b'-- Up-to-date: /home/richard/ros2_ws/install/turtlesim/include/turtlesim/turtlesim/srv/set_pen.h\n'}
[70.709851] (turtlesim) StdoutLine: {'line': b'-- Up-to-date: /home/richard/ros2_ws/install/turtlesim/include/turtlesim/turtlesim/srv/detail\n'}
[70.709983] (turtlesim) StdoutLine: {'line': b'-- Up-to-date: /home/richard/ros2_ws/install/turtlesim/include/turtlesim/turtlesim/srv/detail/teleport_absolute__struct.h\n'}
[70.710092] (turtlesim) StdoutLine: {'line': b'-- Up-to-date: /home/richard/ros2_ws/install/turtlesim/include/turtlesim/turtlesim/srv/detail/teleport_relative__functions.h\n'}
[70.710172] (turtlesim) StdoutLine: {'line': b'-- Up-to-date: /home/richard/ros2_ws/install/turtlesim/include/turtlesim/turtlesim/srv/detail/teleport_absolute__functions.c\n'}
[70.710233] (turtlesim) StdoutLine: {'line': b'-- Up-to-date: /home/richard/ros2_ws/install/turtlesim/include/turtlesim/turtlesim/srv/detail/kill__type_support.h\n'}
[70.710304] (turtlesim) StdoutLine: {'line': b'-- Up-to-date: /home/richard/ros2_ws/install/turtlesim/include/turtlesim/turtlesim/srv/detail/teleport_absolute__type_support.h\n'}
[70.710362] (turtlesim) StdoutLine: {'line': b'-- Installing: /home/richard/ros2_ws/install/turtlesim/include/turtlesim/turtlesim/srv/detail/spawn__type_support.c\n'}
[70.710420] (turtlesim) StdoutLine: {'line': b'-- Installing: /home/richard/ros2_ws/install/turtlesim/include/turtlesim/turtlesim/srv/detail/teleport_absolute__type_support.c\n'}
[70.710509] (turtlesim) StdoutLine: {'line': b'-- Up-to-date: /home/richard/ros2_ws/install/turtlesim/include/turtlesim/turtlesim/srv/detail/set_pen__functions.h\n'}
[70.710570] (turtlesim) StdoutLine: {'line': b'-- Installing: /home/richard/ros2_ws/install/turtlesim/include/turtlesim/turtlesim/srv/detail/teleport_relative__type_support.c\n'}
[70.710648] (turtlesim) StdoutLine: {'line': b'-- Up-to-date: /home/richard/ros2_ws/install/turtlesim/include/turtlesim/turtlesim/srv/detail/kill__struct.h\n'}
[70.710795] (turtlesim) StdoutLine: {'line': b'-- Up-to-date: /home/richard/ros2_ws/install/turtlesim/include/turtlesim/turtlesim/srv/detail/teleport_relative__struct.h\n'}
[70.710869] (turtlesim) StdoutLine: {'line': b'-- Up-to-date: /home/richard/ros2_ws/install/turtlesim/include/turtlesim/turtlesim/srv/detail/spawn__functions.c\n'}
[70.710939] (turtlesim) StdoutLine: {'line': b'-- Installing: /home/richard/ros2_ws/install/turtlesim/include/turtlesim/turtlesim/srv/detail/set_pen__type_support.c\n'}
[70.711004] (turtlesim) StdoutLine: {'line': b'-- Up-to-date: /home/richard/ros2_ws/install/turtlesim/include/turtlesim/turtlesim/srv/detail/spawn__type_support.h\n'}
[70.711102] (turtlesim) StdoutLine: {'line': b'-- Up-to-date: /home/richard/ros2_ws/install/turtlesim/include/turtlesim/turtlesim/srv/detail/spawn__description.c\n'}
[70.713449] (turtlesim) StdoutLine: {'line': b'-- Up-to-date: /home/richard/ros2_ws/install/turtlesim/include/turtlesim/turtlesim/srv/detail/teleport_absolute__description.c\n'}
[70.713534] (turtlesim) StdoutLine: {'line': b'-- Up-to-date: /home/richard/ros2_ws/install/turtlesim/include/turtlesim/turtlesim/srv/detail/set_pen__description.c\n'}
[70.713668] (turtlesim) StdoutLine: {'line': b'-- Up-to-date: /home/richard/ros2_ws/install/turtlesim/include/turtlesim/turtlesim/srv/detail/spawn__struct.h\n'}
[70.713857] (turtlesim) StdoutLine: {'line': b'-- Up-to-date: /home/richard/ros2_ws/install/turtlesim/include/turtlesim/turtlesim/srv/detail/teleport_relative__functions.c\n'}
[70.713936] (turtlesim) StdoutLine: {'line': b'-- Installing: /home/richard/ros2_ws/install/turtlesim/include/turtlesim/turtlesim/srv/detail/kill__type_support.c\n'}
[70.714666] (turtlesim) StdoutLine: {'line': b'-- Up-to-date: /home/richard/ros2_ws/install/turtlesim/include/turtlesim/turtlesim/srv/detail/teleport_relative__description.c\n'}
[70.714762] (turtlesim) StdoutLine: {'line': b'-- Up-to-date: /home/richard/ros2_ws/install/turtlesim/include/turtlesim/turtlesim/srv/detail/set_pen__type_support.h\n'}
[70.714914] (turtlesim) StdoutLine: {'line': b'-- Up-to-date: /home/richard/ros2_ws/install/turtlesim/include/turtlesim/turtlesim/srv/detail/teleport_relative__type_support.h\n'}
[70.715012] (turtlesim) StdoutLine: {'line': b'-- Up-to-date: /home/richard/ros2_ws/install/turtlesim/include/turtlesim/turtlesim/srv/detail/set_pen__functions.c\n'}
[70.715107] (turtlesim) StdoutLine: {'line': b'-- Up-to-date: /home/richard/ros2_ws/install/turtlesim/include/turtlesim/turtlesim/srv/detail/teleport_absolute__functions.h\n'}
[70.715203] (turtlesim) StdoutLine: {'line': b'-- Up-to-date: /home/richard/ros2_ws/install/turtlesim/include/turtlesim/turtlesim/srv/detail/spawn__functions.h\n'}
[70.715343] (turtlesim) StdoutLine: {'line': b'-- Up-to-date: /home/richard/ros2_ws/install/turtlesim/include/turtlesim/turtlesim/srv/detail/kill__functions.c\n'}
[70.715439] (turtlesim) StdoutLine: {'line': b'-- Up-to-date: /home/richard/ros2_ws/install/turtlesim/include/turtlesim/turtlesim/srv/detail/set_pen__struct.h\n'}
[70.715526] (turtlesim) StdoutLine: {'line': b'-- Up-to-date: /home/richard/ros2_ws/install/turtlesim/include/turtlesim/turtlesim/srv/detail/kill__functions.h\n'}
[70.715613] (turtlesim) StdoutLine: {'line': b'-- Up-to-date: /home/richard/ros2_ws/install/turtlesim/include/turtlesim/turtlesim/srv/detail/kill__description.c\n'}
[70.715702] (turtlesim) StdoutLine: {'line': b'-- Up-to-date: /home/richard/ros2_ws/install/turtlesim/include/turtlesim/turtlesim/action\n'}
[70.715792] (turtlesim) StdoutLine: {'line': b'-- Up-to-date: /home/richard/ros2_ws/install/turtlesim/include/turtlesim/turtlesim/action/rotate_absolute.h\n'}
[70.715885] (turtlesim) StdoutLine: {'line': b'-- Up-to-date: /home/richard/ros2_ws/install/turtlesim/include/turtlesim/turtlesim/action/detail\n'}
[70.715975] (turtlesim) StdoutLine: {'line': b'-- Up-to-date: /home/richard/ros2_ws/install/turtlesim/include/turtlesim/turtlesim/action/detail/rotate_absolute__type_support.h\n'}
[70.719147] (turtlesim) StdoutLine: {'line': b'-- Up-to-date: /home/richard/ros2_ws/install/turtlesim/include/turtlesim/turtlesim/action/detail/rotate_absolute__struct.h\n'}
[70.719296] (turtlesim) StdoutLine: {'line': b'-- Up-to-date: /home/richard/ros2_ws/install/turtlesim/include/turtlesim/turtlesim/action/detail/rotate_absolute__functions.h\n'}
[70.719362] (turtlesim) StdoutLine: {'line': b'-- Installing: /home/richard/ros2_ws/install/turtlesim/include/turtlesim/turtlesim/action/detail/rotate_absolute__type_support.c\n'}
[70.719421] (turtlesim) StdoutLine: {'line': b'-- Up-to-date: /home/richard/ros2_ws/install/turtlesim/include/turtlesim/turtlesim/action/detail/rotate_absolute__description.c\n'}
[70.719535] (turtlesim) StdoutLine: {'line': b'-- Up-to-date: /home/richard/ros2_ws/install/turtlesim/include/turtlesim/turtlesim/action/detail/rotate_absolute__functions.c\n'}
[70.719626] (turtlesim) StdoutLine: {'line': b'-- Up-to-date: /home/richard/ros2_ws/install/turtlesim/include/turtlesim/turtlesim/msg\n'}
[70.719698] (turtlesim) StdoutLine: {'line': b'-- Up-to-date: /home/richard/ros2_ws/install/turtlesim/include/turtlesim/turtlesim/msg/rosidl_generator_c__visibility_control.h\n'}
[70.719804] (turtlesim) StdoutLine: {'line': b'-- Up-to-date: /home/richard/ros2_ws/install/turtlesim/include/turtlesim/turtlesim/msg/pose.h\n'}
[70.719873] (turtlesim) StdoutLine: {'line': b'-- Up-to-date: /home/richard/ros2_ws/install/turtlesim/include/turtlesim/turtlesim/msg/color.h\n'}
[70.719938] (turtlesim) StdoutLine: {'line': b'-- Up-to-date: /home/richard/ros2_ws/install/turtlesim/include/turtlesim/turtlesim/msg/detail\n'}
[70.719994] (turtlesim) StdoutLine: {'line': b'-- Up-to-date: /home/richard/ros2_ws/install/turtlesim/include/turtlesim/turtlesim/msg/detail/color__functions.c\n'}
[70.720052] (turtlesim) StdoutLine: {'line': b'-- Up-to-date: /home/richard/ros2_ws/install/turtlesim/include/turtlesim/turtlesim/msg/detail/color__struct.h\n'}
[70.720190] (turtlesim) StdoutLine: {'line': b'-- Up-to-date: /home/richard/ros2_ws/install/turtlesim/include/turtlesim/turtlesim/msg/detail/pose__functions.c\n'}
[70.720260] (turtlesim) StdoutLine: {'line': b'-- Up-to-date: /home/richard/ros2_ws/install/turtlesim/include/turtlesim/turtlesim/msg/detail/pose__functions.h\n'}
[70.720319] (turtlesim) StdoutLine: {'line': b'-- Installing: /home/richard/ros2_ws/install/turtlesim/include/turtlesim/turtlesim/msg/detail/pose__type_support.c\n'}
[70.720378] (turtlesim) StdoutLine: {'line': b'-- Up-to-date: /home/richard/ros2_ws/install/turtlesim/include/turtlesim/turtlesim/msg/detail/pose__type_support.h\n'}
[70.720435] (turtlesim) StdoutLine: {'line': b'-- Up-to-date: /home/richard/ros2_ws/install/turtlesim/include/turtlesim/turtlesim/msg/detail/color__description.c\n'}
[70.720492] (turtlesim) StdoutLine: {'line': b'-- Up-to-date: /home/richard/ros2_ws/install/turtlesim/include/turtlesim/turtlesim/msg/detail/color__functions.h\n'}
[70.720549] (turtlesim) StdoutLine: {'line': b'-- Installing: /home/richard/ros2_ws/install/turtlesim/include/turtlesim/turtlesim/msg/detail/color__type_support.c\n'}
[70.720606] (turtlesim) StdoutLine: {'line': b'-- Up-to-date: /home/richard/ros2_ws/install/turtlesim/include/turtlesim/turtlesim/msg/detail/pose__struct.h\n'}
[70.720664] (turtlesim) StdoutLine: {'line': b'-- Up-to-date: /home/richard/ros2_ws/install/turtlesim/include/turtlesim/turtlesim/msg/detail/color__type_support.h\n'}
[70.720726] (turtlesim) StdoutLine: {'line': b'-- Up-to-date: /home/richard/ros2_ws/install/turtlesim/include/turtlesim/turtlesim/msg/detail/pose__description.c\n'}
[70.720784] (turtlesim) StdoutLine: {'line': b'-- Up-to-date: /home/richard/ros2_ws/install/turtlesim/share/turtlesim/environment/library_path.sh\n'}
[70.720842] (turtlesim) StdoutLine: {'line': b'-- Up-to-date: /home/richard/ros2_ws/install/turtlesim/share/turtlesim/environment/library_path.dsv\n'}
[70.720924] (turtlesim) StdoutLine: {'line': b'-- Up-to-date: /home/richard/ros2_ws/install/turtlesim/lib/libturtlesim__rosidl_generator_c.so\n'}
[70.720985] (turtlesim) StdoutLine: {'line': b'-- Up-to-date: /home/richard/ros2_ws/install/turtlesim/include/turtlesim/turtlesim\n'}
[70.721043] (turtlesim) StdoutLine: {'line': b'-- Up-to-date: /home/richard/ros2_ws/install/turtlesim/include/turtlesim/turtlesim/srv\n'}
[70.721104] (turtlesim) StdoutLine: {'line': b'-- Up-to-date: /home/richard/ros2_ws/install/turtlesim/include/turtlesim/turtlesim/srv/detail\n'}
[70.721164] (turtlesim) StdoutLine: {'line': b'-- Up-to-date: /home/richard/ros2_ws/install/turtlesim/include/turtlesim/turtlesim/srv/detail/kill__rosidl_typesupport_fastrtps_c.h\n'}
[70.721225] (turtlesim) StdoutLine: {'line': b'-- Up-to-date: /home/richard/ros2_ws/install/turtlesim/include/turtlesim/turtlesim/srv/detail/teleport_relative__rosidl_typesupport_fastrtps_c.h\n'}
[70.721286] (turtlesim) StdoutLine: {'line': b'-- Up-to-date: /home/richard/ros2_ws/install/turtlesim/include/turtlesim/turtlesim/srv/detail/set_pen__rosidl_typesupport_fastrtps_c.h\n'}
[70.721459] (turtlesim) StdoutLine: {'line': b'-- Up-to-date: /home/richard/ros2_ws/install/turtlesim/include/turtlesim/turtlesim/srv/detail/teleport_absolute__rosidl_typesupport_fastrtps_c.h\n'}
[70.721545] (turtlesim) StdoutLine: {'line': b'-- Up-to-date: /home/richard/ros2_ws/install/turtlesim/include/turtlesim/turtlesim/srv/detail/spawn__rosidl_typesupport_fastrtps_c.h\n'}
[70.721606] (turtlesim) StdoutLine: {'line': b'-- Up-to-date: /home/richard/ros2_ws/install/turtlesim/include/turtlesim/turtlesim/action\n'}
[70.721671] (turtlesim) StdoutLine: {'line': b'-- Up-to-date: /home/richard/ros2_ws/install/turtlesim/include/turtlesim/turtlesim/action/detail\n'}
[70.721747] (turtlesim) StdoutLine: {'line': b'-- Up-to-date: /home/richard/ros2_ws/install/turtlesim/include/turtlesim/turtlesim/action/detail/rotate_absolute__rosidl_typesupport_fastrtps_c.h\n'}
[70.721824] (turtlesim) StdoutLine: {'line': b'-- Up-to-date: /home/richard/ros2_ws/install/turtlesim/include/turtlesim/turtlesim/msg\n'}
[70.721895] (turtlesim) StdoutLine: {'line': b'-- Up-to-date: /home/richard/ros2_ws/install/turtlesim/include/turtlesim/turtlesim/msg/rosidl_typesupport_fastrtps_c__visibility_control.h\n'}
[70.721981] (turtlesim) StdoutLine: {'line': b'-- Up-to-date: /home/richard/ros2_ws/install/turtlesim/include/turtlesim/turtlesim/msg/detail\n'}
[70.722123] (turtlesim) StdoutLine: {'line': b'-- Up-to-date: /home/richard/ros2_ws/install/turtlesim/include/turtlesim/turtlesim/msg/detail/pose__rosidl_typesupport_fastrtps_c.h\n'}
[70.722193] (turtlesim) StdoutLine: {'line': b'-- Up-to-date: /home/richard/ros2_ws/install/turtlesim/include/turtlesim/turtlesim/msg/detail/color__rosidl_typesupport_fastrtps_c.h\n'}
[70.722334] (turtlesim) StdoutLine: {'line': b'-- Installing: /home/richard/ros2_ws/install/turtlesim/lib/libturtlesim__rosidl_typesupport_fastrtps_c.so\n'}
[70.722415] (turtlesim) StdoutLine: {'line': b'-- Set non-toolchain portion of runtime path of "/home/richard/ros2_ws/install/turtlesim/lib/libturtlesim__rosidl_typesupport_fastrtps_c.so" to ""\n'}
[70.723761] (turtlesim) StdoutLine: {'line': b'-- Up-to-date: /home/richard/ros2_ws/install/turtlesim/include/turtlesim/turtlesim\n'}
[70.723867] (turtlesim) StdoutLine: {'line': b'-- Up-to-date: /home/richard/ros2_ws/install/turtlesim/include/turtlesim/turtlesim/srv\n'}
[70.724312] (turtlesim) StdoutLine: {'line': b'-- Up-to-date: /home/richard/ros2_ws/install/turtlesim/include/turtlesim/turtlesim/srv/spawn.hpp\n'}
[70.725938] (turtlesim) StdoutLine: {'line': b'-- Up-to-date: /home/richard/ros2_ws/install/turtlesim/include/turtlesim/turtlesim/srv/kill.hpp\n'}
[70.726149] (turtlesim) StdoutLine: {'line': b'-- Up-to-date: /home/richard/ros2_ws/install/turtlesim/include/turtlesim/turtlesim/srv/set_pen.hpp\n'}
[70.726230] (turtlesim) StdoutLine: {'line': b'-- Up-to-date: /home/richard/ros2_ws/install/turtlesim/include/turtlesim/turtlesim/srv/teleport_absolute.hpp\n'}
[70.726294] (turtlesim) StdoutLine: {'line': b'-- Up-to-date: /home/richard/ros2_ws/install/turtlesim/include/turtlesim/turtlesim/srv/teleport_relative.hpp\n'}
[70.726355] (turtlesim) StdoutLine: {'line': b'-- Up-to-date: /home/richard/ros2_ws/install/turtlesim/include/turtlesim/turtlesim/srv/detail\n'}
[70.726415] (turtlesim) StdoutLine: {'line': b'-- Up-to-date: /home/richard/ros2_ws/install/turtlesim/include/turtlesim/turtlesim/srv/detail/spawn__type_support.hpp\n'}
[70.726475] (turtlesim) StdoutLine: {'line': b'-- Up-to-date: /home/richard/ros2_ws/install/turtlesim/include/turtlesim/turtlesim/srv/detail/teleport_absolute__traits.hpp\n'}
[70.726534] (turtlesim) StdoutLine: {'line': b'-- Up-to-date: /home/richard/ros2_ws/install/turtlesim/include/turtlesim/turtlesim/srv/detail/kill__builder.hpp\n'}
[70.726592] (turtlesim) StdoutLine: {'line': b'-- Up-to-date: /home/richard/ros2_ws/install/turtlesim/include/turtlesim/turtlesim/srv/detail/set_pen__struct.hpp\n'}
[70.726656] (turtlesim) StdoutLine: {'line': b'-- Up-to-date: /home/richard/ros2_ws/install/turtlesim/include/turtlesim/turtlesim/srv/detail/teleport_absolute__type_support.hpp\n'}
[70.726717] (turtlesim) StdoutLine: {'line': b'-- Up-to-date: /home/richard/ros2_ws/install/turtlesim/include/turtlesim/turtlesim/srv/detail/teleport_absolute__builder.hpp\n'}
[70.726776] (turtlesim) StdoutLine: {'line': b'-- Up-to-date: /home/richard/ros2_ws/install/turtlesim/include/turtlesim/turtlesim/srv/detail/set_pen__builder.hpp\n'}
[70.726871] (turtlesim) StdoutLine: {'line': b'-- Up-to-date: /home/richard/ros2_ws/install/turtlesim/include/turtlesim/turtlesim/srv/detail/teleport_relative__traits.hpp\n'}
[70.727003] (turtlesim) StdoutLine: {'line': b'-- Up-to-date: /home/richard/ros2_ws/install/turtlesim/include/turtlesim/turtlesim/srv/detail/spawn__builder.hpp\n'}
[70.727098] (turtlesim) StdoutLine: {'line': b'-- Up-to-date: /home/richard/ros2_ws/install/turtlesim/include/turtlesim/turtlesim/srv/detail/spawn__traits.hpp\n'}
[70.727182] (turtlesim) StdoutLine: {'line': b'-- Up-to-date: /home/richard/ros2_ws/install/turtlesim/include/turtlesim/turtlesim/srv/detail/set_pen__type_support.hpp\n'}
[70.727242] (turtlesim) StdoutLine: {'line': b'-- Up-to-date: /home/richard/ros2_ws/install/turtlesim/include/turtlesim/turtlesim/srv/detail/kill__traits.hpp\n'}
[70.727301] (turtlesim) StdoutLine: {'line': b'-- Up-to-date: /home/richard/ros2_ws/install/turtlesim/include/turtlesim/turtlesim/srv/detail/kill__struct.hpp\n'}
[70.727368] (turtlesim) StdoutLine: {'line': b'-- Up-to-date: /home/richard/ros2_ws/install/turtlesim/include/turtlesim/turtlesim/srv/detail/teleport_relative__type_support.hpp\n'}
[70.727433] (turtlesim) StdoutLine: {'line': b'-- Up-to-date: /home/richard/ros2_ws/install/turtlesim/include/turtlesim/turtlesim/srv/detail/teleport_absolute__struct.hpp\n'}
[70.727492] (turtlesim) StdoutLine: {'line': b'-- Up-to-date: /home/richard/ros2_ws/install/turtlesim/include/turtlesim/turtlesim/srv/detail/teleport_relative__builder.hpp\n'}
[70.727550] (turtlesim) StdoutLine: {'line': b'-- Up-to-date: /home/richard/ros2_ws/install/turtlesim/include/turtlesim/turtlesim/srv/detail/teleport_relative__struct.hpp\n'}
[70.727628] (turtlesim) StdoutLine: {'line': b'-- Up-to-date: /home/richard/ros2_ws/install/turtlesim/include/turtlesim/turtlesim/srv/detail/spawn__struct.hpp\n'}
[70.727701] (turtlesim) StdoutLine: {'line': b'-- Up-to-date: /home/richard/ros2_ws/install/turtlesim/include/turtlesim/turtlesim/srv/detail/kill__type_support.hpp\n'}
[70.727758] (turtlesim) StdoutLine: {'line': b'-- Up-to-date: /home/richard/ros2_ws/install/turtlesim/include/turtlesim/turtlesim/srv/detail/set_pen__traits.hpp\n'}
[70.727815] (turtlesim) StdoutLine: {'line': b'-- Up-to-date: /home/richard/ros2_ws/install/turtlesim/include/turtlesim/turtlesim/action\n'}
[70.727874] (turtlesim) StdoutLine: {'line': b'-- Up-to-date: /home/richard/ros2_ws/install/turtlesim/include/turtlesim/turtlesim/action/rotate_absolute.hpp\n'}
[70.727932] (turtlesim) StdoutLine: {'line': b'-- Up-to-date: /home/richard/ros2_ws/install/turtlesim/include/turtlesim/turtlesim/action/detail\n'}
[70.727991] (turtlesim) StdoutLine: {'line': b'-- Up-to-date: /home/richard/ros2_ws/install/turtlesim/include/turtlesim/turtlesim/action/detail/rotate_absolute__traits.hpp\n'}
[70.728051] (turtlesim) StdoutLine: {'line': b'-- Up-to-date: /home/richard/ros2_ws/install/turtlesim/include/turtlesim/turtlesim/action/detail/rotate_absolute__struct.hpp\n'}
[70.728426] (turtlesim) StdoutLine: {'line': b'-- Up-to-date: /home/richard/ros2_ws/install/turtlesim/include/turtlesim/turtlesim/action/detail/rotate_absolute__type_support.hpp\n'}
[70.728605] (turtlesim) StdoutLine: {'line': b'-- Up-to-date: /home/richard/ros2_ws/install/turtlesim/include/turtlesim/turtlesim/action/detail/rotate_absolute__builder.hpp\n'}
[70.728674] (turtlesim) StdoutLine: {'line': b'-- Up-to-date: /home/richard/ros2_ws/install/turtlesim/include/turtlesim/turtlesim/msg\n'}
[70.728738] (turtlesim) StdoutLine: {'line': b'-- Up-to-date: /home/richard/ros2_ws/install/turtlesim/include/turtlesim/turtlesim/msg/pose.hpp\n'}
[70.728798] (turtlesim) StdoutLine: {'line': b'-- Up-to-date: /home/richard/ros2_ws/install/turtlesim/include/turtlesim/turtlesim/msg/rosidl_generator_cpp__visibility_control.hpp\n'}
[70.728858] (turtlesim) StdoutLine: {'line': b'-- Up-to-date: /home/richard/ros2_ws/install/turtlesim/include/turtlesim/turtlesim/msg/detail\n'}
[70.728917] (turtlesim) StdoutLine: {'line': b'-- Up-to-date: /home/richard/ros2_ws/install/turtlesim/include/turtlesim/turtlesim/msg/detail/color__type_support.hpp\n'}
[70.728976] (turtlesim) StdoutLine: {'line': b'-- Up-to-date: /home/richard/ros2_ws/install/turtlesim/include/turtlesim/turtlesim/msg/detail/pose__type_support.hpp\n'}
[70.729040] (turtlesim) StdoutLine: {'line': b'-- Up-to-date: /home/richard/ros2_ws/install/turtlesim/include/turtlesim/turtlesim/msg/detail/color__struct.hpp\n'}
[70.729150] (turtlesim) StdoutLine: {'line': b'-- Up-to-date: /home/richard/ros2_ws/install/turtlesim/include/turtlesim/turtlesim/msg/detail/pose__traits.hpp\n'}
[70.729274] (turtlesim) StdoutLine: {'line': b'-- Up-to-date: /home/richard/ros2_ws/install/turtlesim/include/turtlesim/turtlesim/msg/detail/pose__builder.hpp\n'}
[70.729486] (turtlesim) StdoutLine: {'line': b'-- Up-to-date: /home/richard/ros2_ws/install/turtlesim/include/turtlesim/turtlesim/msg/detail/pose__struct.hpp\n'}
[70.729594] (turtlesim) StdoutLine: {'line': b'-- Up-to-date: /home/richard/ros2_ws/install/turtlesim/include/turtlesim/turtlesim/msg/detail/color__builder.hpp\n'}
[70.729692] (turtlesim) StdoutLine: {'line': b'-- Up-to-date: /home/richard/ros2_ws/install/turtlesim/include/turtlesim/turtlesim/msg/detail/color__traits.hpp\n'}
[70.729783] (turtlesim) StdoutLine: {'line': b'-- Up-to-date: /home/richard/ros2_ws/install/turtlesim/include/turtlesim/turtlesim/msg/color.hpp\n'}
[70.729874] (turtlesim) StdoutLine: {'line': b'-- Up-to-date: /home/richard/ros2_ws/install/turtlesim/include/turtlesim/turtlesim\n'}
[70.729995] (turtlesim) StdoutLine: {'line': b'-- Up-to-date: /home/richard/ros2_ws/install/turtlesim/include/turtlesim/turtlesim/srv\n'}
[70.730088] (turtlesim) StdoutLine: {'line': b'-- Up-to-date: /home/richard/ros2_ws/install/turtlesim/include/turtlesim/turtlesim/srv/detail\n'}
[70.730247] (turtlesim) StdoutLine: {'line': b'-- Up-to-date: /home/richard/ros2_ws/install/turtlesim/include/turtlesim/turtlesim/srv/detail/teleport_relative__rosidl_typesupport_fastrtps_cpp.hpp\n'}
[70.730346] (turtlesim) StdoutLine: {'line': b'-- Up-to-date: /home/richard/ros2_ws/install/turtlesim/include/turtlesim/turtlesim/srv/detail/teleport_absolute__rosidl_typesupport_fastrtps_cpp.hpp\n'}
[70.730436] (turtlesim) StdoutLine: {'line': b'-- Up-to-date: /home/richard/ros2_ws/install/turtlesim/include/turtlesim/turtlesim/srv/detail/spawn__rosidl_typesupport_fastrtps_cpp.hpp\n'}
[70.730530] (turtlesim) StdoutLine: {'line': b'-- Up-to-date: /home/richard/ros2_ws/install/turtlesim/include/turtlesim/turtlesim/srv/detail/dds_fastrtps\n'}
[70.730622] (turtlesim) StdoutLine: {'line': b'-- Up-to-date: /home/richard/ros2_ws/install/turtlesim/include/turtlesim/turtlesim/srv/detail/kill__rosidl_typesupport_fastrtps_cpp.hpp\n'}
[70.730740] (turtlesim) StdoutLine: {'line': b'-- Up-to-date: /home/richard/ros2_ws/install/turtlesim/include/turtlesim/turtlesim/srv/detail/set_pen__rosidl_typesupport_fastrtps_cpp.hpp\n'}
[70.730866] (turtlesim) StdoutLine: {'line': b'-- Up-to-date: /home/richard/ros2_ws/install/turtlesim/include/turtlesim/turtlesim/action\n'}
[70.730951] (turtlesim) StdoutLine: {'line': b'-- Up-to-date: /home/richard/ros2_ws/install/turtlesim/include/turtlesim/turtlesim/action/detail\n'}
[70.731038] (turtlesim) StdoutLine: {'line': b'-- Up-to-date: /home/richard/ros2_ws/install/turtlesim/include/turtlesim/turtlesim/action/detail/rotate_absolute__rosidl_typesupport_fastrtps_cpp.hpp\n'}
[70.731247] (turtlesim) StdoutLine: {'line': b'-- Up-to-date: /home/richard/ros2_ws/install/turtlesim/include/turtlesim/turtlesim/action/detail/dds_fastrtps\n'}
[70.731363] (turtlesim) StdoutLine: {'line': b'-- Up-to-date: /home/richard/ros2_ws/install/turtlesim/include/turtlesim/turtlesim/msg\n'}
[70.731473] (turtlesim) StdoutLine: {'line': b'-- Up-to-date: /home/richard/ros2_ws/install/turtlesim/include/turtlesim/turtlesim/msg/rosidl_typesupport_fastrtps_cpp__visibility_control.h\n'}
[70.731602] (turtlesim) StdoutLine: {'line': b'-- Up-to-date: /home/richard/ros2_ws/install/turtlesim/include/turtlesim/turtlesim/msg/detail\n'}
[70.731733] (turtlesim) StdoutLine: {'line': b'-- Up-to-date: /home/richard/ros2_ws/install/turtlesim/include/turtlesim/turtlesim/msg/detail/dds_fastrtps\n'}
[70.731964] (turtlesim) StdoutLine: {'line': b'-- Up-to-date: /home/richard/ros2_ws/install/turtlesim/include/turtlesim/turtlesim/msg/detail/pose__rosidl_typesupport_fastrtps_cpp.hpp\n'}
[70.732310] (turtlesim) StdoutLine: {'line': b'-- Up-to-date: /home/richard/ros2_ws/install/turtlesim/include/turtlesim/turtlesim/msg/detail/color__rosidl_typesupport_fastrtps_cpp.hpp\n'}
[70.732449] (turtlesim) StdoutLine: {'line': b'-- Installing: /home/richard/ros2_ws/install/turtlesim/lib/libturtlesim__rosidl_typesupport_fastrtps_cpp.so\n'}
[70.732561] (turtlesim) StdoutLine: {'line': b'-- Set non-toolchain portion of runtime path of "/home/richard/ros2_ws/install/turtlesim/lib/libturtlesim__rosidl_typesupport_fastrtps_cpp.so" to ""\n'}
[70.732673] (turtlesim) StdoutLine: {'line': b'-- Up-to-date: /home/richard/ros2_ws/install/turtlesim/include/turtlesim/turtlesim\n'}
[70.732827] (turtlesim) StdoutLine: {'line': b'-- Up-to-date: /home/richard/ros2_ws/install/turtlesim/include/turtlesim/turtlesim/srv\n'}
[70.732972] (turtlesim) StdoutLine: {'line': b'-- Up-to-date: /home/richard/ros2_ws/install/turtlesim/include/turtlesim/turtlesim/srv/detail\n'}
[70.733040] (turtlesim) StdoutLine: {'line': b'-- Up-to-date: /home/richard/ros2_ws/install/turtlesim/include/turtlesim/turtlesim/srv/detail/kill__rosidl_typesupport_introspection_c.h\n'}
[70.733135] (turtlesim) StdoutLine: {'line': b'-- Installing: /home/richard/ros2_ws/install/turtlesim/include/turtlesim/turtlesim/srv/detail/spawn__type_support.c\n'}
[70.733249] (turtlesim) StdoutLine: {'line': b'-- Installing: /home/richard/ros2_ws/install/turtlesim/include/turtlesim/turtlesim/srv/detail/teleport_absolute__type_support.c\n'}
[70.733407] (turtlesim) StdoutLine: {'line': b'-- Installing: /home/richard/ros2_ws/install/turtlesim/include/turtlesim/turtlesim/srv/detail/teleport_relative__type_support.c\n'}
[70.733489] (turtlesim) StdoutLine: {'line': b'-- Up-to-date: /home/richard/ros2_ws/install/turtlesim/include/turtlesim/turtlesim/srv/detail/spawn__rosidl_typesupport_introspection_c.h\n'}
[70.733591] (turtlesim) StdoutLine: {'line': b'-- Installing: /home/richard/ros2_ws/install/turtlesim/include/turtlesim/turtlesim/srv/detail/set_pen__type_support.c\n'}
[70.734928] (turtlesim) StdoutLine: {'line': b'-- Up-to-date: /home/richard/ros2_ws/install/turtlesim/include/turtlesim/turtlesim/srv/detail/teleport_relative__rosidl_typesupport_introspection_c.h\n'}
[70.735231] (turtlesim) StdoutLine: {'line': b'-- Installing: /home/richard/ros2_ws/install/turtlesim/include/turtlesim/turtlesim/srv/detail/kill__type_support.c\n'}
[70.736006] (turtlesim) StdoutLine: {'line': b'-- Up-to-date: /home/richard/ros2_ws/install/turtlesim/include/turtlesim/turtlesim/srv/detail/teleport_absolute__rosidl_typesupport_introspection_c.h\n'}
[70.736265] (turtlesim) StdoutLine: {'line': b'-- Up-to-date: /home/richard/ros2_ws/install/turtlesim/include/turtlesim/turtlesim/srv/detail/set_pen__rosidl_typesupport_introspection_c.h\n'}
[70.736377] (turtlesim) StdoutLine: {'line': b'-- Up-to-date: /home/richard/ros2_ws/install/turtlesim/include/turtlesim/turtlesim/action\n'}
[70.736476] (turtlesim) StdoutLine: {'line': b'-- Up-to-date: /home/richard/ros2_ws/install/turtlesim/include/turtlesim/turtlesim/action/detail\n'}
[70.737377] (turtlesim) StdoutLine: {'line': b'-- Up-to-date: /home/richard/ros2_ws/install/turtlesim/include/turtlesim/turtlesim/action/detail/rotate_absolute__rosidl_typesupport_introspection_c.h\n'}
[70.737562] (turtlesim) StdoutLine: {'line': b'-- Installing: /home/richard/ros2_ws/install/turtlesim/include/turtlesim/turtlesim/action/detail/rotate_absolute__type_support.c\n'}
[70.738228] (turtlesim) StdoutLine: {'line': b'-- Up-to-date: /home/richard/ros2_ws/install/turtlesim/include/turtlesim/turtlesim/msg\n'}
[70.738516] (turtlesim) StdoutLine: {'line': b'-- Up-to-date: /home/richard/ros2_ws/install/turtlesim/include/turtlesim/turtlesim/msg/rosidl_typesupport_introspection_c__visibility_control.h\n'}
[70.738673] (turtlesim) StdoutLine: {'line': b'-- Up-to-date: /home/richard/ros2_ws/install/turtlesim/include/turtlesim/turtlesim/msg/detail\n'}
[70.738775] (turtlesim) StdoutLine: {'line': b'-- Up-to-date: /home/richard/ros2_ws/install/turtlesim/include/turtlesim/turtlesim/msg/detail/pose__rosidl_typesupport_introspection_c.h\n'}
[70.738881] (turtlesim) StdoutLine: {'line': b'-- Installing: /home/richard/ros2_ws/install/turtlesim/include/turtlesim/turtlesim/msg/detail/pose__type_support.c\n'}
[70.739202] (turtlesim) StdoutLine: {'line': b'-- Installing: /home/richard/ros2_ws/install/turtlesim/include/turtlesim/turtlesim/msg/detail/color__type_support.c\n'}
[70.739779] (turtlesim) StdoutLine: {'line': b'-- Up-to-date: /home/richard/ros2_ws/install/turtlesim/include/turtlesim/turtlesim/msg/detail/color__rosidl_typesupport_introspection_c.h\n'}
[70.739939] (turtlesim) StdoutLine: {'line': b'-- Up-to-date: /home/richard/ros2_ws/install/turtlesim/lib/libturtlesim__rosidl_typesupport_introspection_c.so\n'}
[70.740239] (turtlesim) StdoutLine: {'line': b'-- Up-to-date: /home/richard/ros2_ws/install/turtlesim/lib/libturtlesim__rosidl_typesupport_c.so\n'}
[70.740500] (turtlesim) StdoutLine: {'line': b'-- Up-to-date: /home/richard/ros2_ws/install/turtlesim/include/turtlesim/turtlesim\n'}
[70.740639] (turtlesim) StdoutLine: {'line': b'-- Up-to-date: /home/richard/ros2_ws/install/turtlesim/include/turtlesim/turtlesim/srv\n'}
[70.740733] (turtlesim) StdoutLine: {'line': b'-- Up-to-date: /home/richard/ros2_ws/install/turtlesim/include/turtlesim/turtlesim/srv/detail\n'}
[70.740806] (turtlesim) StdoutLine: {'line': b'-- Up-to-date: /home/richard/ros2_ws/install/turtlesim/include/turtlesim/turtlesim/srv/detail/set_pen__rosidl_typesupport_introspection_cpp.hpp\n'}
[70.740878] (turtlesim) StdoutLine: {'line': b'-- Up-to-date: /home/richard/ros2_ws/install/turtlesim/include/turtlesim/turtlesim/srv/detail/set_pen__type_support.cpp\n'}
[70.741138] (turtlesim) StdoutLine: {'line': b'-- Up-to-date: /home/richard/ros2_ws/install/turtlesim/include/turtlesim/turtlesim/srv/detail/teleport_relative__type_support.cpp\n'}
[70.741242] (turtlesim) StdoutLine: {'line': b'-- Up-to-date: /home/richard/ros2_ws/install/turtlesim/include/turtlesim/turtlesim/srv/detail/spawn__type_support.cpp\n'}
[70.741320] (turtlesim) StdoutLine: {'line': b'-- Up-to-date: /home/richard/ros2_ws/install/turtlesim/include/turtlesim/turtlesim/srv/detail/spawn__rosidl_typesupport_introspection_cpp.hpp\n'}
[70.741442] (turtlesim) StdoutLine: {'line': b'-- Up-to-date: /home/richard/ros2_ws/install/turtlesim/include/turtlesim/turtlesim/srv/detail/teleport_absolute__rosidl_typesupport_introspection_cpp.hpp\n'}
[70.741520] (turtlesim) StdoutLine: {'line': b'-- Up-to-date: /home/richard/ros2_ws/install/turtlesim/include/turtlesim/turtlesim/srv/detail/teleport_absolute__type_support.cpp\n'}
[70.741581] (turtlesim) StdoutLine: {'line': b'-- Up-to-date: /home/richard/ros2_ws/install/turtlesim/include/turtlesim/turtlesim/srv/detail/kill__type_support.cpp\n'}
[70.741641] (turtlesim) StdoutLine: {'line': b'-- Up-to-date: /home/richard/ros2_ws/install/turtlesim/include/turtlesim/turtlesim/srv/detail/teleport_relative__rosidl_typesupport_introspection_cpp.hpp\n'}
[70.741700] (turtlesim) StdoutLine: {'line': b'-- Up-to-date: /home/richard/ros2_ws/install/turtlesim/include/turtlesim/turtlesim/srv/detail/kill__rosidl_typesupport_introspection_cpp.hpp\n'}
[70.741763] (turtlesim) StdoutLine: {'line': b'-- Up-to-date: /home/richard/ros2_ws/install/turtlesim/include/turtlesim/turtlesim/action\n'}
[70.741824] (turtlesim) StdoutLine: {'line': b'-- Up-to-date: /home/richard/ros2_ws/install/turtlesim/include/turtlesim/turtlesim/action/detail\n'}
[70.741890] (turtlesim) StdoutLine: {'line': b'-- Up-to-date: /home/richard/ros2_ws/install/turtlesim/include/turtlesim/turtlesim/action/detail/rotate_absolute__rosidl_typesupport_introspection_cpp.hpp\n'}
[70.741972] (turtlesim) StdoutLine: {'line': b'-- Up-to-date: /home/richard/ros2_ws/install/turtlesim/include/turtlesim/turtlesim/action/detail/rotate_absolute__type_support.cpp\n'}
[70.742194] (turtlesim) StdoutLine: {'line': b'-- Up-to-date: /home/richard/ros2_ws/install/turtlesim/include/turtlesim/turtlesim/msg\n'}
[70.742262] (turtlesim) StdoutLine: {'line': b'-- Up-to-date: /home/richard/ros2_ws/install/turtlesim/include/turtlesim/turtlesim/msg/detail\n'}
[70.742331] (turtlesim) StdoutLine: {'line': b'-- Up-to-date: /home/richard/ros2_ws/install/turtlesim/include/turtlesim/turtlesim/msg/detail/color__rosidl_typesupport_introspection_cpp.hpp\n'}
[70.742391] (turtlesim) StdoutLine: {'line': b'-- Up-to-date: /home/richard/ros2_ws/install/turtlesim/include/turtlesim/turtlesim/msg/detail/color__type_support.cpp\n'}
[70.742451] (turtlesim) StdoutLine: {'line': b'-- Up-to-date: /home/richard/ros2_ws/install/turtlesim/include/turtlesim/turtlesim/msg/detail/pose__rosidl_typesupport_introspection_cpp.hpp\n'}
[70.742511] (turtlesim) StdoutLine: {'line': b'-- Up-to-date: /home/richard/ros2_ws/install/turtlesim/include/turtlesim/turtlesim/msg/detail/pose__type_support.cpp\n'}
[70.742570] (turtlesim) StdoutLine: {'line': b'-- Installing: /home/richard/ros2_ws/install/turtlesim/lib/libturtlesim__rosidl_typesupport_introspection_cpp.so\n'}
[70.742670] (turtlesim) StdoutLine: {'line': b'-- Set non-toolchain portion of runtime path of "/home/richard/ros2_ws/install/turtlesim/lib/libturtlesim__rosidl_typesupport_introspection_cpp.so" to ""\n'}
[70.742756] (turtlesim) StdoutLine: {'line': b'-- Installing: /home/richard/ros2_ws/install/turtlesim/lib/libturtlesim__rosidl_typesupport_cpp.so\n'}
[70.742890] (turtlesim) StdoutLine: {'line': b'-- Set non-toolchain portion of runtime path of "/home/richard/ros2_ws/install/turtlesim/lib/libturtlesim__rosidl_typesupport_cpp.so" to ""\n'}
[70.742969] (turtlesim) StdoutLine: {'line': b'-- Up-to-date: /home/richard/ros2_ws/install/turtlesim/share/turtlesim/environment/pythonpath.sh\n'}
[70.743065] (turtlesim) StdoutLine: {'line': b'-- Up-to-date: /home/richard/ros2_ws/install/turtlesim/share/turtlesim/environment/pythonpath.dsv\n'}
[70.743251] (turtlesim) StdoutLine: {'line': b'-- Up-to-date: /home/richard/ros2_ws/install/turtlesim/lib/python3.12/site-packages/turtlesim-1.8.3-py3.12.egg-info\n'}
[70.743336] (turtlesim) StdoutLine: {'line': b'-- Installing: /home/richard/ros2_ws/install/turtlesim/lib/python3.12/site-packages/turtlesim-1.8.3-py3.12.egg-info/PKG-INFO\n'}
[70.743408] (turtlesim) StdoutLine: {'line': b'-- Installing: /home/richard/ros2_ws/install/turtlesim/lib/python3.12/site-packages/turtlesim-1.8.3-py3.12.egg-info/dependency_links.txt\n'}
[70.743482] (turtlesim) StdoutLine: {'line': b'-- Installing: /home/richard/ros2_ws/install/turtlesim/lib/python3.12/site-packages/turtlesim-1.8.3-py3.12.egg-info/top_level.txt\n'}
[70.743560] (turtlesim) StdoutLine: {'line': b'-- Installing: /home/richard/ros2_ws/install/turtlesim/lib/python3.12/site-packages/turtlesim-1.8.3-py3.12.egg-info/SOURCES.txt\n'}
[70.743689] (turtlesim) StdoutLine: {'line': b'-- Up-to-date: /home/richard/ros2_ws/install/turtlesim/lib/python3.12/site-packages/turtlesim\n'}
[70.743835] (turtlesim) StdoutLine: {'line': b'-- Up-to-date: /home/richard/ros2_ws/install/turtlesim/lib/python3.12/site-packages/turtlesim/__init__.py\n'}
[70.743921] (turtlesim) StdoutLine: {'line': b'-- Installing: /home/richard/ros2_ws/install/turtlesim/lib/python3.12/site-packages/turtlesim/turtlesim_s__rosidl_typesupport_introspection_c.so\n'}
[70.743993] (turtlesim) StdoutLine: {'line': b'-- Up-to-date: /home/richard/ros2_ws/install/turtlesim/lib/python3.12/site-packages/turtlesim/srv\n'}
[70.744153] (turtlesim) StdoutLine: {'line': b'-- Up-to-date: /home/richard/ros2_ws/install/turtlesim/lib/python3.12/site-packages/turtlesim/srv/_set_pen_s.c\n'}
[70.744241] (turtlesim) StdoutLine: {'line': b'-- Up-to-date: /home/richard/ros2_ws/install/turtlesim/lib/python3.12/site-packages/turtlesim/srv/_set_pen.py\n'}
[70.744318] (turtlesim) StdoutLine: {'line': b'-- Up-to-date: /home/richard/ros2_ws/install/turtlesim/lib/python3.12/site-packages/turtlesim/srv/__init__.py\n'}
[70.744460] (turtlesim) StdoutLine: {'line': b'-- Up-to-date: /home/richard/ros2_ws/install/turtlesim/lib/python3.12/site-packages/turtlesim/srv/_teleport_absolute_s.c\n'}
[70.744531] (turtlesim) StdoutLine: {'line': b'-- Up-to-date: /home/richard/ros2_ws/install/turtlesim/lib/python3.12/site-packages/turtlesim/srv/_kill_s.c\n'}
[70.744732] (turtlesim) StdoutLine: {'line': b'-- Up-to-date: /home/richard/ros2_ws/install/turtlesim/lib/python3.12/site-packages/turtlesim/srv/_teleport_absolute.py\n'}
[70.744820] (turtlesim) StdoutLine: {'line': b'-- Up-to-date: /home/richard/ros2_ws/install/turtlesim/lib/python3.12/site-packages/turtlesim/srv/_teleport_relative_s.c\n'}
[70.744889] (turtlesim) StdoutLine: {'line': b'-- Up-to-date: /home/richard/ros2_ws/install/turtlesim/lib/python3.12/site-packages/turtlesim/srv/_kill.py\n'}
[70.744954] (turtlesim) StdoutLine: {'line': b'-- Up-to-date: /home/richard/ros2_ws/install/turtlesim/lib/python3.12/site-packages/turtlesim/srv/_spawn.py\n'}
[70.745014] (turtlesim) StdoutLine: {'line': b'-- Up-to-date: /home/richard/ros2_ws/install/turtlesim/lib/python3.12/site-packages/turtlesim/srv/_spawn_s.c\n'}
[70.745156] (turtlesim) StdoutLine: {'line': b'-- Up-to-date: /home/richard/ros2_ws/install/turtlesim/lib/python3.12/site-packages/turtlesim/srv/_teleport_relative.py\n'}
[70.745263] (turtlesim) StdoutLine: {'line': b'-- Up-to-date: /home/richard/ros2_ws/install/turtlesim/lib/python3.12/site-packages/turtlesim/_turtlesim_s.ep.rosidl_typesupport_fastrtps_c.c\n'}
[70.745326] (turtlesim) StdoutLine: {'line': b'-- Installing: /home/richard/ros2_ws/install/turtlesim/lib/python3.12/site-packages/turtlesim/turtlesim_s__rosidl_typesupport_c.so\n'}
[70.745386] (turtlesim) StdoutLine: {'line': b'-- Installing: /home/richard/ros2_ws/install/turtlesim/lib/python3.12/site-packages/turtlesim/turtlesim_s__rosidl_typesupport_fastrtps_c.so\n'}
[70.745466] (turtlesim) StdoutLine: {'line': b'-- Up-to-date: /home/richard/ros2_ws/install/turtlesim/lib/python3.12/site-packages/turtlesim/_turtlesim_s.ep.rosidl_typesupport_c.c\n'}
[70.745540] (turtlesim) StdoutLine: {'line': b'-- Up-to-date: /home/richard/ros2_ws/install/turtlesim/lib/python3.12/site-packages/turtlesim/action\n'}
[70.745599] (turtlesim) StdoutLine: {'line': b'-- Up-to-date: /home/richard/ros2_ws/install/turtlesim/lib/python3.12/site-packages/turtlesim/action/__init__.py\n'}
[70.745658] (turtlesim) StdoutLine: {'line': b'-- Up-to-date: /home/richard/ros2_ws/install/turtlesim/lib/python3.12/site-packages/turtlesim/action/_rotate_absolute.py\n'}
[70.745717] (turtlesim) StdoutLine: {'line': b'-- Up-to-date: /home/richard/ros2_ws/install/turtlesim/lib/python3.12/site-packages/turtlesim/action/_rotate_absolute_s.c\n'}
[70.745777] (turtlesim) StdoutLine: {'line': b'-- Up-to-date: /home/richard/ros2_ws/install/turtlesim/lib/python3.12/site-packages/turtlesim/msg\n'}
[70.745836] (turtlesim) StdoutLine: {'line': b'-- Up-to-date: /home/richard/ros2_ws/install/turtlesim/lib/python3.12/site-packages/turtlesim/msg/__init__.py\n'}
[70.745895] (turtlesim) StdoutLine: {'line': b'-- Up-to-date: /home/richard/ros2_ws/install/turtlesim/lib/python3.12/site-packages/turtlesim/msg/_pose.py\n'}
[70.745954] (turtlesim) StdoutLine: {'line': b'-- Up-to-date: /home/richard/ros2_ws/install/turtlesim/lib/python3.12/site-packages/turtlesim/msg/_pose_s.c\n'}
[70.746013] (turtlesim) StdoutLine: {'line': b'-- Up-to-date: /home/richard/ros2_ws/install/turtlesim/lib/python3.12/site-packages/turtlesim/msg/_color_s.c\n'}
[70.746075] (turtlesim) StdoutLine: {'line': b'-- Up-to-date: /home/richard/ros2_ws/install/turtlesim/lib/python3.12/site-packages/turtlesim/msg/_color.py\n'}
[70.746133] (turtlesim) StdoutLine: {'line': b'-- Up-to-date: /home/richard/ros2_ws/install/turtlesim/lib/python3.12/site-packages/turtlesim/_turtlesim_s.ep.rosidl_typesupport_introspection_c.c\n'}
[70.775483] (-) TimerEvent: {}
[70.792318] (turtlesim) StdoutLine: {'line': b"Listing '/home/richard/ros2_ws/install/turtlesim/lib/python3.12/site-packages/turtlesim'...\n"}
[70.792487] (turtlesim) StdoutLine: {'line': b"Listing '/home/richard/ros2_ws/install/turtlesim/lib/python3.12/site-packages/turtlesim/action'...\n"}
[70.792565] (turtlesim) StdoutLine: {'line': b"Listing '/home/richard/ros2_ws/install/turtlesim/lib/python3.12/site-packages/turtlesim/msg'...\n"}
[70.792644] (turtlesim) StdoutLine: {'line': b"Listing '/home/richard/ros2_ws/install/turtlesim/lib/python3.12/site-packages/turtlesim/srv'...\n"}
[70.796860] (turtlesim) StdoutLine: {'line': b'-- Installing: /home/richard/ros2_ws/install/turtlesim/lib/python3.12/site-packages/turtlesim/turtlesim_s__rosidl_typesupport_fastrtps_c.so\n'}
[70.797279] (turtlesim) StdoutLine: {'line': b'-- Set non-toolchain portion of runtime path of "/home/richard/ros2_ws/install/turtlesim/lib/python3.12/site-packages/turtlesim/turtlesim_s__rosidl_typesupport_fastrtps_c.so" to ""\n'}
[70.797639] (turtlesim) StdoutLine: {'line': b'-- Installing: /home/richard/ros2_ws/install/turtlesim/lib/python3.12/site-packages/turtlesim/turtlesim_s__rosidl_typesupport_introspection_c.so\n'}
[70.799186] (turtlesim) StdoutLine: {'line': b'-- Set non-toolchain portion of runtime path of "/home/richard/ros2_ws/install/turtlesim/lib/python3.12/site-packages/turtlesim/turtlesim_s__rosidl_typesupport_introspection_c.so" to ""\n'}
[70.799467] (turtlesim) StdoutLine: {'line': b'-- Installing: /home/richard/ros2_ws/install/turtlesim/lib/python3.12/site-packages/turtlesim/turtlesim_s__rosidl_typesupport_c.so\n'}
[70.801281] (turtlesim) StdoutLine: {'line': b'-- Set non-toolchain portion of runtime path of "/home/richard/ros2_ws/install/turtlesim/lib/python3.12/site-packages/turtlesim/turtlesim_s__rosidl_typesupport_c.so" to ""\n'}
[70.801599] (turtlesim) StdoutLine: {'line': b'-- Installing: /home/richard/ros2_ws/install/turtlesim/lib/libturtlesim__rosidl_generator_py.so\n'}
[70.801696] (turtlesim) StdoutLine: {'line': b'-- Set non-toolchain portion of runtime path of "/home/richard/ros2_ws/install/turtlesim/lib/libturtlesim__rosidl_generator_py.so" to ""\n'}
[70.801782] (turtlesim) StdoutLine: {'line': b'-- Up-to-date: /home/richard/ros2_ws/install/turtlesim/share/turtlesim/action/RotateAbsolute.idl\n'}
[70.801865] (turtlesim) StdoutLine: {'line': b'-- Up-to-date: /home/richard/ros2_ws/install/turtlesim/share/turtlesim/msg/Color.idl\n'}
[70.802023] (turtlesim) StdoutLine: {'line': b'-- Up-to-date: /home/richard/ros2_ws/install/turtlesim/share/turtlesim/msg/Pose.idl\n'}
[70.802180] (turtlesim) StdoutLine: {'line': b'-- Up-to-date: /home/richard/ros2_ws/install/turtlesim/share/turtlesim/srv/Kill.idl\n'}
[70.803210] (turtlesim) StdoutLine: {'line': b'-- Up-to-date: /home/richard/ros2_ws/install/turtlesim/share/turtlesim/srv/SetPen.idl\n'}
[70.803393] (turtlesim) StdoutLine: {'line': b'-- Up-to-date: /home/richard/ros2_ws/install/turtlesim/share/turtlesim/srv/Spawn.idl\n'}
[70.803578] (turtlesim) StdoutLine: {'line': b'-- Up-to-date: /home/richard/ros2_ws/install/turtlesim/share/turtlesim/srv/TeleportAbsolute.idl\n'}
[70.803654] (turtlesim) StdoutLine: {'line': b'-- Up-to-date: /home/richard/ros2_ws/install/turtlesim/share/turtlesim/srv/TeleportRelative.idl\n'}
[70.803721] (turtlesim) StdoutLine: {'line': b'-- Up-to-date: /home/richard/ros2_ws/install/turtlesim/share/turtlesim/action/RotateAbsolute.action\n'}
[70.803827] (turtlesim) StdoutLine: {'line': b'-- Up-to-date: /home/richard/ros2_ws/install/turtlesim/share/turtlesim/msg/Color.msg\n'}
[70.803902] (turtlesim) StdoutLine: {'line': b'-- Up-to-date: /home/richard/ros2_ws/install/turtlesim/share/turtlesim/msg/Pose.msg\n'}
[70.803967] (turtlesim) StdoutLine: {'line': b'-- Up-to-date: /home/richard/ros2_ws/install/turtlesim/share/turtlesim/srv/Kill.srv\n'}
[70.804047] (turtlesim) StdoutLine: {'line': b'-- Up-to-date: /home/richard/ros2_ws/install/turtlesim/share/turtlesim/srv/SetPen.srv\n'}
[70.804152] (turtlesim) StdoutLine: {'line': b'-- Up-to-date: /home/richard/ros2_ws/install/turtlesim/share/turtlesim/srv/Spawn.srv\n'}
[70.804228] (turtlesim) StdoutLine: {'line': b'-- Up-to-date: /home/richard/ros2_ws/install/turtlesim/share/turtlesim/srv/TeleportAbsolute.srv\n'}
[70.804995] (turtlesim) StdoutLine: {'line': b'-- Up-to-date: /home/richard/ros2_ws/install/turtlesim/share/turtlesim/srv/TeleportRelative.srv\n'}
[70.805462] (turtlesim) StdoutLine: {'line': b'-- Installing: /home/richard/ros2_ws/install/turtlesim/lib/turtlesim/turtlesim_node\n'}
[70.815174] (turtlesim) StdoutLine: {'line': b'-- Set non-toolchain portion of runtime path of "/home/richard/ros2_ws/install/turtlesim/lib/turtlesim/turtlesim_node" to ""\n'}
[70.815956] (turtlesim) StdoutLine: {'line': b'-- Installing: /home/richard/ros2_ws/install/turtlesim/lib/turtlesim/turtle_teleop_key\n'}
[70.817546] (turtlesim) StdoutLine: {'line': b'-- Set non-toolchain portion of runtime path of "/home/richard/ros2_ws/install/turtlesim/lib/turtlesim/turtle_teleop_key" to ""\n'}
[70.817723] (turtlesim) StdoutLine: {'line': b'-- Installing: /home/richard/ros2_ws/install/turtlesim/lib/turtlesim/draw_square\n'}
[70.823655] (turtlesim) StdoutLine: {'line': b'-- Set non-toolchain portion of runtime path of "/home/richard/ros2_ws/install/turtlesim/lib/turtlesim/draw_square" to ""\n'}
[70.823813] (turtlesim) StdoutLine: {'line': b'-- Installing: /home/richard/ros2_ws/install/turtlesim/lib/turtlesim/mimic\n'}
[70.827037] (turtlesim) StdoutLine: {'line': b'-- Set non-toolchain portion of runtime path of "/home/richard/ros2_ws/install/turtlesim/lib/turtlesim/mimic" to ""\n'}
[70.827193] (turtlesim) StdoutLine: {'line': b'-- Up-to-date: /home/richard/ros2_ws/install/turtlesim/share/turtlesim/images\n'}
[70.827262] (turtlesim) StdoutLine: {'line': b'-- Up-to-date: /home/richard/ros2_ws/install/turtlesim/share/turtlesim/images/rolling.png\n'}
[70.827324] (turtlesim) StdoutLine: {'line': b'-- Up-to-date: /home/richard/ros2_ws/install/turtlesim/share/turtlesim/images/eloquent.png\n'}
[70.827404] (turtlesim) StdoutLine: {'line': b'-- Up-to-date: /home/richard/ros2_ws/install/turtlesim/share/turtlesim/images/bouncy.png\n'}
[70.827850] (turtlesim) StdoutLine: {'line': b'-- Up-to-date: /home/richard/ros2_ws/install/turtlesim/share/turtlesim/images/dashing.png\n'}
[70.827915] (turtlesim) StdoutLine: {'line': b'-- Up-to-date: /home/richard/ros2_ws/install/turtlesim/share/turtlesim/images/humble.png\n'}
[70.827975] (turtlesim) StdoutLine: {'line': b'-- Up-to-date: /home/richard/ros2_ws/install/turtlesim/share/turtlesim/images/iron.png\n'}
[70.828219] (turtlesim) StdoutLine: {'line': b'-- Up-to-date: /home/richard/ros2_ws/install/turtlesim/share/turtlesim/images/galactic.png\n'}
[70.828404] (turtlesim) StdoutLine: {'line': b'-- Up-to-date: /home/richard/ros2_ws/install/turtlesim/share/turtlesim/images/foxy.png\n'}
[70.828485] (turtlesim) StdoutLine: {'line': b'-- Up-to-date: /home/richard/ros2_ws/install/turtlesim/share/turtlesim/images/jazzy.png\n'}
[70.829467] (turtlesim) StdoutLine: {'line': b'-- Up-to-date: /home/richard/ros2_ws/install/turtlesim/share/turtlesim/images/crystal.png\n'}
[70.829594] (turtlesim) StdoutLine: {'line': b'-- Up-to-date: /home/richard/ros2_ws/install/turtlesim/share/turtlesim/images/ardent.png\n'}
[70.829704] (turtlesim) StdoutLine: {'line': b'-- Up-to-date: /home/richard/ros2_ws/install/turtlesim/share/turtlesim/launch\n'}
[70.829809] (turtlesim) StdoutLine: {'line': b'-- Up-to-date: /home/richard/ros2_ws/install/turtlesim/share/turtlesim/launch/multisim.launch.py\n'}
[70.829913] (turtlesim) StdoutLine: {'line': b'-- Up-to-date: /home/richard/ros2_ws/install/turtlesim/share/ament_index/resource_index/package_run_dependencies/turtlesim\n'}
[70.830021] (turtlesim) StdoutLine: {'line': b'-- Up-to-date: /home/richard/ros2_ws/install/turtlesim/share/ament_index/resource_index/parent_prefix_path/turtlesim\n'}
[70.830191] (turtlesim) StdoutLine: {'line': b'-- Up-to-date: /home/richard/ros2_ws/install/turtlesim/share/turtlesim/environment/ament_prefix_path.sh\n'}
[70.830301] (turtlesim) StdoutLine: {'line': b'-- Up-to-date: /home/richard/ros2_ws/install/turtlesim/share/turtlesim/environment/ament_prefix_path.dsv\n'}
[70.831118] (turtlesim) StdoutLine: {'line': b'-- Up-to-date: /home/richard/ros2_ws/install/turtlesim/share/turtlesim/environment/path.sh\n'}
[70.831313] (turtlesim) StdoutLine: {'line': b'-- Up-to-date: /home/richard/ros2_ws/install/turtlesim/share/turtlesim/environment/path.dsv\n'}
[70.831446] (turtlesim) StdoutLine: {'line': b'-- Up-to-date: /home/richard/ros2_ws/install/turtlesim/share/turtlesim/local_setup.bash\n'}
[70.831598] (turtlesim) StdoutLine: {'line': b'-- Up-to-date: /home/richard/ros2_ws/install/turtlesim/share/turtlesim/local_setup.sh\n'}
[70.833055] (turtlesim) StdoutLine: {'line': b'-- Up-to-date: /home/richard/ros2_ws/install/turtlesim/share/turtlesim/local_setup.zsh\n'}
[70.833292] (turtlesim) StdoutLine: {'line': b'-- Up-to-date: /home/richard/ros2_ws/install/turtlesim/share/turtlesim/local_setup.dsv\n'}
[70.833413] (turtlesim) StdoutLine: {'line': b'-- Installing: /home/richard/ros2_ws/install/turtlesim/share/turtlesim/package.dsv\n'}
[70.833516] (turtlesim) StdoutLine: {'line': b'-- Up-to-date: /home/richard/ros2_ws/install/turtlesim/share/ament_index/resource_index/packages/turtlesim\n'}
[70.833616] (turtlesim) StdoutLine: {'line': b'-- Up-to-date: /home/richard/ros2_ws/install/turtlesim/share/turtlesim/cmake/export_turtlesim__rosidl_generator_cExport.cmake\n'}
[70.833715] (turtlesim) StdoutLine: {'line': b'-- Up-to-date: /home/richard/ros2_ws/install/turtlesim/share/turtlesim/cmake/export_turtlesim__rosidl_generator_cExport-noconfig.cmake\n'}
[70.833810] (turtlesim) StdoutLine: {'line': b'-- Up-to-date: /home/richard/ros2_ws/install/turtlesim/share/turtlesim/cmake/export_turtlesim__rosidl_typesupport_fastrtps_cExport.cmake\n'}
[70.833910] (turtlesim) StdoutLine: {'line': b'-- Up-to-date: /home/richard/ros2_ws/install/turtlesim/share/turtlesim/cmake/export_turtlesim__rosidl_typesupport_fastrtps_cExport-noconfig.cmake\n'}
[70.834009] (turtlesim) StdoutLine: {'line': b'-- Up-to-date: /home/richard/ros2_ws/install/turtlesim/share/turtlesim/cmake/export_turtlesim__rosidl_generator_cppExport.cmake\n'}
[70.834106] (turtlesim) StdoutLine: {'line': b'-- Up-to-date: /home/richard/ros2_ws/install/turtlesim/share/turtlesim/cmake/export_turtlesim__rosidl_typesupport_fastrtps_cppExport.cmake\n'}
[70.834206] (turtlesim) StdoutLine: {'line': b'-- Up-to-date: /home/richard/ros2_ws/install/turtlesim/share/turtlesim/cmake/export_turtlesim__rosidl_typesupport_fastrtps_cppExport-noconfig.cmake\n'}
[70.837050] (turtlesim) StdoutLine: {'line': b'-- Up-to-date: /home/richard/ros2_ws/install/turtlesim/share/turtlesim/cmake/turtlesim__rosidl_typesupport_introspection_cExport.cmake\n'}
[70.837295] (turtlesim) StdoutLine: {'line': b'-- Up-to-date: /home/richard/ros2_ws/install/turtlesim/share/turtlesim/cmake/turtlesim__rosidl_typesupport_introspection_cExport-noconfig.cmake\n'}
[70.837389] (turtlesim) StdoutLine: {'line': b'-- Up-to-date: /home/richard/ros2_ws/install/turtlesim/share/turtlesim/cmake/turtlesim__rosidl_typesupport_cExport.cmake\n'}
[70.837483] (turtlesim) StdoutLine: {'line': b'-- Up-to-date: /home/richard/ros2_ws/install/turtlesim/share/turtlesim/cmake/turtlesim__rosidl_typesupport_cExport-noconfig.cmake\n'}
[70.837552] (turtlesim) StdoutLine: {'line': b'-- Up-to-date: /home/richard/ros2_ws/install/turtlesim/share/turtlesim/cmake/turtlesim__rosidl_typesupport_introspection_cppExport.cmake\n'}
[70.837698] (turtlesim) StdoutLine: {'line': b'-- Up-to-date: /home/richard/ros2_ws/install/turtlesim/share/turtlesim/cmake/turtlesim__rosidl_typesupport_introspection_cppExport-noconfig.cmake\n'}
[70.838162] (turtlesim) StdoutLine: {'line': b'-- Up-to-date: /home/richard/ros2_ws/install/turtlesim/share/turtlesim/cmake/turtlesim__rosidl_typesupport_cppExport.cmake\n'}
[70.838530] (turtlesim) StdoutLine: {'line': b'-- Up-to-date: /home/richard/ros2_ws/install/turtlesim/share/turtlesim/cmake/turtlesim__rosidl_typesupport_cppExport-noconfig.cmake\n'}
[70.839069] (turtlesim) StdoutLine: {'line': b'-- Up-to-date: /home/richard/ros2_ws/install/turtlesim/share/turtlesim/cmake/export_turtlesim__rosidl_generator_pyExport.cmake\n'}
[70.839333] (turtlesim) StdoutLine: {'line': b'-- Up-to-date: /home/richard/ros2_ws/install/turtlesim/share/turtlesim/cmake/export_turtlesim__rosidl_generator_pyExport-noconfig.cmake\n'}
[70.839533] (turtlesim) StdoutLine: {'line': b'-- Up-to-date: /home/richard/ros2_ws/install/turtlesim/share/turtlesim/cmake/rosidl_cmake-extras.cmake\n'}
[70.839664] (turtlesim) StdoutLine: {'line': b'-- Up-to-date: /home/richard/ros2_ws/install/turtlesim/share/turtlesim/cmake/ament_cmake_export_dependencies-extras.cmake\n'}
[70.840112] (turtlesim) StdoutLine: {'line': b'-- Up-to-date: /home/richard/ros2_ws/install/turtlesim/share/turtlesim/cmake/ament_cmake_export_include_directories-extras.cmake\n'}
[70.840248] (turtlesim) StdoutLine: {'line': b'-- Up-to-date: /home/richard/ros2_ws/install/turtlesim/share/turtlesim/cmake/ament_cmake_export_libraries-extras.cmake\n'}
[70.840322] (turtlesim) StdoutLine: {'line': b'-- Up-to-date: /home/richard/ros2_ws/install/turtlesim/share/turtlesim/cmake/ament_cmake_export_targets-extras.cmake\n'}
[70.840385] (turtlesim) StdoutLine: {'line': b'-- Up-to-date: /home/richard/ros2_ws/install/turtlesim/share/turtlesim/cmake/rosidl_cmake_export_typesupport_targets-extras.cmake\n'}
[70.840444] (turtlesim) StdoutLine: {'line': b'-- Up-to-date: /home/richard/ros2_ws/install/turtlesim/share/turtlesim/cmake/rosidl_cmake_export_typesupport_libraries-extras.cmake\n'}
[70.841574] (turtlesim) StdoutLine: {'line': b'-- Up-to-date: /home/richard/ros2_ws/install/turtlesim/share/turtlesim/cmake/turtlesimConfig.cmake\n'}
[70.841691] (turtlesim) StdoutLine: {'line': b'-- Up-to-date: /home/richard/ros2_ws/install/turtlesim/share/turtlesim/cmake/turtlesimConfig-version.cmake\n'}
[70.841762] (turtlesim) StdoutLine: {'line': b'-- Up-to-date: /home/richard/ros2_ws/install/turtlesim/share/turtlesim/package.xml\n'}
[70.844866] (turtlesim) CommandEnded: {'returncode': 0}
[70.870596] (turtlesim) JobEnded: {'identifier': 'turtlesim', 'rc': 0}
[70.871803] (-) EventReactorShutdown: {}
