0 0 0
0.003 0 0 0.959 0.959 0.959 0.961 0.963 0.965 0.967 0.968 0.973 0.972 0.976 0.978 0.985 0.987 0.993 0.999 1.002 1.007 1.012 1.022 1.027 1.033 1.041 1.051 1.059 1.066 1.075 1.088 1.093 1.104 1.12 1.131 1.143 1.156 1.17 1.183 1.2 1.215 1.231 1.25 1.269 1.289 1.306 1.329 1.353 1.377 1.399 1.425 1.454 1.487 1.516 1.549 1.583 1.62 1.663 1.705 1.749 1.797 1.845 1.902 1.958 2.021 2.089 2.161 2.242 2.328 2.421 2.52 2.633 2.756 2.893 3.042 3.212 3.398 3.605 3.854 4.136 4.455 4.833 5.289 5.858 6.537 7.382 8.538 12.01 11.991 11.979 11.968 11.958 11.955 11.958 11.963 11.966 11.977 11.992 12.013 12.031 12.057 12.088 12.119 12.16 12.199 9.17 8.613 8.035 7.518 7.073 6.691 6.334 6.018 5.739 5.481 5.257 5.043 4.844 4.667 4.508 4.356 4.21 4.08 3.96 3.846 3.744 3.639 3.548 3.462 3.377 3.3 3.227 3.156 3.093 3.032 2.973 2.916 2.865 2.814 2.769 2.726 2.679 2.639 2.603 2.566 2.529 2.495 2.464 2.437 2.405 2.382 2.353 2.327 2.307 2.282 2.262 2.241 2.222 2.205 2.187 2.172 2.156 2.14 2.126 2.114 2.099 2.09 2.081 2.07 2.058 2.051 2.043 2.039 2.028 2.025 2.018 2.015 2.009 2.006 2.002 2 2 2.001 2
0.009 0 0 0.958 0.962 0.961 0.963 0.964 0.963 0.969 0.97 0.973 0.975 0.976 0.983 0.983 0.988 0.992 0.997 1.003 1.009 1.014 1.018 1.029 1.032 1.042 1.051 1.055 1.069 1.076 1.087 1.096 1.107 1.115 1.127 1.139 1.152 1.166 1.183 1.197 1.214 1.231 1.247 1.265 1.285 1.305 1.328 1.352 1.375 1.402 1.427 1.456 1.484 1.514 1.546 1.583 1.621 1.658 1.705 1.746 1.796 1.845 1.899 1.958 2.02 2.089 2.164 2.241 2.326 2.42 2.518 2.632 2.754 2.893 3.046 3.215 3.4 3.612 3.856 4.133 4.463 4.843 5.29 5.841 6.521 7.386 8.514 12.006 11.988 11.973 11.962 11.956 11.951 11.951 11.954 11.961 11.973 11.988 12.005 12.027 12.052 12.079 12.112 12.151 12.191 9.163 8.602 8.034 7.519 7.085 6.681 6.335 6.026 5.743 5.483 5.257 5.039 4.844 4.669 4.504 4.357 4.212 4.083 3.962 3.847 3.74 3.639 3.544 3.456 3.377 3.302 3.227 3.16 3.093 3.034 2.973 2.914 2.865 2.817 2.77 2.722 2.683 2.639 2.603 2.564 2.529 2.497 2.466 2.437 2.408 2.382 2.355 2.327 2.305 2.281 2.262 2.244 2.221 2.205 2.184 2.168 2.152 2.138 2.127 2.114 2.101 2.089 2.077 2.071 2.062 2.051 2.044 2.039 2.028 2.026 2.018 2.016 2.01 2.007 2.002 2.004 2 2.002 1.997
0.031 0 0 0.959 0.96 0.962 0.964 0.963 0.965 0.969 0.97 0.972 0.974 0.979 0.981 0.985 0.988 0.995 0.998 1.005 1.009 1.015 1.021 1.025 1.034 1.042 1.05 1.056 1.067 1.074 1.084 1.096 1.108 1.116 1.128 1.143 1.157 1.17 1.185 1.199 1.212 1.231 1.246 1.265 1.285 1.306 1.328 1.349 1.376 1.401 1.426 1.457 1.484 1.518 1.546 1.582 1.622 1.659 1.703 1.746 1.796 1.847 1.902 1.962 2.023 2.089 2.16 2.243 2.328 2.423 2.523 2.635 2.759 2.89 3.042 3.205 3.394 3.613 3.851 4.13 4.462 4.833 5.294 5.85 6.534 7.383 8.521 11.985 11.967 11.95 11.938 11.931 11.929 11.931 11.934 11.942 11.95 11.966 11.984 12.008 12.031 12.058 12.094 12.128 12.169 9.143 8.622 8.042 7.52 7.077 6.685 6.339 6.025 5.74 5.482 5.25 5.038 4.843 4.669 4.506 4.353 4.21 4.081 3.957 3.842 3.742 3.641 3.544 3.458 3.375 3.3 3.227 3.156 3.095 3.035 2.972 2.921 2.867 2.815 2.768 2.722 2.682 2.642 2.604 2.563 2.533 2.499 2.468 2.435 2.405 2.381 2.353 2.328 2.307 2.28 2.263 2.243 2.223 2.205 2.185 2.171 2.154 2.143 2.125 2.112 2.099 2.088 2.08 2.07 2.059 2.053 2.045 2.034 2.03 2.026 2.017 2.014 2.013 2.008 2.006 2.002 2.001 1.998 2.002
0.046 0 0 0.96 0.962 0.961 0.962 0.965 0.964 0.968 0.971 0.971 0.975 0.975 0.979 0.986 0.991 0.995 0.998 1.003 1.007 1.012 1.022 1.025 1.036 1.041 1.048 1.057 1.065 1.074 1.085 1.093 1.105 1.116 1.13 1.144 1.155 1.168 1.181 1.201 1.216 1.233 1.249 1.268 1.289 1.306 1.329 1.353 1.375 1.401 1.428 1.455 1.483 1.515 1.548 1.585 1.622 1.658 1.7 1.749 1.796 1.845 1.899 1.956 2.019 2.088 2.165 2.242 2.327 2.419 2.522 2.632 2.757 2.893 3.043 3.21 3.399 3.611 3.857 4.134 4.467 4.846 5.289 5.842 6.53 7.404 8.531 11.968 11.953 11.936 11.925 11.92 11.916 11.913 11.918 11.926 11.937 11.952 11.968 11.992 12.018 12.048 12.077 12.117 12.153 9.127 8.614 8.026 7.534 7.088 6.687 6.331 6.028 5.742 5.48 5.255 5.035 4.847 4.673 4.508 4.355 4.208 4.08 3.958 3.845 3.739 3.644 3.545 3.462 3.376 3.297 3.228 3.156 3.09 3.03 2.975 2.917 2.866 2.817 2.771 2.723 2.681 2.643 2.604 2.565 2.53 2.499 2.463 2.433 2.405 2.38 2.355 2.331 2.306 2.284 2.261 2.241 2.224 2.206 2.186 2.17 2.156 2.14 2.124 2.114 2.102 2.088 2.081 2.069 2.061 2.049 2.045 2.034 2.028 2.023 2.017 2.014 2.012 2.006 2.005 2.004 2 1.998 1.997
0.064 0 0 0.961 0.962 0.961 0.96 0.964 0.966 0.965 0.967 0.969 0.972 0.976 0.979 0.984 0.989 0.991 0.998 1.005 1.01 1.015 1.021 1.027 1.033 1.043 1.048 1.056 1.065 1.073 1.085 1.094 1.108 1.12 1.131 1.144 1.155 1.17 1.185 1.196 1.216 1.231 1.248 1.268 1.288 1.308 1.327 1.353 1.375 1.399 1.425 1.455 1.485 1.516 1.55 1.582 1.622 1.664 1.702 1.747 1.792 1.848 1.9 1.959 2.019 2.091 2.164 2.241 2.325 2.417 2.52 2.631 2.754 2.893 3.039 3.211 3.397 3.611 3.853 4.129 4.461 4.843 5.291 5.845 6.523 7.39 8.525 11.952 11.931 11.918 11.906 11.899 11.895 11.898 11.9 11.909 11.92 11.931 11.949 11.969 11.998 12.027 12.058 12.097 12.139 9.109 8.62 8.034 7.523 7.087 6.688 6.333 6.024 5.739 5.483 5.254 5.046 4.848 4.667 4.503 4.355 4.215 4.083 3.957 3.846 3.743 3.641 3.55 3.458 3.378 3.299 3.228 3.161 3.094 3.032 2.973 2.919 2.864 2.815 2.768 2.721 2.68 2.639 2.601 2.562 2.53 2.495 2.465 2.434 2.409 2.38 2.351 2.326 2.304 2.282 2.259 2.243 2.222 2.202 2.188 2.168 2.153 2.14 2.126 2.112 2.1 2.088 2.081 2.068 2.062 2.05 2.045 2.038 2.03 2.023 2.018 2.014 2.009 2.005 2.005 2.002 2.001 1.997 1.998
0.085 0 0 0.961 0.96 0.959 0.963 0.964 0.965 0.967 0.968 0.969 0.975 0.976 0.979 0.982 0.986 0.991 0.999 1.003 1.008 1.012 1.022 1.026 1.036 1.041 1.05 1.058 1.064 1.078 1.086 1.095 1.107 1.119 1.129 1.142 1.157 1.169 1.183 1.199 1.216 1.228 1.251 1.268 1.289 1.305 1.331 1.349 1.376 1.4 1.425 1.453 1.482 1.514 1.552 1.583 1.622 1.66 1.701 1.747 1.796 1.847 1.9 1.955 2.023 2.09 2.16 2.238 2.327 2.423 2.524 2.631 2.76 2.887 3.044 3.211 3.4 3.611 3.854 4.131 4.457 4.847 5.3 5.846 6.529 7.377 8.524 11.93 11.911 11.897 11.886 11.88 11.877 11.875 11.877 11.884 11.895 11.91 11.929 11.949 11.975 12.004 12.036 12.075 12.115 9.096 8.623 8.029 7.517 7.085 6.687 6.334 6.02 5.743 5.485 5.25 5.041 4.847 4.667 4.501 4.354 4.213 4.081 3.964 3.849 3.74 3.643 3.547 3.458 3.381 3.3 3.227 3.16 3.091 3.033 2.971 2.918 2.867 2.817 2.771 2.721 2.681 2.64 2.601 2.563 2.531 2.498 2.465 2.436 2.405 2.38 2.353 2.329 2.304 2.285 2.261 2.242 2.224 2.206 2.187 2.172 2.155 2.139 2.127 2.112 2.104 2.088 2.081 2.071 2.061 2.054 2.045 2.037 2.032 2.022 2.02 2.013 2.01 2.005 2.007 2.002 2 2.001 2.001
0.137 0 0 0.959 0.959 0.962 0.962 0.962 0.965 0.964 0.969 0.971 0.976 0.979 0.98 0.982 0.989 0.994 0.996 1.001 1.011 1.014 1.021 1.027 1.036 1.043 1.047 1.059 1.065 1.073 1.083 1.096 1.105 1.117 1.131 1.144 1.157 1.168 1.181 1.199 1.215 1.229 1.25 1.27 1.284 1.306 1.327 1.351 1.377 1.401 1.428 1.455 1.485 1.516 1.55 1.586 1.62 1.659 1.703 1.744 1.794 1.847 1.898 1.96 2.02 2.089 2.162 2.242 2.331 2.419 2.522 2.631 2.752 2.889 3.039 3.207 3.392 3.616 3.856 4.14 4.462 4.832 5.291 5.843 6.524 7.387 8.519 11.877 11.859 11.846 11.835 11.829 11.824 11.824 11.828 11.837 11.846 11.859 11.877 11.901 11.924 11.952 11.984 12.025 12.061 12.11 8.614 8.04 7.519 7.082 6.689 6.336 6.024 5.74 5.486 5.253 5.04 4.85 4.67 4.507 4.353 4.215 4.083 3.957 3.848 3.742 3.641 3.545 3.463 3.375 3.301 3.227 3.156 3.096 3.033 2.976 2.918 2.866 2.818 2.766 2.723 2.679 2.64 2.601 2.563 2.53 2.497 2.466 2.435 2.409 2.38 2.352 2.328 2.305 2.281 2.264 2.24 2.22 2.203 2.185 2.171 2.154 2.141 2.125 2.116 2.103 2.088 2.079 2.067 2.061 2.05 2.045 2.037 2.029 2.022 2.02 2.015 2.009 2.005 2.004 2.001 1.999 2.002 2.001
0.167 0 0 0.957 0.961 0.959 0.96 0.965 0.963 0.969 0.971 0.973 0.973 0.977 0.982 0.984 0.991 0.992 0.999 1.001 1.008 1.013 1.019 1.026 1.036 1.041 1.052 1.057 1.068 1.073 1.087 1.098 1.107 1.117 1.132 1.141 1.155 1.17 1.181 1.199 1.215 1.232 1.249 1.269 1.287 1.308 1.327 1.349 1.377 1.402 1.425 1.457 1.483 1.517 1.551 1.582 1.621 1.66 1.701 1.748 1.793 1.845 1.899 1.961 2.023 2.088 2.164 2.24 2.326 2.419 2.524 2.633 2.754 2.894 3.037 3.208 3.401 3.61 3.857 4.127 4.458 4.845 5.301 5.843 6.518 7.385 8.537 11.847 11.83 11.815 11.805 11.796 11.795 11.795 11.798 11.805 11.818 11.83 11.845 11.869 11.892 11.922 11.957 11.99 12.03 12.074 8.627 8.021 7.521 7.071 6.684 6.344 6.016 5.741 5.487 5.254 5.041 4.847 4.667 4.506 4.353 4.215 4.081 3.958 3.849 3.74 3.64 3.548 3.461 3.378 3.3 3.227 3.158 3.093 3.032 2.974 2.917 2.867 2.818 2.767 2.723 2.683 2.639 2.601 2.565 2.528 2.496 2.466 2.434 2.407 2.38 2.352 2.326 2.305 2.281 2.262 2.243 2.222 2.203 2.187 2.17 2.153 2.138 2.127 2.114 2.1 2.09 2.077 2.067 2.062 2.051 2.046 2.037 2.031 2.027 2.017 2.014 2.01 2.005 2.005 2.002 2.003 2.002 2.001
0.201 0 0 0.96 0.962 0.962 0.961 0.964 0.966 0.967 0.969 0.97 0.973 0.979 0.981 0.985 0.99 0.993 0.997 1.002 1.006 1.016 1.022 1.025 1.035 1.042 1.05 1.059 1.066 1.076 1.087 1.095 1.107 1.118 1.132 1.143 1.155 1.169 1.184 1.198 1.217 1.23 1.251 1.266 1.286 1.305 1.331 1.349 1.375 1.398 1.428 1.456 1.486 1.516 1.55 1.584 1.62 1.66 1.702 1.749 1.794 1.845 1.901 1.96 2.022 2.092 2.162 2.239 2.327 2.421 2.521 2.632 2.753 2.891 3.039 3.214 3.396 3.607 3.86 4.13 4.463 4.836 5.286 5.85 6.517 7.396 8.544 11.815 11.797 11.782 11.771 11.766 11.763 11.762 11.762 11.773 11.784 11.798 11.813 11.834 11.862 11.89 11.922 11.959 11.998 12.041 8.617 8.039 7.528 7.085 6.69 6.329 6.026 5.737 5.481 5.253 5.041 4.844 4.67 4.503 4.356 4.21 4.084 3.958 3.847 3.739 3.64 3.547 3.459 3.376 3.3 3.228 3.158 3.095 3.031 2.973 2.915 2.867 2.813 2.769 2.721 2.683 2.64 2.599 2.567 2.529 2.497 2.466 2.437 2.409 2.378 2.354 2.331 2.307 2.28 2.263 2.242 2.223 2.205 2.189 2.171 2.154 2.14 2.126 2.112 2.101 2.089 2.081 2.07 2.061 2.053 2.044 2.036 2.028 2.022 2.019 2.014 2.013 2.009 2.004 2.001 2.001 2.002 2.001
0.319 0 0 0.96 0.958 0.961 0.963 0.964 0.966 0.967 0.968 0.969 0.976 0.978 0.98 0.984 0.989 0.994 0.997 1.002 1.007 1.014 1.02 1.025 1.033 1.039 1.052 1.056 1.066 1.077 1.087 1.094 1.108 1.119 1.129 1.141 1.157 1.169 1.184 1.197 1.216 1.231 1.246 1.268 1.286 1.307 1.327 1.352 1.375 1.399 1.425 1.455 1.487 1.516 1.548 1.583 1.622 1.663 1.702 1.747 1.797 1.847 1.901 1.958 2.022 2.09 2.165 2.241 2.327 2.422 2.519 2.634 2.756 2.89 3.046 3.211 3.395 3.611 3.859 4.139 4.462 4.839 5.299 5.836 6.545 7.385 8.528 11.695 11.677 11.666 11.654 11.649 11.643 11.644 11.647 11.653 11.662 11.678 11.695 11.718 11.743 11.771 11.802 11.837 11.878 11.923 8.617 8.026 7.517 7.089 6.687 6.339 6.028 5.737 5.487 5.253 5.041 4.849 4.672 4.508 4.349 4.212 4.078 3.96 3.846 3.742 3.638 3.545 3.458 3.377 3.302 3.23 3.159 3.09 3.032 2.973 2.921 2.864 2.815 2.77 2.722 2.682 2.643 2.603 2.563 2.529 2.499 2.466 2.434 2.406 2.38 2.351 2.328 2.305 2.285 2.261 2.241 2.22 2.205 2.188 2.168 2.154 2.138 2.128 2.115 2.104 2.088 2.077 2.069 2.058 2.05 2.042 2.038 2.028 2.025 2.02 2.016 2.011 2.007 2.002 2.004 1.999 2 2
0.413 0 0 0.961 0.959 0.96 0.962 0.962 0.962 0.968 0.968 0.972 0.974 0.978 0.979 0.985 0.986 0.994 0.996 1.003 1.007 1.013 1.022 1.029 1.035 1.04 1.051 1.059 1.067 1.075 1.085 1.096 1.106 1.12 1.131 1.143 1.157 1.17 1.183 1.197 1.214 1.231 1.251 1.265 1.286 1.305 1.327 1.352 1.377 1.401 1.424 1.456 1.486 1.514 1.547 1.582 1.62 1.66 1.702 1.75 1.794 1.847 1.899 1.961 2.021 2.091 2.164 2.239 2.329 2.421 2.521 2.633 2.752 2.895 3.039 3.214 3.404 3.606 3.852 4.134 4.46 4.848 5.291 5.841 6.541 7.383 8.519 11.603 11.584 11.57 11.562 11.554 11.55 11.55 11.554 11.559 11.572 11.586 11.604 11.621 11.65 11.674 11.707 11.747 11.782 11.827 8.624 8.032 7.522 7.082 6.689 6.34 6.026 5.742 5.489 5.254 5.045 4.846 4.667 4.505 4.353 4.212 4.085 3.962 3.843 3.739 3.643 3.545 3.461 3.377 3.298 3.23 3.158 3.094 3.03 2.972 2.919 2.866 2.817 2.767 2.722 2.681 2.639 2.604 2.566 2.53 2.499 2.465 2.436 2.407 2.377 2.351 2.329 2.303 2.283 2.26 2.241 2.223 2.204 2.186 2.169 2.156 2.142 2.125 2.115 2.1 2.092 2.079 2.069 2.062 2.054 2.044 2.038 2.032 2.024 2.02 2.014 2.013 2.008 2.002 2.004 1.999 2 2
0.463 0 0 0.959 0.959 0.963 0.961 0.962 0.964 0.967 0.971 0.973 0.975 0.976 0.979 0.984 0.987 0.992 0.996 1.001 1.007 1.012 1.022 1.025 1.035 1.044 1.052 1.058 1.066 1.074 1.083 1.094 1.105 1.116 1.129 1.144 1.157 1.17 1.185 1.199 1.216 1.232 1.25 1.269 1.288 1.307 1.329 1.351 1.372 1.401 1.426 1.456 1.484 1.516 1.548 1.586 1.619 1.664 1.705 1.746 1.796 1.847 1.901 1.96 2.021 2.088 2.166 2.241 2.324 2.421 2.522 2.628 2.754 2.893 3.042 3.212 3.399 3.608 3.857 4.13 4.461 4.834 5.299 5.838 6.545 7.38 8.524 11.55 11.536 11.521 11.51 11.502 11.498 11.502 11.503 11.51 11.52 11.535 11.553 11.574 11.599 11.628 11.659 11.692 11.73 11.775 8.615 8.02 7.521 7.077 6.684 6.334 6.017 5.74 5.489 5.251 5.038 4.843 4.667 4.501 4.353 4.213 4.083 3.961 3.843 3.743 3.639 3.551 3.46 3.376 3.303 3.227 3.161 3.095 3.029 2.974 2.917 2.863 2.816 2.766 2.721 2.678 2.638 2.602 2.567 2.533 2.499 2.468 2.436 2.408 2.379 2.354 2.326 2.305 2.281 2.26 2.244 2.222 2.203 2.187 2.17 2.157 2.141 2.128 2.116 2.102 2.091 2.078 2.069 2.058 2.049 2.044 2.036 2.029 2.025 2.016 2.015 2.009 2.008 2.006 2.001 2.001 2 1.999
0.514 0 0 0.96 0.959 0.963 0.962 0.963 0.965 0.965 0.97 0.973 0.972 0.976 0.979 0.984 0.989 0.993 0.999 1.003 1.01 1.012 1.023 1.026 1.036 1.039 1.049 1.056 1.067 1.076 1.088 1.093 1.107 1.117 1.128 1.142 1.154 1.169 1.185 1.199 1.213 1.233 1.248 1.265 1.288 1.307 1.328 1.353 1.374 1.4 1.425 1.453 1.484 1.517 1.548 1.585 1.622 1.661 1.704 1.748 1.793 1.846 1.9 1.957 2.021 2.088 2.165 2.241 2.326 2.419 2.52 2.633 2.753 2.888 3.041 3.21 3.394 3.608 3.858 4.129 4.453 4.838 5.298 5.861 6.518 7.414 8.538 11.5 11.484 11.469 11.459 11.451 11.449 11.448 11.451 11.459 11.469 11.482 11.502 11.523 11.55 11.578 11.609 11.644 11.681 11.726 8.625 8.032 7.521 7.084 6.694 6.338 6.019 5.747 5.486 5.259 5.038 4.846 4.668 4.507 4.357 4.212 4.083 3.956 3.846 3.742 3.639 3.55 3.459 3.382 3.299 3.229 3.161 3.095 3.032 2.973 2.92 2.867 2.817 2.77 2.721 2.68 2.642 2.603 2.565 2.529 2.498 2.468 2.434 2.408 2.381 2.352 2.33 2.303 2.283 2.26 2.241 2.223 2.204 2.184 2.171 2.154 2.141 2.127 2.112 2.1 2.088 2.082 2.07 2.063 2.054 2.046 2.037 2.03 2.025 2.021 2.017 2.011 2.008 2.004 2.003 2.002 2 2.001
0.615 0 0 0.959 0.96 0.962 0.96 0.962 0.967 0.964 0.97 0.972 0.976 0.976 0.979 0.984 0.988 0.992 1 1.005 1.01 1.014 1.023 1.025 1.033 1.039 1.051 1.058 1.066 1.076 1.083 1.096 1.107 1.118 1.128 1.141 1.157 1.166 1.181 1.196 1.214 1.231 1.249 1.266 1.287 1.307 1.327 1.35 1.376 1.402 1.425 1.457 1.487 1.517 1.548 1.586 1.621 1.663 1.701 1.745 1.795 1.848 1.898 1.961 2.022 2.088 2.161 2.241 2.327 2.419 2.523 2.633 2.755 2.887 3.039 3.206 3.4 3.608 3.854 4.134 4.455 4.845 5.3 5.841 6.518 7.407 11.424 11.399 11.384 11.37 11.363 11.351 11.352 11.35 11.353 11.362 11.369 11.383 11.399 11.424 11.444 11.473 11.506 11.543 11.581 11.62 8.583 8.025 7.533 7.086 6.686 6.329 6.017 5.743 5.488 5.257 5.043 4.847 4.671 4.501 4.355 4.214 4.081 3.959 3.845 3.739 3.638 3.549 3.457 3.38 3.3 3.226 3.158 3.092 3.033 2.976 2.919 2.865 2.817 2.769 2.721 2.682 2.639 2.602 2.566 2.53 2.499 2.466 2.434 2.407 2.381 2.354 2.329 2.307 2.281 2.261 2.243 2.22 2.205 2.185 2.171 2.153 2.143 2.125 2.115 2.099 2.092 2.078 2.07 2.059 2.052 2.043 2.036 2.031 2.022 2.02 2.013 2.012 2.009 2.003 2 2.001 2.002 1.999
0.665 0 0 0.958 0.962 0.963 0.964 0.963 0.966 0.969 0.967 0.973 0.972 0.977 0.978 0.983 0.991 0.994 0.999 1.005 1.007 1.012 1.023 1.026 1.034 1.04 1.05 1.055 1.065 1.075 1.083 1.097 1.105 1.117 1.129 1.142 1.154 1.168 1.183 1.198 1.214 1.232 1.249 1.266 1.286 1.307 1.329 1.35 1.374 1.402 1.427 1.453 1.486 1.518 1.55 1.582 1.624 1.662 1.702 1.746 1.796 1.845 1.901 1.957 2.02 2.09 2.164 2.242 2.328 2.42 2.517 2.634 2.754 2.89 3.038 3.211 3.397 3.615 3.852 4.133 4.458 4.839 5.289 5.84 6.521 7.376 11.371 11.352 11.335 11.319 11.312 11.304 11.301 11.299 11.305 11.308 11.318 11.333 11.353 11.373 11.395 11.423 11.456 11.49 11.53 11.571 8.534 8.02 7.519 7.08 6.686 6.334 6.028 5.743 5.487 5.258 5.041 4.846 4.672 4.505 4.352 4.215 4.08 3.96 3.844 3.742 3.643 3.552 3.46 3.376 3.303 3.227 3.155 3.096 3.032 2.971 2.916 2.865 2.816 2.771 2.725 2.682 2.64 2.603 2.565 2.529 2.499 2.463 2.435 2.407 2.378 2.355 2.33 2.303 2.283 2.263 2.24 2.223 2.202 2.185 2.17 2.157 2.14 2.126 2.112 2.101 2.09 2.077 2.068 2.058 2.053 2.043 2.034 2.032 2.026 2.02 2.015 2.009 2.006 2.005 2.002 1.998 2 2.001
0.715 0 0 0.962 0.961 0.96 0.962 0.963 0.965 0.966 0.971 0.969 0.976 0.978 0.979 0.982 0.987 0.993 0.997 1.004 1.008 1.016 1.022 1.026 1.036 1.043 1.051 1.06 1.067 1.076 1.085 1.097 1.106 1.117 1.129 1.142 1.154 1.17 1.183 1.199 1.215 1.231 1.25 1.268 1.286 1.305 1.33 1.353 1.373 1.4 1.427 1.457 1.485 1.516 1.547 1.587 1.623 1.662 1.704 1.749 1.795 1.846 1.9 1.962 2.021 2.088 2.161 2.241 2.329 2.416 2.521 2.633 2.757 2.888 3.04 3.213 3.4 3.615 3.851 4.133 4.464 4.837 5.298 5.838 6.526 7.409 11.322 11.299 11.285 11.272 11.26 11.253 11.248 11.248 11.255 11.258 11.269 11.283 11.3 11.319 11.345 11.371 11.406 11.44 11.478 11.517 8.48 8.039 7.518 7.07 6.687 6.33 6.022 5.738 5.481 5.251 5.044 4.849 4.666 4.509 4.352 4.212 4.079 3.958 3.848 3.741 3.642 3.55 3.459 3.379 3.303 3.228 3.158 3.095 3.033 2.972 2.916 2.866 2.815 2.768 2.723 2.682 2.642 2.604 2.563 2.531 2.495 2.467 2.435 2.406 2.378 2.352 2.327 2.307 2.284 2.262 2.242 2.224 2.206 2.189 2.172 2.155 2.142 2.126 2.113 2.099 2.09 2.08 2.067 2.06 2.05 2.044 2.037 2.029 2.026 2.018 2.015 2.012 2.009 2.003 2.001 2.002 1.998 1.999
0.766 0 0 0.958 0.958 0.963 0.964 0.964 0.966 0.968 0.97 0.972 0.975 0.975 0.979 0.982 0.987 0.994 0.995 1.005 1.008 1.012 1.018 1.025 1.033 1.04 1.049 1.058 1.068 1.078 1.086 1.096 1.107 1.115 1.128 1.14 1.153 1.17 1.183 1.199 1.212 1.23 1.25 1.268 1.286 1.307 1.329 1.349 1.376 1.401 1.427 1.456 1.486 1.517 1.548 1.586 1.623 1.658 1.702 1.746 1.796 1.844 1.898 1.957 2.022 2.091 2.16 2.24 2.327 2.421 2.522 2.629 2.753 2.892 3.04 3.213 3.4 3.613 3.854 4.131 4.461 4.837 5.3 5.846 6.529 7.411 11.271 11.249 11.235 11.221 11.211 11.203 11.198 11.2 11.205 11.209 11.221 11.236 11.251 11.271 11.293 11.324 11.352 11.388 11.427 11.469 8.436 8.038 7.516 7.07 6.681 6.337 6.027 5.744 5.484 5.258 5.045 4.85 4.665 4.502 4.35 4.211 4.08 3.959 3.844 3.738 3.638 3.551 3.459 3.379 3.301 3.228 3.159 3.094 3.034 2.972 2.916 2.868 2.815 2.767 2.724 2.681 2.641 2.599 2.563 2.531 2.498 2.466 2.437 2.408 2.38 2.355 2.327 2.307 2.284 2.261 2.242 2.221 2.205 2.188 2.172 2.153 2.138 2.127 2.115 2.101 2.089 2.079 2.07 2.058 2.05 2.046 2.039 2.029 2.025 2.017 2.013 2.011 2.005 2.003 2 2.003 2.002 2
0.917 0 0 0.961 0.961 0.963 0.961 0.964 0.965 0.966 0.971 0.971 0.973 0.979 0.981 0.983 0.988 0.994 0.996 1.001 1.009 1.014 1.023 1.025 1.036 1.043 1.049 1.057 1.065 1.077 1.083 1.094 1.104 1.119 1.127 1.144 1.155 1.17 1.186 1.199 1.212 1.231 1.248 1.267 1.285 1.306 1.33 1.352 1.377 1.402 1.425 1.453 1.486 1.518 1.548 1.585 1.622 1.661 1.703 1.747 1.793 1.844 1.901 1.959 2.021 2.088 2.161 2.242 2.329 2.422 2.523 2.629 2.759 2.887 3.04 3.208 3.395 3.61 3.86 4.139 4.466 4.836 5.299 5.852 6.527 7.383 11.12 11.101 11.084 11.069 11.058 11.051 11.052 11.048 11.053 11.062 11.068 11.084 11.101 11.118 11.141 11.168 11.202 11.237 11.274 11.316 11.362 8.022 7.524 7.076 6.682 6.339 6.019 5.742 5.482 5.255 5.037 4.85 4.667 4.503 4.35 4.215 4.078 3.96 3.846 3.742 3.638 3.547 3.46 3.38 3.303 3.228 3.16 3.09 3.033 2.974 2.919 2.866 2.817 2.767 2.723 2.678 2.642 2.602 2.564 2.529 2.496 2.467 2.437 2.406 2.38 2.355 2.327 2.305 2.283 2.262 2.244 2.222 2.203 2.185 2.171 2.153 2.137 2.124 2.112 2.101 2.092 2.081 2.068 2.058 2.05 2.045 2.036 2.028 2.026 2.017 2.014 2.011 2.009 2.006 2.003 2.001 2 1.998
0.967 0 0 0.959 0.96 0.959 0.962 0.964 0.963 0.966 0.968 0.972 0.975 0.977 0.982 0.982 0.99 0.992 0.997 1.005 1.007 1.013 1.021 1.027 1.035 1.041 1.048 1.056 1.065 1.075 1.087 1.097 1.106 1.12 1.13 1.144 1.155 1.168 1.186 1.199 1.212 1.23 1.248 1.269 1.289 1.308 1.33 1.354 1.377 1.398 1.429 1.453 1.486 1.518 1.551 1.586 1.62 1.658 1.703 1.748 1.795 1.849 1.9 1.958 2.021 2.087 2.162 2.238 2.327 2.416 2.519 2.63 2.755 2.888 3.042 3.215 3.401 3.607 3.853 4.134 4.458 4.84 5.288 5.851 6.538 7.387 11.07 11.049 11.031 11.021 11.009 11.005 10.998 10.999 11.002 11.011 11.017 11.036 11.048 11.071 11.095 11.119 11.151 11.186 11.223 11.263 11.308 8.033 7.521 7.085 6.692 6.331 6.025 5.745 5.485 5.258 5.045 4.848 4.672 4.504 4.358 4.213 4.079 3.96 3.845 3.74 3.641 3.549 3.461 3.377 3.303 3.229 3.16 3.093 3.033 2.97 2.921 2.864 2.817 2.768 2.721 2.679 2.638 2.602 2.564 2.532 2.499 2.464 2.435 2.406 2.379 2.354 2.327 2.303 2.281 2.261 2.239 2.222 2.202 2.185 2.17 2.156 2.142 2.125 2.113 2.099 2.089 2.078 2.07 2.061 2.05 2.045 2.037 2.032 2.026 2.018 2.016 2.009 2.008 2.006 2.004 2.003 1.999 1.998
1.018 0 0 0.961 0.959 0.962 0.96 0.963 0.964 0.966 0.969 0.969 0.974 0.978 0.982 0.986 0.987 0.994 0.999 1.004 1.009 1.012 1.019 1.029 1.036 1.04 1.051 1.059 1.067 1.076 1.086 1.095 1.105 1.116 1.128 1.143 1.158 1.167 1.181 1.2 1.214 1.231 1.25 1.267 1.285 1.306 1.327 1.35 1.375 1.398 1.427 1.455 1.487 1.515 1.548 1.582 1.618 1.659 1.704 1.748 1.797 1.844 1.898 1.957 2.02 2.087 2.162 2.241 2.327 2.419 2.52 2.634 2.751 2.887 3.038 3.212 3.398 3.615 3.849 4.136 4.465 4.843 5.298 5.838 6.515 7.385 11.018 10.998 10.983 10.968 10.958 10.954 10.949 10.948 10.953 10.96 10.969 10.985 10.999 11.022 11.044 11.07 11.098 11.132 11.169 11.212 11.258 8.029 7.521 7.073 6.691 6.337 6.022 5.738 5.487 5.256 5.041 4.851 4.672 4.508 4.353 4.212 4.077 3.96 3.844 3.743 3.643 3.548 3.461 3.379 3.298 3.229 3.159 3.094 3.033 2.975 2.917 2.863 2.818 2.767 2.724 2.683 2.642 2.604 2.563 2.529 2.497 2.468 2.435 2.405 2.378 2.353 2.33 2.307 2.283 2.261 2.239 2.223 2.203 2.187 2.172 2.155 2.142 2.124 2.115 2.102 2.089 2.078 2.072 2.059 2.049 2.044 2.036 2.03 2.025 2.017 2.017 2.012 2.005 2.005 2 2.003 2.002 1.997
1.118 0 0 0.959 0.961 0.96 0.959 0.964 0.965 0.965 0.971 0.974 0.973 0.975 0.979 0.986 0.989 0.995 0.997 1.004 1.01 1.015 1.02 1.029 1.033 1.043 1.049 1.055 1.066 1.075 1.086 1.098 1.106 1.119 1.13 1.144 1.156 1.171 1.181 1.197 1.216 1.233 1.251 1.268 1.285 1.306 1.329 1.349 1.376 1.402 1.428 1.458 1.483 1.515 1.549 1.584 1.62 1.662 1.702 1.749 1.796 1.845 1.901 1.959 2.023 2.09 2.162 2.242 2.327 2.418 2.519 2.632 2.755 2.891 3.038 3.209 3.395 3.607 3.852 4.127 4.462 4.846 5.307 5.85 6.54 7.387 10.919 10.901 10.881 10.871 10.861 10.854 10.85 10.851 10.851 10.861 10.87 10.884 10.901 10.92 10.942 10.97 11.001 11.033 11.067 11.112 11.155 8.027 7.515 7.08 6.689 6.332 6.02 5.74 5.491 5.254 5.046 4.847 4.667 4.507 4.352 4.212 4.083 3.963 3.849 3.74 3.641 3.548 3.462 3.378 3.299 3.225 3.156 3.092 3.034 2.972 2.919 2.866 2.816 2.767 2.721 2.683 2.642 2.599 2.565 2.531 2.496 2.467 2.434 2.407 2.381 2.352 2.328 2.307 2.281 2.259 2.242 2.223 2.206 2.188 2.172 2.153 2.141 2.127 2.114 2.104 2.091 2.078 2.068 2.062 2.05 2.044 2.035 2.029 2.022 2.018 2.012 2.01 2.009 2.003 2.004 2.001 2 2
1.169 0 0 0.958 0.959 0.963 0.96 0.963 0.964 0.964 0.971 0.972 0.975 0.976 0.982 0.983 0.99 0.995 0.998 1.005 1.01 1.014 1.022 1.026 1.035 1.04 1.049 1.058 1.067 1.074 1.087 1.095 1.105 1.118 1.128 1.143 1.152 1.168 1.183 1.198 1.214 1.232 1.249 1.27 1.287 1.305 1.331 1.351 1.375 1.401 1.426 1.456 1.483 1.516 1.55 1.587 1.62 1.66 1.701 1.744 1.793 1.846 1.901 1.958 2.021 2.089 2.16 2.241 2.324 2.422 2.521 2.633 2.755 2.89 3.041 3.213 3.402 3.616 3.852 4.131 4.455 4.851 5.298 5.837 6.531 7.403 10.867 10.849 10.832 10.821 10.812 10.802 10.799 10.798 10.805 10.812 10.818 10.833 10.849 10.869 10.891 10.92 10.946 10.983 11.019 11.06 11.101 8.03 7.534 7.086 6.682 6.339 6.029 5.739 5.486 5.251 5.046 4.847 4.667 4.507 4.35 4.213 4.082 3.959 3.848 3.739 3.641 3.551 3.459 3.377 3.303 3.228 3.16 3.094 3.03 2.976 2.917 2.863 2.818 2.77 2.723 2.681 2.639 2.601 2.565 2.53 2.495 2.465 2.437 2.408 2.378 2.355 2.327 2.304 2.283 2.26 2.242 2.22 2.202 2.188 2.171 2.154 2.138 2.125 2.114 2.101 2.091 2.081 2.069 2.058 2.051 2.044 2.038 2.028 2.022 2.017 2.013 2.011 2.009 2.003 2.001 2.002 1.999 2.002
1.219 0 0 0.962 0.959 0.961 0.963 0.964 0.965 0.967 0.967 0.971 0.974 0.977 0.983 0.984 0.987 0.994 0.998 1.005 1.007 1.014 1.021 1.029 1.034 1.044 1.049 1.058 1.065 1.077 1.084 1.095 1.108 1.118 1.131 1.143 1.157 1.168 1.184 1.198 1.213 1.232 1.247 1.267 1.287 1.307 1.331 1.35 1.377 1.4 1.428 1.455 1.486 1.518 1.55 1.586 1.621 1.661 1.704 1.75 1.797 1.845 1.903 1.956 2.022 2.09 2.163 2.242 2.328 2.419 2.52 2.631 2.755 2.892 3.038 3.21 3.403 3.613 3.861 4.136 4.465 4.833 5.297 5.84 6.519 7.385 10.817 10.8 10.784 10.771 10.758 10.753 10.749 10.751 10.753 10.757 10.768 10.785 10.801 10.817 10.841 10.865 10.896 10.932 10.97 11.007 11.051 7.999 7.523 7.083 6.679 6.334 6.029 5.745 5.482 5.258 5.043 4.848 4.673 4.505 4.351 4.212 4.082 3.957 3.844 3.739 3.641 3.546 3.459 3.381 3.299 3.23 3.157 3.094 3.03 2.97 2.919 2.863 2.814 2.766 2.725 2.679 2.642 2.6 2.565 2.533 2.495 2.463 2.437 2.406 2.381 2.351 2.329 2.305 2.282 2.26 2.241 2.224 2.204 2.186 2.169 2.154 2.142 2.127 2.112 2.103 2.091 2.08 2.069 2.06 2.052 2.041 2.038 2.033 2.025 2.019 2.013 2.01 2.008 2.002 2.002 1.999 2.002 1.998
1.269 0 0 0.959 0.959 0.963 0.964 0.963 0.965 0.965 0.971 0.974 0.972 0.975 0.983 0.986 0.99 0.994 0.997 1.002 1.006 1.016 1.021 1.029 1.033 1.042 1.047 1.056 1.068 1.078 1.084 1.097 1.108 1.119 1.129 1.141 1.154 1.171 1.184 1.197 1.216 1.232 1.249 1.266 1.289 1.307 1.33 1.354 1.378 1.403 1.425 1.454 1.482 1.515 1.547 1.585 1.622 1.662 1.704 1.746 1.794 1.846 1.9 1.959 2.021 2.091 2.162 2.244 2.326 2.418 2.521 2.63 2.756 2.893 3.042 3.209 3.394 3.61 3.858 4.134 4.456 4.847 5.304 5.852 6.517 7.402 10.767 10.751 10.732 10.718 10.711 10.703 10.7 10.702 10.701 10.712 10.72 10.73 10.749 10.766 10.792 10.816 10.845 10.878 10.918 10.957 11.001 7.95 7.529 7.074 6.686 6.333 6.03 5.736 5.486 5.253 5.037 4.853 4.672 4.505 4.354 4.215 4.082 3.957 3.844 3.738 3.643 3.55 3.461 3.377 3.298 3.229 3.157 3.091 3.032 2.975 2.919 2.868 2.817 2.768 2.724 2.682 2.641 2.603 2.565 2.533 2.498 2.463 2.436 2.405 2.378 2.354 2.327 2.305 2.281 2.261 2.243 2.22 2.203 2.188 2.17 2.156 2.139 2.125 2.112 2.1 2.092 2.078 2.068 2.059 2.049 2.046 2.035 2.028 2.023 2.017 2.016 2.012 2.006 2.004 2 1.999 1.999 1.998
1.37 0 0 0.959 0.959 0.959 0.96 0.961 0.964 0.965 0.97 0.972 0.973 0.979 0.978 0.986 0.989 0.993 0.999 1.003 1.006 1.015 1.022 1.026 1.035 1.043 1.049 1.058 1.065 1.074 1.085 1.097 1.105 1.119 1.127 1.143 1.158 1.168 1.185 1.197 1.212 1.233 1.25 1.269 1.286 1.31 1.33 1.351 1.374 1.401 1.427 1.457 1.482 1.517 1.549 1.583 1.624 1.661 1.701 1.749 1.796 1.848 1.899 1.957 2.023 2.087 2.161 2.24 2.326 2.417 2.523 2.63 2.756 2.894 3.045 3.208 3.398 3.612 3.861 4.128 4.465 4.846 5.307 5.852 6.543 7.386 10.669 10.646 10.63 10.62 10.611 10.604 10.6 10.599 10.604 10.611 10.618 10.634 10.647 10.668 10.688 10.716 10.747 10.777 10.814 10.855 10.897 10.943 7.531 7.074 6.685 6.34 6.027 5.739 5.488 5.25 5.045 4.844 4.669 4.502 4.354 4.215 4.08 3.958 3.848 3.741 3.643 3.55 3.462 3.38 3.3 3.228 3.16 3.096 3.031 2.973 2.918 2.868 2.815 2.767 2.725 2.681 2.639 2.605 2.565 2.53 2.495 2.467 2.435 2.408 2.381 2.353 2.331 2.303 2.281 2.26 2.244 2.224 2.203 2.187 2.172 2.156 2.139 2.129 2.115 2.1 2.092 2.077 2.07 2.062 2.05 2.042 2.035 2.031 2.027 2.017 2.014 2.011 2.007 2.003 2.004 2 1.998 2.002
1.421 0 0 0.962 0.962 0.962 0.961 0.964 0.965 0.965 0.968 0.971 0.974 0.978 0.982 0.985 0.99 0.991 0.998 1.004 1.008 1.016 1.02 1.025 1.032 1.041 1.051 1.058 1.064 1.075 1.083 1.097 1.107 1.116 1.131 1.142 1.153 1.171 1.185 1.197 1.216 1.23 1.249 1.265 1.288 1.305 1.329 1.352 1.373 1.401 1.424 1.455 1.486 1.516 1.549 1.586 1.624 1.66 1.701 1.746 1.796 1.846 1.9 1.956 2.023 2.091 2.163 2.244 2.326 2.423 2.522 2.635 2.753 2.888 3.038 3.209 3.397 3.611 3.86 4.138 4.462 4.841 5.29 5.838 6.53 7.41 10.615 10.595 10.58 10.567 10.557 10.555 10.552 10.551 10.555 10.56 10.568 10.58 10.597 10.617 10.639 10.664 10.693 10.725 10.764 10.805 10.844 10.891 7.517 7.08 6.69 6.335 6.021 5.735 5.486 5.25 5.043 4.851 4.669 4.505 4.353 4.214 4.079 3.96 3.845 3.74 3.642 3.546 3.463 3.378 3.302 3.225 3.157 3.091 3.033 2.974 2.918 2.868 2.816 2.767 2.724 2.681 2.638 2.603 2.564 2.533 2.496 2.464 2.434 2.408 2.378 2.355 2.326 2.307 2.281 2.26 2.239 2.221 2.203 2.187 2.171 2.155 2.142 2.124 2.112 2.101 2.092 2.08 2.068 2.06 2.053 2.042 2.038 2.032 2.023 2.017 2.016 2.01 2.007 2.006 2.004 2.003 1.999 1.997
1.471 0 0 0.962 0.962 0.961 0.96 0.961 0.965 0.969 0.971 0.974 0.975 0.979 0.982 0.984 0.988 0.991 0.996 1.004 1.01 1.014 1.02 1.026 1.033 1.041 1.049 1.059 1.066 1.075 1.083 1.095 1.107 1.119 1.129 1.144 1.157 1.168 1.184 1.199 1.213 1.231 1.247 1.267 1.286 1.305 1.33 1.353 1.375 1.398 1.426 1.455 1.482 1.518 1.547 1.584 1.623 1.66 1.704 1.75 1.792 1.846 1.903 1.961 2.02 2.09 2.16 2.242 2.328 2.417 2.52 2.631 2.754 2.887 3.043 3.208 3.396 3.609 3.852 4.132 4.453 4.834 5.297 5.839 6.519 7.399 10.569 10.548 10.534 10.521 10.51 10.504 10.497 10.498 10.503 10.509 10.52 10.532 10.546 10.566 10.591 10.617 10.645 10.678 10.71 10.75 10.797 10.843 7.528 7.084 6.69 6.335 6.028 5.742 5.489 5.257 5.047 4.848 4.672 4.505 4.352 4.21 4.08 3.956 3.846 3.739 3.638 3.547 3.457 3.376 3.299 3.225 3.158 3.094 3.033 2.973 2.917 2.865 2.817 2.77 2.725 2.68 2.638 2.602 2.563 2.533 2.498 2.467 2.436 2.406 2.38 2.354 2.329 2.304 2.28 2.26 2.24 2.222 2.204 2.186 2.172 2.152 2.141 2.129 2.112 2.1 2.091 2.079 2.068 2.061 2.051 2.043 2.036 2.03 2.023 2.018 2.015 2.009 2.007 2.004 2.003 2.002 1.999 1.997
1.521 0 0 0.96 0.959 0.961 0.964 0.961 0.963 0.964 0.97 0.972 0.975 0.976 0.981 0.986 0.99 0.995 0.997 1.004 1.006 1.013 1.018 1.025 1.035 1.043 1.047 1.057 1.064 1.075 1.084 1.094 1.105 1.116 1.129 1.142 1.153 1.169 1.182 1.197 1.212 1.232 1.251 1.265 1.285 1.306 1.327 1.351 1.377 1.403 1.427 1.456 1.483 1.513 1.551 1.585 1.623 1.662 1.705 1.746 1.797 1.848 1.902 1.96 2.019 2.089 2.165 2.243 2.327 2.418 2.52 2.633 2.756 2.895 3.037 3.206 3.395 3.612 3.851 4.129 4.459 4.846 5.302 5.853 6.539 7.378 10.514 10.499 10.481 10.467 10.458 10.451 10.448 10.449 10.454 10.457 10.467 10.484 10.496 10.517 10.541 10.563 10.594 10.626 10.662 10.701 10.746 10.792 7.526 7.087 6.689 6.34 6.023 5.736 5.488 5.256 5.044 4.85 4.673 4.505 4.353 4.213 4.081 3.962 3.847 3.743 3.64 3.546 3.46 3.377 3.302 3.228 3.158 3.092 3.032 2.971 2.917 2.864 2.815 2.766 2.725 2.679 2.639 2.6 2.567 2.533 2.498 2.467 2.434 2.404 2.38 2.351 2.33 2.306 2.283 2.259 2.241 2.22 2.201 2.188 2.169 2.156 2.14 2.126 2.113 2.101 2.09 2.077 2.067 2.058 2.05 2.044 2.036 2.031 2.026 2.017 2.015 2.012 2.006 2.003 2.002 2.003 1.998 1.999
1.622 0 0 0.961 0.959 0.959 0.963 0.965 0.965 0.965 0.969 0.973 0.975 0.975 0.979 0.984 0.988 0.994 0.996 1.004 1.008 1.012 1.022 1.028 1.032 1.042 1.048 1.058 1.067 1.076 1.083 1.094 1.104 1.116 1.127 1.14 1.153 1.168 1.181 1.198 1.212 1.231 1.248 1.265 1.287 1.305 1.327 1.352 1.373 1.402 1.427 1.453 1.486 1.514 1.548 1.585 1.62 1.661 1.701 1.747 1.794 1.849 1.904 1.957 2.024 2.087 2.163 2.239 2.328 2.42 2.524 2.634 2.757 2.888 3.043 3.211 3.393 3.613 3.852 4.138 4.461 4.837 5.29 5.845 6.544 7.404 10.417 10.398 10.381 10.369 10.358 10.352 10.351 10.349 10.353 10.358 10.369 10.38 10.394 10.414 10.437 10.463 10.489 10.525 10.558 10.6 10.643 10.685 7.521 7.076 6.684 6.338 6.028 5.742 5.481 5.255 5.047 4.85 4.669 4.504 4.355 4.209 4.078 3.962 3.848 3.739 3.64 3.545 3.461 3.376 3.298 3.225 3.157 3.094 3.029 2.972 2.918 2.865 2.813 2.768 2.726 2.68 2.641 2.604 2.563 2.532 2.497 2.466 2.433 2.407 2.38 2.356 2.327 2.304 2.283 2.26 2.24 2.22 2.204 2.188 2.171 2.156 2.138 2.124 2.114 2.099 2.092 2.08 2.068 2.059 2.05 2.044 2.035 2.03 2.026 2.017 2.014 2.012 2.008 2.002 2.002 1.999 2.001 1.999
1.874 0 0 0.962 0.961 0.961 0.963 0.962 0.967 0.968 0.968 0.971 0.975 0.976 0.983 0.984 0.987 0.993 0.997 1.004 1.01 1.012 1.022 1.027 1.035 1.039 1.052 1.056 1.068 1.075 1.083 1.098 1.108 1.12 1.129 1.141 1.152 1.167 1.184 1.197 1.212 1.232 1.25 1.268 1.288 1.307 1.327 1.351 1.375 1.401 1.429 1.453 1.486 1.515 1.548 1.582 1.622 1.661 1.703 1.746 1.793 1.845 1.899 1.958 2.023 2.088 2.164 2.239 2.326 2.418 2.519 2.633 2.755 2.89 3.039 3.209 3.396 3.605 3.857 4.132 4.455 4.847 5.305 5.84 6.53 10.187 10.164 10.145 10.128 10.117 10.107 10.104 10.098 10.101 10.101 10.109 10.118 10.129 10.147 10.162 10.188 10.209 10.237 10.269 10.305 10.341 10.38 10.429 7.37 7.072 6.682 6.332 6.026 5.737 5.486 5.248 5.041 4.846 4.666 4.507 4.351 4.216 4.079 3.961 3.843 3.737 3.641 3.551 3.46 3.375 3.3 3.229 3.16 3.095 3.032 2.975 2.917 2.863 2.814 2.767 2.721 2.679 2.64 2.605 2.564 2.532 2.495 2.467 2.436 2.405 2.379 2.352 2.327 2.303 2.283 2.264 2.242 2.221 2.206 2.185 2.169 2.157 2.138 2.124 2.114 2.103 2.088 2.08 2.071 2.058 2.051 2.044 2.035 2.03 2.023 2.02 2.012 2.012 2.005 2.005 2.002 2.003 2.001 1.998
1.975 0 0 0.96 0.959 0.959 0.962 0.962 0.962 0.966 0.969 0.972 0.972 0.98 0.978 0.985 0.991 0.994 0.997 1.003 1.006 1.014 1.018 1.027 1.033 1.039 1.052 1.058 1.064 1.073 1.084 1.093 1.106 1.117 1.127 1.139 1.158 1.168 1.181 1.197 1.213 1.23 1.248 1.267 1.287 1.306 1.329 1.35 1.376 1.401 1.427 1.457 1.487 1.515 1.55 1.582 1.62 1.658 1.702 1.747 1.794 1.847 1.903 1.96 2.021 2.092 2.164 2.243 2.325 2.418 2.519 2.633 2.752 2.892 3.044 3.207 3.395 3.609 3.86 4.135 4.465 4.838 5.286 5.846 6.52 10.084 10.065 10.044 10.031 10.02 10.009 10.003 10.001 10.002 10.002 10.01 10.017 10.033 10.044 10.062 10.083 10.109 10.136 10.171 10.202 10.241 10.282 10.323 10.374 7.073 6.682 6.339 6.018 5.736 5.482 5.252 5.035 4.852 4.668 4.502 4.351 4.212 4.081 3.959 3.848 3.743 3.641 3.547 3.462 3.379 3.298 3.227 3.155 3.094 3.03 2.975 2.915 2.864 2.815 2.77 2.726 2.684 2.641 2.6 2.567 2.531 2.497 2.466 2.437 2.405 2.378 2.353 2.327 2.306 2.285 2.264 2.24 2.222 2.206 2.187 2.172 2.153 2.141 2.128 2.115 2.103 2.088 2.081 2.071 2.06 2.052 2.043 2.035 2.03 2.022 2.021 2.014 2.011 2.005 2.005 2.004 2.003 1.998 1.999
2.227 0 0 0.96 0.958 0.959 0.961 0.964 0.967 0.967 0.97 0.97 0.976 0.979 0.979 0.983 0.988 0.992 0.997 1.003 1.007 1.016 1.021 1.029 1.035 1.04 1.051 1.055 1.066 1.073 1.085 1.097 1.108 1.117 1.129 1.144 1.154 1.168 1.183 1.196 1.216 1.233 1.248 1.267 1.287 1.305 1.327 1.35 1.377 1.402 1.427 1.456 1.484 1.514 1.548 1.586 1.619 1.661 1.704 1.746 1.792 1.847 1.9 1.959 2.021 2.088 2.159 2.242 2.327 2.419 2.521 2.634 2.754 2.893 3.04 3.212 3.398 3.609 3.857 4.13 4.458 4.844 5.304 5.837 6.534 9.831 9.81 9.797 9.777 9.767 9.757 9.751 9.75 9.748 9.754 9.756 9.767 9.779 9.794 9.813 9.831 9.859 9.883 9.914 9.949 9.986 10.024 10.067 10.113 7.034 6.683 6.334 6.024 5.745 5.481 5.251 5.043 4.847 4.665 4.502 4.351 4.214 4.08 3.959 3.85 3.737 3.64 3.549 3.458 3.376 3.303 3.228 3.159 3.093 3.033 2.973 2.919 2.866 2.815 2.769 2.724 2.681 2.641 2.601 2.565 2.528 2.497 2.467 2.437 2.404 2.378 2.354 2.327 2.303 2.283 2.261 2.242 2.223 2.201 2.188 2.171 2.153 2.142 2.128 2.111 2.099 2.087 2.081 2.071 2.059 2.052 2.042 2.038 2.032 2.023 2.018 2.013 2.011 2.006 2.004 2.004 2.001 2 1.998
2.378 0 0 0.961 0.96 0.959 0.964 0.961 0.963 0.966 0.967 0.971 0.975 0.977 0.98 0.985 0.989 0.995 0.996 1.004 1.009 1.016 1.021 1.026 1.034 1.04 1.048 1.057 1.067 1.078 1.086 1.094 1.108 1.118 1.13 1.142 1.157 1.17 1.185 1.198 1.213 1.233 1.251 1.266 1.286 1.306 1.329 1.354 1.377 1.398 1.426 1.454 1.485 1.515 1.549 1.583 1.622 1.661 1.704 1.746 1.796 1.845 1.901 1.958 2.018 2.092 2.162 2.24 2.326 2.421 2.519 2.633 2.755 2.889 3.039 3.211 3.398 3.612 3.856 4.132 4.458 4.839 5.292 5.851 6.523 9.68 9.659 9.642 9.629 9.615 9.609 9.602 9.598 9.601 9.605 9.61 9.618 9.629 9.643 9.659 9.682 9.703 9.733 9.761 9.795 9.831 9.871 9.914 9.959 10.01 6.689 6.33 6.028 5.738 5.479 5.254 5.045 4.848 4.669 4.504 4.354 4.21 4.081 3.96 3.845 3.741 3.639 3.548 3.461 3.376 3.3 3.229 3.158 3.093 3.03 2.973 2.917 2.862 2.816 2.769 2.721 2.682 2.64 2.6 2.566 2.529 2.497 2.467 2.434 2.407 2.378 2.354 2.327 2.305 2.28 2.263 2.243 2.223 2.203 2.185 2.17 2.154 2.142 2.128 2.116 2.103 2.09 2.08 2.07 2.061 2.05 2.044 2.034 2.031 2.024 2.018 2.013 2.01 2.008 2.002 2.002 2.002 1.998 2.002
2.428 0 0 0.961 0.962 0.962 0.964 0.963 0.965 0.965 0.968 0.972 0.974 0.976 0.98 0.983 0.989 0.996 0.998 1.003 1.008 1.016 1.022 1.027 1.032 1.041 1.051 1.058 1.068 1.074 1.086 1.096 1.104 1.118 1.132 1.143 1.154 1.169 1.184 1.196 1.212 1.232 1.25 1.269 1.286 1.305 1.328 1.353 1.376 1.4 1.425 1.455 1.484 1.514 1.549 1.583 1.62 1.658 1.702 1.746 1.793 1.846 1.899 1.961 2.018 2.088 2.161 2.242 2.329 2.421 2.525 2.631 2.76 2.888 3.045 3.213 3.396 3.613 3.852 4.132 4.46 4.835 5.288 5.853 6.528 9.628 9.608 9.591 9.578 9.567 9.559 9.552 9.548 9.549 9.552 9.559 9.567 9.58 9.594 9.61 9.63 9.654 9.683 9.711 9.745 9.779 9.819 9.862 9.905 9.953 6.691 6.341 6.023 5.744 5.483 5.251 5.041 4.846 4.667 4.504 4.352 4.211 4.086 3.958 3.846 3.742 3.638 3.55 3.46 3.379 3.301 3.23 3.157 3.093 3.029 2.971 2.916 2.864 2.815 2.769 2.723 2.682 2.64 2.602 2.565 2.528 2.496 2.465 2.433 2.408 2.381 2.352 2.327 2.305 2.282 2.26 2.24 2.222 2.204 2.186 2.17 2.153 2.139 2.127 2.112 2.102 2.09 2.079 2.068 2.062 2.054 2.045 2.037 2.03 2.023 2.019 2.013 2.011 2.006 2.006 2.003 2.001 1.999 1.997
2.478 0 0 0.96 0.958 0.96 0.961 0.962 0.966 0.965 0.971 0.971 0.976 0.978 0.982 0.984 0.989 0.995 0.997 1.003 1.007 1.013 1.02 1.026 1.033 1.043 1.051 1.056 1.067 1.075 1.085 1.093 1.107 1.119 1.131 1.141 1.155 1.169 1.184 1.2 1.214 1.233 1.248 1.267 1.286 1.309 1.33 1.349 1.377 1.4 1.425 1.455 1.484 1.514 1.547 1.582 1.621 1.66 1.7 1.751 1.794 1.844 1.899 1.959 2.02 2.087 2.162 2.24 2.327 2.419 2.521 2.63 2.754 2.894 3.04 3.21 3.398 3.613 3.86 4.13 4.465 4.831 5.301 5.841 6.516 9.58 9.563 9.543 9.529 9.515 9.507 9.502 9.5 9.497 9.503 9.509 9.518 9.53 9.544 9.56 9.578 9.602 9.628 9.658 9.694 9.726 9.765 9.811 9.854 9.902 6.69 6.344 6.022 5.741 5.485 5.256 5.045 4.842 4.671 4.506 4.356 4.212 4.084 3.96 3.847 3.741 3.641 3.548 3.46 3.379 3.301 3.228 3.157 3.093 3.031 2.973 2.917 2.866 2.815 2.766 2.725 2.682 2.643 2.604 2.567 2.528 2.497 2.465 2.433 2.407 2.379 2.353 2.326 2.304 2.283 2.262 2.241 2.221 2.201 2.187 2.172 2.156 2.138 2.128 2.112 2.103 2.091 2.079 2.069 2.06 2.05 2.043 2.038 2.031 2.023 2.02 2.012 2.01 2.008 2.007 2.001 2.003 2.002 2
2.73 0 0 0.958 0.96 0.962 0.961 0.965 0.966 0.965 0.968 0.974 0.975 0.976 0.981 0.984 0.989 0.992 0.995 1.005 1.007 1.016 1.02 1.029 1.034 1.044 1.047 1.059 1.065 1.078 1.088 1.098 1.109 1.118 1.129 1.14 1.157 1.167 1.185 1.196 1.213 1.231 1.25 1.267 1.288 1.306 1.328 1.352 1.373 1.398 1.428 1.457 1.486 1.516 1.548 1.585 1.623 1.66 1.7 1.746 1.794 1.845 1.899 1.96 2.021 2.091 2.164 2.244 2.327 2.421 2.522 2.63 2.755 2.894 3.044 3.21 3.399 3.612 3.857 4.137 4.461 4.84 5.296 5.837 9.354 9.328 9.311 9.289 9.278 9.266 9.258 9.253 9.249 9.25 9.252 9.259 9.268 9.276 9.292 9.309 9.33 9.351 9.376 9.407 9.439 9.473 9.512 9.552 9.592 9.643 6.558 6.328 6.024 5.735 5.483 5.253 5.048 4.847 4.669 4.506 4.354 4.213 4.084 3.958 3.846 3.738 3.64 3.548 3.461 3.377 3.3 3.228 3.158 3.095 3.034 2.973 2.92 2.864 2.816 2.767 2.723 2.682 2.641 2.604 2.567 2.528 2.498 2.463 2.437 2.407 2.381 2.354 2.327 2.305 2.282 2.264 2.24 2.223 2.202 2.187 2.172 2.155 2.139 2.124 2.111 2.1 2.089 2.08 2.067 2.062 2.05 2.042 2.038 2.029 2.024 2.021 2.016 2.013 2.009 2.004 2.002 2.002 1.997 2
2.781 0 0 0.957 0.959 0.961 0.963 0.962 0.964 0.967 0.968 0.973 0.975 0.978 0.983 0.986 0.99 0.995 0.999 1.004 1.009 1.013 1.019 1.029 1.035 1.044 1.051 1.057 1.064 1.077 1.087 1.096 1.107 1.117 1.131 1.141 1.156 1.169 1.184 1.199 1.212 1.233 1.249 1.266 1.289 1.308 1.33 1.349 1.376 1.402 1.424 1.457 1.483 1.519 1.55 1.584 1.621 1.66 1.703 1.745 1.797 1.845 1.901 1.96 2.023 2.089 2.162 2.24 2.328 2.421 2.526 2.633 2.756 2.89 3.043 3.208 3.398 3.614 3.858 4.132 4.457 4.85 5.293 5.852 9.301 9.279 9.257 9.243 9.229 9.217 9.209 9.205 9.198 9.201 9.201 9.21 9.216 9.229 9.24 9.259 9.277 9.301 9.324 9.353 9.387 9.419 9.457 9.502 9.541 9.589 9.642 6.333 6.027 5.735 5.486 5.249 5.04 4.847 4.668 4.505 4.355 4.213 4.079 3.956 3.844 3.74 3.64 3.548 3.462 3.378 3.297 3.231 3.157 3.095 3.031 2.974 2.917 2.863 2.814 2.769 2.721 2.68 2.641 2.602 2.566 2.529 2.499 2.465 2.436 2.405 2.378 2.351 2.33 2.306 2.283 2.26 2.241 2.224 2.204 2.184 2.171 2.156 2.139 2.126 2.111 2.102 2.089 2.078 2.067 2.058 2.052 2.045 2.038 2.029 2.024 2.02 2.012 2.012 2.005 2.007 2.004 2.002 2 1.998
2.881 0 0 0.96 0.962 0.962 0.961 0.961 0.964 0.968 0.969 0.97 0.972 0.979 0.979 0.984 0.989 0.991 0.999 1.003 1.008 1.015 1.02 1.026 1.036 1.039 1.047 1.057 1.065 1.076 1.087 1.094 1.109 1.118 1.129 1.142 1.155 1.17 1.184 1.196 1.214 1.229 1.249 1.267 1.286 1.307 1.33 1.354 1.377 1.398 1.429 1.455 1.483 1.515 1.549 1.584 1.623 1.66 1.703 1.746 1.794 1.846 1.899 1.958 2.02 2.089 2.161 2.24 2.326 2.421 2.52 2.633 2.753 2.892 3.039 3.207 3.396 3.608 3.851 4.133 4.464 4.849 5.291 5.858 9.198 9.177 9.16 9.143 9.128 9.119 9.109 9.104 9.101 9.1 9.105 9.11 9.118 9.127 9.141 9.158 9.176 9.199 9.223 9.255 9.284 9.319 9.355 9.398 9.437 9.485 9.536 6.341 6.027 5.74 5.48 5.25 5.043 4.849 4.665 4.504 4.354 4.209 4.083 3.961 3.843 3.739 3.643 3.549 3.46 3.379 3.301 3.225 3.158 3.093 3.034 2.97 2.917 2.864 2.816 2.767 2.724 2.68 2.638 2.604 2.566 2.529 2.496 2.464 2.434 2.409 2.379 2.355 2.327 2.303 2.285 2.261 2.239 2.223 2.203 2.187 2.168 2.156 2.141 2.128 2.112 2.103 2.088 2.079 2.071 2.061 2.052 2.042 2.038 2.028 2.025 2.021 2.013 2.01 2.006 2.004 2.001 1.999 1.999 1.999
2.982 0 0 0.96 0.959 0.962 0.963 0.961 0.964 0.968 0.967 0.973 0.976 0.976 0.978 0.986 0.988 0.995 0.997 1.002 1.01 1.014 1.023 1.026 1.033 1.042 1.048 1.057 1.064 1.073 1.084 1.095 1.106 1.119 1.127 1.14 1.154 1.168 1.182 1.196 1.214 1.229 1.25 1.265 1.285 1.306 1.329 1.35 1.372 1.401 1.428 1.453 1.484 1.514 1.547 1.586 1.62 1.659 1.703 1.744 1.795 1.847 1.9 1.962 2.021 2.091 2.163 2.241 2.326 2.419 2.519 2.63 2.757 2.888 3.043 3.205 3.398 3.618 3.853 4.13 4.464 4.839 5.3 5.839 9.099 9.076 9.055 9.041 9.029 9.017 9.008 9.004 9 8.999 9.003 9.009 9.016 9.025 9.042 9.056 9.074 9.1 9.121 9.149 9.183 9.216 9.255 9.291 9.338 9.382 9.432 6.321 6.023 5.74 5.486 5.256 5.042 4.848 4.671 4.508 4.351 4.213 4.079 3.963 3.846 3.742 3.642 3.55 3.458 3.379 3.297 3.229 3.156 3.092 3.031 2.973 2.916 2.867 2.816 2.769 2.725 2.682 2.639 2.605 2.568 2.532 2.499 2.466 2.437 2.405 2.381 2.355 2.33 2.306 2.282 2.262 2.24 2.224 2.205 2.184 2.172 2.155 2.139 2.126 2.111 2.099 2.089 2.081 2.067 2.059 2.05 2.046 2.034 2.029 2.024 2.017 2.014 2.008 2.007 2.006 2.003 2.001 1.998 2
3.335 0 0 0.961 0.958 0.962 0.963 0.964 0.967 0.966 0.969 0.97 0.972 0.978 0.981 0.986 0.986 0.991 0.998 1.001 1.01 1.012 1.019 1.026 1.033 1.042 1.05 1.056 1.068 1.075 1.085 1.097 1.106 1.115 1.129 1.139 1.153 1.169 1.184 1.198 1.213 1.231 1.248 1.269 1.287 1.309 1.327 1.354 1.375 1.4 1.426 1.454 1.484 1.518 1.547 1.581 1.62 1.662 1.704 1.746 1.793 1.848 1.9 1.961 2.019 2.087 2.161 2.239 2.329 2.418 2.521 2.633 2.756 2.891 3.044 3.211 3.399 3.613 3.858 4.137 4.457 4.834 5.308 8.767 8.744 8.723 8.707 8.687 8.678 8.666 8.659 8.652 8.652 8.649 8.654 8.66 8.666 8.677 8.689 8.705 8.724 8.744 8.769 8.795 8.826 8.856 8.894 8.932 8.972 9.014 9.066 9.115 5.991 5.742 5.484 5.254 5.037 4.849 4.67 4.503 4.351 4.216 4.082 3.96 3.845 3.739 3.641 3.548 3.462 3.378 3.298 3.226 3.156 3.095 3.03 2.971 2.918 2.867 2.816 2.766 2.721 2.679 2.642 2.602 2.564 2.53 2.495 2.468 2.437 2.405 2.381 2.352 2.328 2.307 2.281 2.26 2.241 2.223 2.201 2.189 2.169 2.154 2.138 2.126 2.116 2.099 2.087 2.078 2.069 2.058 2.05 2.046 2.037 2.03 2.023 2.019 2.015 2.012 2.006 2.004 2.004 1.999 1.998 2.001
3.385 0 0 0.958 0.963 0.959 0.964 0.963 0.964 0.966 0.97 0.974 0.975 0.977 0.982 0.982 0.988 0.993 1 1.003 1.008 1.014 1.022 1.027 1.035 1.044 1.049 1.06 1.066 1.077 1.083 1.095 1.105 1.119 1.128 1.142 1.154 1.169 1.183 1.199 1.215 1.231 1.249 1.269 1.287 1.306 1.329 1.352 1.375 1.4 1.43 1.457 1.483 1.517 1.549 1.584 1.622 1.662 1.702 1.746 1.794 1.845 1.901 1.96 2.021 2.091 2.164 2.239 2.329 2.419 2.524 2.629 2.755 2.889 3.041 3.206 3.399 3.61 3.859 4.133 4.461 4.833 5.306 8.717 8.693 8.674 8.654 8.637 8.624 8.616 8.608 8.6 8.6 8.598 8.603 8.606 8.616 8.626 8.64 8.654 8.675 8.692 8.716 8.744 8.773 8.808 8.842 8.878 8.922 8.967 9.012 9.06 5.937 5.74 5.487 5.251 5.044 4.847 4.674 4.503 4.354 4.213 4.08 3.962 3.847 3.739 3.64 3.546 3.46 3.377 3.299 3.227 3.16 3.092 3.029 2.973 2.915 2.866 2.814 2.77 2.724 2.68 2.639 2.604 2.564 2.53 2.497 2.466 2.433 2.405 2.377 2.355 2.329 2.306 2.281 2.263 2.241 2.221 2.205 2.186 2.17 2.153 2.142 2.125 2.111 2.103 2.09 2.081 2.07 2.062 2.053 2.046 2.039 2.031 2.024 2.018 2.014 2.012 2.006 2.005 2.003 2.002 1.998 2.001
3.486 0 0 0.958 0.961 0.959 0.961 0.962 0.964 0.965 0.968 0.97 0.973 0.976 0.98 0.986 0.99 0.994 0.997 1.002 1.007 1.013 1.022 1.029 1.034 1.039 1.048 1.057 1.067 1.073 1.087 1.098 1.106 1.118 1.127 1.142 1.153 1.169 1.182 1.196 1.213 1.229 1.248 1.267 1.288 1.308 1.33 1.35 1.375 1.401 1.425 1.455 1.485 1.517 1.551 1.585 1.622 1.661 1.704 1.747 1.794 1.848 1.898 1.959 2.024 2.089 2.163 2.244 2.326 2.42 2.522 2.631 2.758 2.889 3.041 3.212 3.403 3.606 3.854 4.139 4.458 4.846 5.3 8.617 8.59 8.571 8.556 8.539 8.526 8.513 8.508 8.501 8.498 8.499 8.503 8.506 8.517 8.526 8.538 8.555 8.571 8.593 8.616 8.642 8.673 8.705 8.739 8.776 8.819 8.86 8.906 8.956 9.01 5.741 5.486 5.255 5.042 4.851 4.666 4.509 4.352 4.21 4.08 3.956 3.849 3.739 3.639 3.549 3.46 3.376 3.3 3.229 3.161 3.095 3.031 2.974 2.918 2.863 2.814 2.77 2.722 2.682 2.64 2.602 2.564 2.531 2.495 2.465 2.435 2.404 2.377 2.353 2.327 2.305 2.281 2.26 2.239 2.22 2.206 2.186 2.172 2.157 2.141 2.125 2.111 2.1 2.089 2.08 2.07 2.058 2.05 2.042 2.035 2.032 2.025 2.017 2.016 2.011 2.006 2.005 2.002 2 1.998 2
3.536 0 0 0.96 0.959 0.958 0.96 0.963 0.965 0.966 0.971 0.971 0.972 0.975 0.982 0.982 0.988 0.991 0.998 1.005 1.009 1.013 1.018 1.029 1.037 1.042 1.047 1.058 1.067 1.076 1.085 1.094 1.105 1.116 1.129 1.141 1.154 1.167 1.183 1.199 1.213 1.232 1.247 1.269 1.288 1.306 1.33 1.35 1.377 1.401 1.424 1.454 1.482 1.517 1.547 1.582 1.622 1.662 1.704 1.749 1.796 1.848 1.899 1.961 2.021 2.089 2.162 2.243 2.324 2.42 2.523 2.631 2.756 2.891 3.042 3.213 3.397 3.617 3.854 4.137 4.458 4.845 5.287 8.567 8.542 8.521 8.505 8.487 8.475 8.465 8.457 8.452 8.45 8.449 8.451 8.455 8.463 8.476 8.489 8.503 8.523 8.544 8.566 8.592 8.624 8.651 8.689 8.727 8.768 8.809 8.852 8.905 8.96 5.737 5.489 5.248 5.04 4.847 4.671 4.506 4.35 4.213 4.082 3.963 3.845 3.74 3.64 3.547 3.458 3.379 3.298 3.228 3.157 3.091 3.03 2.972 2.92 2.866 2.818 2.768 2.722 2.679 2.642 2.603 2.564 2.529 2.494 2.467 2.435 2.405 2.38 2.351 2.327 2.307 2.284 2.26 2.241 2.222 2.206 2.187 2.171 2.153 2.138 2.128 2.111 2.101 2.088 2.079 2.071 2.062 2.052 2.044 2.035 2.029 2.023 2.017 2.016 2.009 2.005 2.004 2.003 2.002 1.999 1.997
3.587 0 0 0.96 0.962 0.961 0.96 0.962 0.963 0.969 0.969 0.971 0.975 0.975 0.98 0.982 0.987 0.991 0.996 1.002 1.007 1.016 1.023 1.027 1.034 1.039 1.049 1.059 1.068 1.077 1.085 1.097 1.108 1.119 1.128 1.142 1.155 1.167 1.184 1.198 1.214 1.232 1.248 1.265 1.285 1.307 1.327 1.349 1.376 1.402 1.426 1.454 1.487 1.517 1.546 1.583 1.62 1.66 1.705 1.745 1.795 1.845 1.899 1.958 2.024 2.09 2.164 2.242 2.329 2.419 2.521 2.633 2.753 2.893 3.042 3.206 3.4 3.608 3.853 4.132 4.453 4.835 5.296 8.514 8.492 8.471 8.455 8.44 8.424 8.417 8.409 8.404 8.399 8.399 8.402 8.41 8.416 8.426 8.439 8.452 8.47 8.494 8.515 8.542 8.569 8.6 8.636 8.675 8.711 8.757 8.804 8.852 8.904 5.743 5.486 5.259 5.036 4.848 4.67 4.509 4.35 4.214 4.078 3.963 3.847 3.742 3.639 3.546 3.459 3.376 3.301 3.226 3.157 3.094 3.031 2.972 2.92 2.862 2.815 2.77 2.721 2.68 2.641 2.603 2.564 2.531 2.497 2.465 2.434 2.407 2.381 2.353 2.326 2.305 2.284 2.26 2.242 2.224 2.203 2.184 2.171 2.153 2.141 2.124 2.113 2.1 2.088 2.078 2.068 2.061 2.05 2.045 2.037 2.032 2.026 2.02 2.013 2.012 2.007 2.003 2.001 1.998 2.002 2
3.788 0 0 0.962 0.962 0.961 0.961 0.963 0.967 0.969 0.967 0.973 0.976 0.976 0.979 0.986 0.989 0.992 0.999 1 1.009 1.013 1.021 1.028 1.032 1.04 1.048 1.056 1.067 1.074 1.086 1.098 1.106 1.116 1.129 1.142 1.154 1.167 1.185 1.199 1.215 1.232 1.249 1.268 1.286 1.309 1.326 1.349 1.378 1.398 1.428 1.456 1.484 1.514 1.548 1.585 1.623 1.661 1.705 1.748 1.796 1.846 1.9 1.96 2.021 2.092 2.161 2.239 2.323 2.423 2.522 2.635 2.757 2.892 3.041 3.21 3.398 3.613 3.859 4.137 4.457 4.846 5.298 8.314 8.29 8.268 8.251 8.235 8.223 8.214 8.209 8.204 8.198 8.202 8.202 8.207 8.214 8.224 8.239 8.253 8.268 8.292 8.31 8.339 8.367 8.395 8.431 8.467 8.504 8.55 8.592 8.644 8.695 8.748 5.485 5.256 5.038 4.851 4.67 4.502 4.355 4.215 4.079 3.961 3.85 3.739 3.64 3.547 3.464 3.379 3.3 3.225 3.157 3.095 3.033 2.974 2.918 2.864 2.815 2.769 2.725 2.683 2.642 2.602 2.564 2.532 2.497 2.463 2.434 2.407 2.381 2.353 2.327 2.306 2.283 2.262 2.242 2.221 2.204 2.188 2.169 2.154 2.138 2.126 2.116 2.101 2.092 2.078 2.069 2.059 2.05 2.045 2.037 2.029 2.024 2.017 2.015 2.012 2.007 2.005 2.004 1.999 1.998 2.001
3.839 0 0 0.961 0.961 0.961 0.962 0.963 0.963 0.965 0.969 0.972 0.976 0.979 0.98 0.985 0.99 0.993 0.999 1.003 1.009 1.016 1.023 1.025 1.032 1.043 1.047 1.059 1.068 1.078 1.086 1.095 1.104 1.119 1.128 1.142 1.155 1.167 1.184 1.2 1.213 1.232 1.249 1.266 1.289 1.309 1.328 1.352 1.375 1.402 1.427 1.454 1.484 1.516 1.55 1.585 1.623 1.659 1.702 1.748 1.797 1.845 1.898 1.96 2.02 2.09 2.162 2.243 2.327 2.42 2.522 2.629 2.755 2.89 3.04 3.205 3.4 3.607 3.858 4.131 4.459 4.849 5.298 8.263 8.24 8.216 8.199 8.188 8.177 8.162 8.158 8.154 8.151 8.152 8.155 8.156 8.166 8.173 8.188 8.2 8.217 8.24 8.263 8.288 8.314 8.345 8.376 8.414 8.456 8.495 8.542 8.592 8.639 8.694 5.482 5.258 5.041 4.846 4.671 4.504 4.352 4.214 4.084 3.959 3.846 3.742 3.642 3.548 3.457 3.378 3.297 3.228 3.162 3.093 3.031 2.972 2.92 2.865 2.817 2.767 2.723 2.683 2.64 2.603 2.563 2.528 2.495 2.465 2.435 2.406 2.38 2.354 2.329 2.304 2.285 2.261 2.239 2.224 2.203 2.186 2.169 2.156 2.139 2.126 2.113 2.102 2.089 2.081 2.068 2.06 2.053 2.041 2.034 2.031 2.022 2.017 2.013 2.011 2.006 2.004 2.001 2.001 2 1.999
3.889 0 0 0.961 0.96 0.959 0.96 0.964 0.965 0.968 0.97 0.971 0.973 0.976 0.981 0.984 0.988 0.994 0.997 1.002 1.008 1.012 1.021 1.025 1.035 1.042 1.051 1.059 1.066 1.076 1.084 1.094 1.107 1.118 1.13 1.143 1.153 1.168 1.183 1.2 1.215 1.232 1.247 1.267 1.285 1.306 1.331 1.353 1.373 1.403 1.425 1.457 1.483 1.515 1.55 1.583 1.619 1.66 1.701 1.747 1.793 1.843 1.9 1.957 2.024 2.092 2.16 2.244 2.324 2.42 2.52 2.631 2.757 2.891 3.039 3.209 3.398 3.616 3.853 4.133 4.468 4.844 8.237 8.208 8.186 8.168 8.152 8.139 8.126 8.115 8.106 8.102 8.099 8.1 8.104 8.105 8.113 8.123 8.135 8.152 8.168 8.19 8.211 8.239 8.265 8.293 8.327 8.363 8.4 8.442 8.487 8.535 8.586 8.638 5.477 5.251 5.037 4.845 4.668 4.508 4.354 4.213 4.081 3.962 3.848 3.74 3.638 3.547 3.46 3.377 3.3 3.227 3.159 3.093 3.032 2.976 2.917 2.866 2.816 2.769 2.722 2.682 2.64 2.6 2.568 2.529 2.495 2.463 2.433 2.406 2.381 2.353 2.33 2.305 2.284 2.26 2.242 2.223 2.202 2.189 2.172 2.155 2.139 2.124 2.115 2.101 2.091 2.077 2.069 2.06 2.053 2.046 2.035 2.029 2.023 2.02 2.015 2.012 2.009 2.006 2 1.999 2.001 1.999
3.939 0 0 0.959 0.962 0.961 0.96 0.963 0.964 0.969 0.97 0.97 0.976 0.976 0.981 0.986 0.989 0.992 0.996 1.002 1.009 1.015 1.021 1.029 1.034 1.044 1.049 1.057 1.067 1.074 1.087 1.098 1.105 1.117 1.131 1.141 1.153 1.169 1.184 1.197 1.213 1.231 1.247 1.268 1.285 1.305 1.327 1.352 1.373 1.403 1.427 1.455 1.486 1.515 1.551 1.581 1.624 1.662 1.703 1.748 1.797 1.847 1.902 1.957 2.02 2.09 2.161 2.241 2.328 2.419 2.518 2.636 2.755 2.891 3.042 3.209 3.395 3.615 3.851 4.139 4.458 4.838 8.186 8.16 8.139 8.117 8.1 8.085 8.074 8.065 8.054 8.054 8.051 8.051 8.05 8.059 8.062 8.072 8.088 8.099 8.12 8.139 8.161 8.187 8.214 8.245 8.274 8.31 8.351 8.393 8.438 8.482 8.535 8.586 5.423 5.248 5.039 4.852 4.669 4.509 4.35 4.211 4.082 3.958 3.845 3.739 3.639 3.545 3.459 3.378 3.303 3.226 3.16 3.096 3.03 2.975 2.917 2.866 2.814 2.771 2.723 2.682 2.639 2.601 2.566 2.528 2.496 2.464 2.434 2.408 2.38 2.355 2.327 2.306 2.281 2.264 2.243 2.223 2.203 2.188 2.171 2.156 2.139 2.125 2.113 2.104 2.092 2.077 2.071 2.059 2.053 2.045 2.037 2.028 2.022 2.018 2.017 2.012 2.009 2.006 2.002 2.002 2.001 2.001
3.99 0 0 0.959 0.962 0.959 0.963 0.962 0.963 0.969 0.968 0.97 0.973 0.977 0.981 0.985 0.989 0.995 0.997 1.003 1.006 1.014 1.021 1.028 1.036 1.039 1.05 1.056 1.067 1.074 1.085 1.095 1.108 1.115 1.13 1.144 1.156 1.167 1.182 1.2 1.214 1.232 1.248 1.266 1.285 1.309 1.329 1.349 1.376 1.4 1.427 1.456 1.487 1.518 1.548 1.584 1.622 1.662 1.703 1.747 1.793 1.844 1.901 1.958 2.02 2.089 2.163 2.242 2.325 2.422 2.524 2.629 2.755 2.889 3.037 3.211 3.399 3.608 3.855 4.133 4.463 4.835 8.134 8.111 8.086 8.066 8.049 8.037 8.023 8.012 8.007 8.003 8 7.998 8.001 8.009 8.016 8.022 8.036 8.051 8.066 8.087 8.109 8.135 8.163 8.191 8.226 8.258 8.3 8.342 8.385 8.429 8.481 8.532 5.37 5.256 5.036 4.846 4.672 4.503 4.352 4.212 4.084 3.961 3.845 3.739 3.639 3.544 3.458 3.379 3.303 3.231 3.159 3.092 3.033 2.975 2.919 2.865 2.814 2.77 2.725 2.681 2.639 2.603 2.564 2.531 2.495 2.468 2.434 2.406 2.379 2.353 2.33 2.304 2.283 2.26 2.242 2.222 2.206 2.185 2.172 2.153 2.142 2.125 2.112 2.102 2.091 2.079 2.068 2.059 2.051 2.043 2.038 2.028 2.026 2.017 2.015 2.009 2.009 2.005 2.004 1.998 1.997 1.998
4.04 0 0 0.958 0.962 0.958 0.96 0.964 0.967 0.966 0.971 0.973 0.976 0.979 0.98 0.982 0.99 0.993 0.996 1.005 1.008 1.015 1.023 1.028 1.032 1.039 1.048 1.06 1.065 1.076 1.086 1.097 1.106 1.119 1.127 1.143 1.153 1.168 1.183 1.196 1.213 1.229 1.246 1.268 1.289 1.306 1.33 1.349 1.377 1.398 1.428 1.453 1.485 1.518 1.551 1.586 1.622 1.658 1.703 1.749 1.795 1.847 1.903 1.96 2.02 2.089 2.159 2.24 2.325 2.421 2.524 2.63 2.753 2.896 3.044 3.211 3.399 3.611 3.854 4.137 4.455 4.85 8.083 8.058 8.035 8.015 8.002 7.988 7.976 7.963 7.958 7.95 7.949 7.951 7.95 7.958 7.963 7.974 7.985 8.003 8.019 8.038 8.059 8.086 8.113 8.139 8.175 8.208 8.244 8.288 8.333 8.378 8.429 8.479 8.535 5.251 5.04 4.851 4.665 4.504 4.353 4.213 4.081 3.96 3.845 3.737 3.641 3.548 3.459 3.378 3.301 3.227 3.158 3.094 3.029 2.974 2.918 2.864 2.816 2.77 2.722 2.682 2.64 2.602 2.566 2.528 2.497 2.466 2.434 2.405 2.38 2.353 2.328 2.306 2.283 2.261 2.243 2.223 2.205 2.187 2.172 2.156 2.142 2.127 2.114 2.1 2.089 2.082 2.072 2.06 2.054 2.043 2.038 2.028 2.022 2.021 2.013 2.009 2.007 2.004 2.001 2.003 2.002 2.001
4.645 0 0 0.958 0.962 0.959 0.962 0.965 0.965 0.969 0.97 0.974 0.975 0.978 0.982 0.983 0.987 0.993 0.999 1.002 1.009 1.016 1.021 1.026 1.032 1.04 1.052 1.059 1.066 1.073 1.083 1.098 1.105 1.118 1.129 1.141 1.155 1.167 1.182 1.196 1.213 1.23 1.248 1.267 1.286 1.307 1.33 1.351 1.377 1.4 1.427 1.454 1.484 1.514 1.55 1.583 1.624 1.662 1.704 1.747 1.792 1.846 1.903 1.958 2.023 2.092 2.162 2.239 2.326 2.42 2.523 2.63 2.755 2.894 3.041 3.204 3.398 3.616 3.851 4.135 4.456 7.5 7.47 7.453 7.43 7.414 7.396 7.384 7.372 7.361 7.356 7.351 7.352 7.349 7.352 7.357 7.364 7.372 7.383 7.396 7.411 7.431 7.45 7.473 7.501 7.526 7.554 7.59 7.624 7.659 7.702 7.744 7.791 7.84 7.892 7.949 8.008 4.773 4.667 4.506 4.349 4.215 4.083 3.959 3.846 3.739 3.641 3.547 3.462 3.379 3.301 3.226 3.161 3.096 3.03 2.97 2.915 2.867 2.818 2.768 2.725 2.683 2.642 2.603 2.562 2.53 2.497 2.464 2.436 2.408 2.378 2.352 2.327 2.306 2.281 2.259 2.24 2.224 2.205 2.187 2.171 2.153 2.138 2.127 2.112 2.102 2.09 2.079 2.072 2.06 2.05 2.043 2.035 2.028 2.026 2.018 2.015 2.011 2.008 2.007 2.001 2.002 1.999 1.998
4.695 0 0 0.958 0.958 0.961 0.961 0.962 0.966 0.964 0.968 0.972 0.975 0.976 0.983 0.986 0.99 0.992 0.997 1.002 1.007 1.016 1.021 1.029 1.033 1.039 1.047 1.06 1.065 1.076 1.084 1.095 1.108 1.117 1.128 1.144 1.155 1.169 1.182 1.197 1.214 1.23 1.247 1.268 1.284 1.31 1.33 1.353 1.375 1.4 1.427 1.454 1.487 1.515 1.547 1.585 1.62 1.659 1.702 1.75 1.794 1.845 1.898 1.962 2.022 2.089 2.165 2.241 2.328 2.419 2.522 2.631 2.755 2.891 3.041 3.208 3.396 3.606 3.86 4.137 4.459 7.448 7.421 7.398 7.379 7.364 7.348 7.333 7.323 7.314 7.304 7.302 7.302 7.299 7.3 7.307 7.312 7.323 7.333 7.346 7.361 7.382 7.4 7.421 7.449 7.473 7.503 7.535 7.571 7.612 7.647 7.691 7.737 7.786 7.838 7.892 7.95 8.011 4.671 4.505 4.354 4.214 4.078 3.958 3.847 3.742 3.64 3.549 3.46 3.376 3.302 3.226 3.159 3.093 3.029 2.974 2.918 2.864 2.814 2.767 2.724 2.683 2.641 2.602 2.566 2.532 2.496 2.463 2.434 2.408 2.38 2.352 2.328 2.307 2.285 2.263 2.244 2.22 2.205 2.186 2.169 2.152 2.14 2.125 2.114 2.101 2.092 2.08 2.071 2.062 2.052 2.045 2.035 2.032 2.025 2.019 2.015 2.012 2.005 2.002 2.003 2 2 2.002
4.745 0 0 0.959 0.961 0.962 0.963 0.961 0.967 0.967 0.967 0.971 0.976 0.975 0.981 0.984 0.987 0.994 0.998 1.004 1.011 1.015 1.02 1.029 1.036 1.04 1.047 1.057 1.064 1.074 1.088 1.096 1.107 1.117 1.131 1.14 1.157 1.168 1.181 1.197 1.214 1.228 1.249 1.265 1.284 1.308 1.327 1.353 1.374 1.4 1.426 1.454 1.484 1.517 1.546 1.583 1.623 1.661 1.702 1.746 1.797 1.845 1.901 1.962 2.022 2.091 2.161 2.239 2.33 2.419 2.521 2.632 2.752 2.893 3.046 3.204 3.397 3.609 3.857 4.137 7.424 7.395 7.372 7.349 7.328 7.311 7.298 7.282 7.273 7.261 7.258 7.253 7.249 7.249 7.252 7.259 7.264 7.274 7.285 7.294 7.311 7.329 7.35 7.371 7.398 7.423 7.452 7.484 7.521 7.56 7.595 7.639 7.683 7.736 7.788 7.838 7.896 7.958 4.674 4.504 4.354 4.217 4.085 3.959 3.843 3.738 3.643 3.55 3.462 3.377 3.302 3.228 3.16 3.094 3.032 2.973 2.915 2.865 2.817 2.768 2.722 2.681 2.642 2.601 2.567 2.532 2.499 2.466 2.433 2.408 2.379 2.356 2.327 2.303 2.285 2.263 2.241 2.224 2.203 2.186 2.169 2.156 2.142 2.127 2.115 2.1 2.089 2.079 2.067 2.06 2.052 2.044 2.035 2.028 2.023 2.019 2.012 2.012 2.008 2.005 2.004 2 2.001 2
4.947 0 0 0.962 0.961 0.958 0.964 0.964 0.967 0.968 0.968 0.972 0.973 0.976 0.983 0.985 0.987 0.991 0.999 1.002 1.006 1.017 1.02 1.027 1.036 1.039 1.05 1.06 1.065 1.076 1.083 1.095 1.106 1.115 1.131 1.14 1.154 1.168 1.183 1.197 1.214 1.229 1.251 1.267 1.289 1.309 1.327 1.352 1.374 1.4 1.426 1.453 1.482 1.518 1.552 1.584 1.623 1.664 1.701 1.745 1.797 1.847 1.899 1.958 2.019 2.09 2.163 2.24 2.328 2.42 2.521 2.629 2.758 2.892 3.042 3.211 3.399 3.616 3.855 4.139 7.218 7.194 7.168 7.145 7.129 7.112 7.096 7.083 7.072 7.064 7.058 7.053 7.05 7.051 7.051 7.055 7.063 7.073 7.083 7.096 7.111 7.129 7.144 7.167 7.193 7.218 7.25 7.279 7.315 7.35 7.389 7.427 7.474 7.522 7.572 7.623 7.678 7.738 7.801 4.5 4.355 4.213 4.08 3.964 3.848 3.743 3.642 3.544 3.46 3.377 3.3 3.229 3.16 3.093 3.031 2.973 2.917 2.866 2.815 2.77 2.721 2.681 2.64 2.604 2.563 2.532 2.498 2.465 2.432 2.406 2.381 2.354 2.327 2.307 2.282 2.261 2.243 2.223 2.205 2.184 2.172 2.152 2.139 2.128 2.112 2.103 2.089 2.081 2.071 2.062 2.049 2.046 2.039 2.029 2.023 2.019 2.014 2.011 2.005 2.005 2.002 2.001 2.001 2.001
4.997 0 0 0.957 0.961 0.961 0.963 0.964 0.966 0.969 0.971 0.969 0.973 0.979 0.983 0.984 0.991 0.993 0.998 1.004 1.006 1.013 1.023 1.029 1.035 1.039 1.051 1.056 1.068 1.073 1.086 1.097 1.107 1.116 1.128 1.142 1.153 1.17 1.183 1.198 1.216 1.231 1.248 1.27 1.286 1.308 1.327 1.353 1.373 1.399 1.429 1.455 1.486 1.518 1.548 1.584 1.621 1.663 1.704 1.747 1.797 1.848 1.9 1.96 2.023 2.09 2.161 2.243 2.326 2.419 2.518 2.632 2.753 2.894 3.041 3.212 3.401 3.615 3.853 4.138 7.168 7.14 7.118 7.094 7.074 7.057 7.044 7.032 7.022 7.011 7.006 7.002 6.998 7 7.004 7.008 7.014 7.022 7.031 7.042 7.06 7.075 7.096 7.115 7.143 7.167 7.197 7.229 7.261 7.295 7.334 7.378 7.42 7.468 7.517 7.572 7.623 7.686 7.745 4.463 4.353 4.21 4.082 3.958 3.843 3.741 3.639 3.549 3.458 3.378 3.297 3.228 3.157 3.092 3.032 2.974 2.918 2.863 2.814 2.77 2.724 2.683 2.643 2.599 2.563 2.528 2.498 2.466 2.436 2.404 2.382 2.353 2.329 2.304 2.283 2.26 2.241 2.22 2.205 2.186 2.17 2.157 2.142 2.127 2.115 2.102 2.089 2.081 2.069 2.062 2.05 2.043 2.036 2.028 2.023 2.021 2.012 2.009 2.005 2.006 2.005 2.003 2.002 1.999
5.148 0 0 0.958 0.962 0.961 0.961 0.964 0.966 0.967 0.971 0.969 0.975 0.976 0.98 0.985 0.989 0.992 0.995 1 1.007 1.014 1.018 1.029 1.036 1.04 1.048 1.055 1.068 1.074 1.088 1.096 1.108 1.118 1.129 1.142 1.155 1.166 1.185 1.196 1.214 1.232 1.247 1.269 1.288 1.308 1.329 1.351 1.375 1.401 1.428 1.453 1.485 1.517 1.551 1.585 1.619 1.661 1.703 1.748 1.796 1.846 1.901 1.959 2.021 2.092 2.161 2.237 2.327 2.417 2.524 2.633 2.759 2.892 3.044 3.211 3.399 3.614 3.855 7.042 7.014 6.99 6.965 6.945 6.923 6.908 6.892 6.88 6.872 6.862 6.857 6.853 6.849 6.851 6.851 6.856 6.863 6.87 6.883 6.893 6.91 6.927 6.943 6.966 6.987 7.014 7.044 7.072 7.105 7.138 7.177 7.221 7.263 7.307 7.358 7.408 7.464 7.517 7.58 7.642 4.335 4.208 4.083 3.96 3.845 3.738 3.64 3.55 3.46 3.378 3.299 3.228 3.156 3.095 3.033 2.972 2.92 2.865 2.817 2.768 2.725 2.682 2.64 2.603 2.567 2.529 2.496 2.466 2.436 2.407 2.38 2.351 2.33 2.307 2.285 2.26 2.243 2.221 2.206 2.188 2.17 2.153 2.139 2.126 2.113 2.1 2.092 2.077 2.07 2.06 2.051 2.046 2.038 2.031 2.022 2.019 2.015 2.012 2.005 2.004 2.004 2.002 2.001 2.001
5.199 0 0 0.96 0.959 0.963 0.963 0.963 0.963 0.966 0.971 0.969 0.973 0.976 0.982 0.987 0.99 0.992 0.996 1.005 1.011 1.015 1.019 1.026 1.032 1.042 1.048 1.056 1.068 1.078 1.087 1.095 1.106 1.117 1.131 1.143 1.154 1.166 1.182 1.2 1.215 1.229 1.249 1.267 1.287 1.308 1.329 1.353 1.377 1.399 1.425 1.456 1.486 1.518 1.551 1.584 1.621 1.66 1.705 1.747 1.792 1.848 1.898 1.957 2.023 2.087 2.163 2.242 2.328 2.419 2.521 2.63 2.755 2.889 3.042 3.213 3.396 3.613 3.857 6.99 6.961 6.935 6.914 6.892 6.872 6.859 6.844 6.83 6.823 6.811 6.808 6.801 6.802 6.802 6.801 6.804 6.812 6.818 6.829 6.843 6.857 6.876 6.894 6.914 6.935 6.962 6.993 7.02 7.056 7.088 7.123 7.168 7.209 7.254 7.304 7.355 7.407 7.465 7.524 7.591 4.279 4.211 4.082 3.963 3.847 3.74 3.641 3.548 3.461 3.379 3.297 3.231 3.156 3.092 3.03 2.971 2.916 2.865 2.817 2.768 2.721 2.682 2.639 2.601 2.563 2.53 2.496 2.466 2.436 2.409 2.379 2.354 2.33 2.308 2.284 2.259 2.24 2.221 2.205 2.189 2.168 2.156 2.141 2.129 2.113 2.1 2.088 2.082 2.071 2.062 2.053 2.042 2.035 2.031 2.026 2.018 2.015 2.01 2.006 2.005 2 2.001 1.999 2.002
5.249 0 0 0.96 0.958 0.958 0.962 0.965 0.966 0.968 0.971 0.972 0.976 0.975 0.983 0.985 0.987 0.993 0.998 1.003 1.01 1.015 1.019 1.028 1.036 1.04 1.05 1.056 1.067 1.075 1.085 1.095 1.104 1.119 1.128 1.143 1.156 1.169 1.182 1.199 1.215 1.231 1.248 1.268 1.289 1.309 1.326 1.349 1.374 1.4 1.428 1.453 1.484 1.518 1.551 1.584 1.622 1.66 1.705 1.748 1.793 1.845 1.901 1.958 2.023 2.089 2.162 2.241 2.325 2.421 2.519 2.632 2.756 2.891 3.038 3.211 3.398 3.616 3.857 6.938 6.912 6.889 6.864 6.844 6.822 6.806 6.791 6.779 6.771 6.76 6.755 6.751 6.748 6.751 6.752 6.755 6.764 6.77 6.781 6.79 6.806 6.823 6.841 6.863 6.886 6.912 6.94 6.969 7 7.037 7.076 7.113 7.157 7.2 7.246 7.301 7.35 7.407 7.467 7.531 7.597 4.213 4.082 3.962 3.845 3.741 3.641 3.547 3.462 3.376 3.299 3.229 3.161 3.093 3.033 2.974 2.916 2.865 2.814 2.77 2.726 2.682 2.642 2.604 2.563 2.532 2.496 2.464 2.436 2.407 2.378 2.352 2.327 2.304 2.281 2.26 2.243 2.221 2.205 2.188 2.169 2.155 2.138 2.128 2.115 2.102 2.091 2.081 2.068 2.058 2.052 2.043 2.034 2.029 2.024 2.02 2.015 2.009 2.007 2.003 2.004 1.999 2.001 2.002
5.299 0 0 0.962 0.958 0.963 0.959 0.963 0.965 0.967 0.969 0.972 0.973 0.976 0.98 0.983 0.988 0.995 0.997 1.001 1.006 1.012 1.023 1.025 1.035 1.044 1.05 1.056 1.067 1.076 1.083 1.095 1.108 1.116 1.131 1.141 1.155 1.167 1.183 1.201 1.217 1.229 1.247 1.265 1.288 1.308 1.327 1.352 1.373 1.4 1.425 1.456 1.484 1.518 1.549 1.583 1.623 1.658 1.703 1.748 1.795 1.845 1.9 1.96 2.022 2.088 2.161 2.241 2.33 2.419 2.523 2.636 2.754 2.891 3.04 3.212 3.392 3.616 3.857 6.89 6.858 6.833 6.81 6.789 6.771 6.758 6.742 6.729 6.718 6.71 6.705 6.702 6.698 6.699 6.702 6.706 6.71 6.719 6.729 6.743 6.756 6.774 6.791 6.811 6.834 6.861 6.888 6.919 6.95 6.984 7.02 7.059 7.102 7.145 7.197 7.247 7.295 7.353 7.414 7.476 7.541 4.204 4.079 3.961 3.846 3.74 3.643 3.545 3.458 3.377 3.3 3.226 3.158 3.095 3.031 2.971 2.92 2.864 2.818 2.766 2.722 2.683 2.64 2.6 2.567 2.53 2.496 2.468 2.438 2.406 2.378 2.353 2.33 2.306 2.283 2.259 2.24 2.225 2.203 2.185 2.169 2.155 2.141 2.125 2.113 2.102 2.091 2.079 2.069 2.06 2.054 2.041 2.037 2.031 2.024 2.021 2.017 2.009 2.009 2.003 2.001 2.002 2.001 2.001
5.35 0 0 0.958 0.962 0.963 0.962 0.961 0.967 0.965 0.969 0.973 0.975 0.978 0.981 0.983 0.991 0.993 0.997 1.005 1.008 1.015 1.021 1.029 1.035 1.039 1.051 1.06 1.066 1.075 1.086 1.096 1.106 1.117 1.131 1.141 1.157 1.17 1.181 1.2 1.216 1.233 1.248 1.268 1.286 1.31 1.33 1.354 1.374 1.398 1.428 1.453 1.486 1.518 1.547 1.587 1.622 1.662 1.703 1.749 1.793 1.844 1.899 1.958 2.021 2.092 2.163 2.24 2.327 2.42 2.521 2.629 2.757 2.894 3.044 3.212 3.4 3.609 6.867 6.836 6.812 6.787 6.759 6.74 6.721 6.708 6.692 6.678 6.67 6.661 6.657 6.654 6.649 6.649 6.652 6.658 6.661 6.67 6.678 6.692 6.707 6.725 6.742 6.762 6.786 6.809 6.835 6.865 6.897 6.934 6.969 7.008 7.05 7.093 7.14 7.191 7.241 7.298 7.357 7.422 7.485 4.148 4.084 3.963 3.848 3.745 3.641 3.547 3.458 3.377 3.302 3.225 3.156 3.093 3.033 2.971 2.92 2.863 2.818 2.771 2.725 2.682 2.638 2.601 2.568 2.529 2.497 2.463 2.435 2.407 2.38 2.352 2.331 2.306 2.283 2.26 2.243 2.224 2.204 2.187 2.17 2.152 2.14 2.125 2.112 2.104 2.089 2.079 2.069 2.063 2.05 2.044 2.037 2.031 2.026 2.021 2.016 2.011 2.009 2.007 2 1.999 1.998 2.001
5.4 0 0 0.959 0.96 0.958 0.961 0.961 0.962 0.968 0.967 0.971 0.976 0.977 0.98 0.982 0.987 0.995 0.999 1.003 1.008 1.015 1.019 1.029 1.035 1.042 1.047 1.06 1.066 1.074 1.086 1.094 1.104 1.115 1.131 1.144 1.156 1.17 1.183 1.198 1.215 1.233 1.248 1.267 1.289 1.309 1.326 1.351 1.375 1.399 1.429 1.457 1.482 1.518 1.549 1.583 1.621 1.66 1.703 1.747 1.798 1.847 1.9 1.96 2.021 2.088 2.163 2.241 2.326 2.419 2.519 2.635 2.752 2.89 3.041 3.205 3.399 3.608 6.815 6.784 6.757 6.731 6.708 6.689 6.67 6.657 6.642 6.631 6.62 6.612 6.606 6.601 6.602 6.601 6.603 6.608 6.614 6.62 6.628 6.64 6.654 6.67 6.69 6.712 6.734 6.756 6.785 6.813 6.847 6.882 6.916 6.956 6.996 7.039 7.088 7.135 7.187 7.243 7.3 7.365 7.43 7.498 4.085 3.958 3.846 3.742 3.642 3.548 3.46 3.379 3.301 3.228 3.158 3.094 3.03 2.972 2.918 2.864 2.816 2.769 2.723 2.681 2.64 2.601 2.565 2.533 2.496 2.466 2.434 2.407 2.382 2.356 2.331 2.307 2.281 2.263 2.241 2.222 2.202 2.187 2.17 2.153 2.142 2.126 2.113 2.099 2.091 2.082 2.07 2.06 2.051 2.041 2.037 2.028 2.026 2.017 2.016 2.011 2.009 2.002 2 1.999 2 1.998
5.451 0 0 0.962 0.96 0.96 0.961 0.963 0.962 0.967 0.969 0.972 0.972 0.976 0.979 0.986 0.988 0.991 0.997 1.005 1.007 1.014 1.018 1.025 1.034 1.041 1.051 1.06 1.068 1.073 1.085 1.093 1.108 1.118 1.128 1.141 1.153 1.169 1.185 1.198 1.216 1.23 1.249 1.265 1.289 1.309 1.331 1.35 1.376 1.399 1.427 1.453 1.486 1.516 1.55 1.586 1.621 1.661 1.703 1.746 1.795 1.846 1.902 1.96 2.021 2.09 2.163 2.243 2.326 2.417 2.521 2.636 2.752 2.891 3.04 3.208 3.401 3.61 6.763 6.733 6.707 6.683 6.658 6.637 6.62 6.608 6.593 6.58 6.57 6.563 6.557 6.549 6.551 6.549 6.551 6.557 6.56 6.568 6.577 6.591 6.605 6.62 6.638 6.662 6.681 6.706 6.734 6.763 6.794 6.828 6.866 6.9 6.942 6.985 7.035 7.083 7.137 7.19 7.248 7.31 7.376 7.443 4.073 3.958 3.847 3.737 3.641 3.547 3.462 3.377 3.301 3.229 3.155 3.094 3.031 2.973 2.918 2.865 2.814 2.768 2.723 2.684 2.639 2.6 2.565 2.533 2.498 2.464 2.435 2.405 2.38 2.353 2.327 2.307 2.285 2.259 2.24 2.222 2.203 2.185 2.172 2.154 2.142 2.124 2.112 2.099 2.092 2.078 2.068 2.058 2.053 2.046 2.034 2.032 2.025 2.018 2.014 2.009 2.005 2.002 2.005 1.999 2.002 2.001
5.753 0 0 0.962 0.959 0.962 0.964 0.963 0.966 0.968 0.969 0.973 0.975 0.977 0.982 0.985 0.99 0.992 0.997 1.004 1.007 1.016 1.02 1.027 1.032 1.039 1.051 1.059 1.064 1.076 1.085 1.094 1.108 1.116 1.129 1.144 1.154 1.171 1.185 1.2 1.214 1.232 1.251 1.265 1.287 1.309 1.329 1.352 1.374 1.4 1.428 1.457 1.482 1.516 1.55 1.582 1.619 1.66 1.702 1.746 1.796 1.849 1.901 1.957 2.021 2.088 2.164 2.238 2.327 2.418 2.524 2.633 2.759 2.891 3.039 3.207 3.398 6.485 6.451 6.423 6.399 6.377 6.355 6.336 6.316 6.303 6.289 6.28 6.269 6.258 6.255 6.252 6.249 6.252 6.251 6.256 6.262 6.268 6.278 6.29 6.304 6.319 6.334 6.356 6.377 6.4 6.424 6.453 6.484 6.512 6.548 6.584 6.627 6.667 6.714 6.76 6.807 6.862 6.915 6.972 7.033 7.101 7.171 7.241 3.806 3.743 3.641 3.55 3.462 3.378 3.302 3.226 3.16 3.094 3.029 2.972 2.921 2.866 2.816 2.767 2.721 2.68 2.64 2.603 2.563 2.532 2.495 2.463 2.435 2.406 2.378 2.355 2.328 2.303 2.285 2.262 2.242 2.22 2.206 2.185 2.169 2.157 2.143 2.128 2.111 2.103 2.092 2.081 2.071 2.058 2.053 2.043 2.035 2.03 2.026 2.017 2.013 2.009 2.008 2.002 2.001 2.001 2.002 1.999
5.803 0 0 0.96 0.961 0.959 0.963 0.964 0.964 0.968 0.969 0.969 0.973 0.979 0.983 0.987 0.986 0.993 0.999 1.004 1.006 1.016 1.019 1.028 1.032 1.042 1.052 1.058 1.064 1.075 1.083 1.096 1.108 1.117 1.13 1.141 1.155 1.169 1.181 1.2 1.214 1.231 1.247 1.266 1.287 1.305 1.328 1.352 1.374 1.399 1.428 1.453 1.485 1.517 1.551 1.585 1.621 1.662 1.704 1.746 1.797 1.848 1.902 1.961 2.021 2.089 2.158 2.239 2.327 2.42 2.52 2.633 2.755 2.893 3.037 3.208 6.463 6.43 6.402 6.374 6.35 6.327 6.304 6.287 6.267 6.251 6.239 6.229 6.219 6.212 6.204 6.2 6.2 6.202 6.201 6.207 6.21 6.22 6.227 6.24 6.254 6.27 6.287 6.305 6.325 6.348 6.374 6.4 6.429 6.463 6.496 6.532 6.574 6.616 6.659 6.705 6.753 6.804 6.861 6.92 6.978 7.042 7.113 7.183 7.259 3.744 3.64 3.55 3.462 3.38 3.302 3.228 3.157 3.091 3.029 2.972 2.917 2.864 2.819 2.771 2.724 2.679 2.64 2.601 2.564 2.53 2.497 2.465 2.434 2.409 2.38 2.352 2.327 2.304 2.281 2.263 2.243 2.224 2.205 2.187 2.17 2.154 2.139 2.126 2.116 2.099 2.092 2.079 2.068 2.059 2.054 2.046 2.038 2.031 2.026 2.016 2.015 2.012 2.008 2.005 2 2.003 2 1.997
5.854 0 0 0.957 0.96 0.959 0.96 0.964 0.967 0.966 0.971 0.973 0.972 0.975 0.983 0.987 0.989 0.993 1 1.001 1.01 1.017 1.02 1.025 1.032 1.04 1.051 1.06 1.066 1.078 1.086 1.096 1.106 1.12 1.129 1.143 1.154 1.169 1.183 1.198 1.215 1.229 1.247 1.265 1.285 1.305 1.327 1.352 1.377 1.4 1.426 1.454 1.486 1.515 1.546 1.581 1.622 1.662 1.704 1.749 1.794 1.846 1.901 1.96 2.022 2.086 2.164 2.24 2.324 2.421 2.517 2.633 2.756 2.891 3.038 3.209 6.41 6.377 6.352 6.322 6.296 6.275 6.251 6.236 6.217 6.2 6.19 6.176 6.169 6.16 6.156 6.152 6.151 6.15 6.152 6.157 6.162 6.169 6.18 6.19 6.202 6.218 6.233 6.256 6.274 6.296 6.322 6.351 6.38 6.41 6.442 6.48 6.518 6.561 6.604 6.653 6.7 6.752 6.806 6.865 6.925 6.989 7.054 7.128 7.201 3.727 3.643 3.551 3.461 3.378 3.299 3.227 3.161 3.093 3.034 2.975 2.918 2.864 2.816 2.768 2.722 2.683 2.639 2.602 2.564 2.529 2.497 2.467 2.434 2.409 2.38 2.354 2.326 2.307 2.284 2.261 2.24 2.221 2.206 2.188 2.17 2.152 2.14 2.126 2.115 2.1 2.09 2.081 2.069 2.058 2.053 2.041 2.037 2.03 2.026 2.019 2.017 2.012 2.007 2.003 2.003 2.002 1.997 2
5.904 0 0 0.962 0.961 0.959 0.962 0.962 0.967 0.965 0.969 0.969 0.974 0.976 0.981 0.985 0.991 0.991 0.996 1.005 1.01 1.014 1.021 1.027 1.035 1.043 1.05 1.058 1.068 1.075 1.087 1.096 1.108 1.119 1.13 1.142 1.157 1.168 1.183 1.196 1.214 1.23 1.251 1.27 1.286 1.306 1.331 1.351 1.378 1.401 1.428 1.456 1.487 1.515 1.552 1.584 1.621 1.66 1.704 1.748 1.796 1.845 1.899 1.961 2.022 2.091 2.16 2.243 2.325 2.423 2.522 2.633 2.757 2.887 3.043 3.211 6.357 6.326 6.297 6.271 6.245 6.224 6.202 6.183 6.168 6.151 6.137 6.126 6.118 6.11 6.108 6.104 6.101 6.098 6.104 6.106 6.112 6.118 6.128 6.139 6.149 6.169 6.182 6.201 6.225 6.246 6.272 6.299 6.329 6.359 6.393 6.426 6.468 6.51 6.548 6.597 6.646 6.696 6.751 6.807 6.866 6.932 6.993 7.065 7.139 3.668 3.641 3.548 3.457 3.379 3.297 3.23 3.159 3.094 3.029 2.971 2.917 2.863 2.818 2.771 2.722 2.68 2.641 2.6 2.563 2.532 2.496 2.463 2.433 2.408 2.382 2.352 2.33 2.305 2.283 2.261 2.238 2.221 2.202 2.186 2.169 2.154 2.141 2.125 2.112 2.102 2.091 2.077 2.071 2.062 2.05 2.042 2.038 2.032 2.025 2.017 2.014 2.012 2.007 2.004 2.002 1.999 2.001 1.999
5.954 0 0 0.959 0.96 0.96 0.96 0.964 0.962 0.969 0.97 0.971 0.972 0.976 0.979 0.985 0.991 0.991 0.996 1.001 1.007 1.016 1.02 1.027 1.036 1.04 1.052 1.057 1.067 1.078 1.087 1.097 1.108 1.117 1.13 1.141 1.155 1.167 1.182 1.197 1.216 1.233 1.251 1.268 1.287 1.306 1.33 1.349 1.376 1.402 1.427 1.455 1.484 1.516 1.549 1.586 1.622 1.662 1.703 1.744 1.795 1.844 1.898 1.961 2.023 2.087 2.16 2.238 2.327 2.422 2.526 2.635 2.755 2.89 3.043 3.209 6.305 6.278 6.245 6.219 6.197 6.173 6.153 6.135 6.119 6.1 6.089 6.079 6.068 6.063 6.054 6.052 6.048 6.049 6.053 6.053 6.06 6.068 6.075 6.088 6.098 6.117 6.131 6.153 6.172 6.195 6.217 6.246 6.275 6.306 6.34 6.377 6.414 6.454 6.495 6.541 6.591 6.639 6.696 6.753 6.813 6.872 6.938 7.009 7.085 7.16 3.642 3.549 3.46 3.376 3.304 3.229 3.155 3.092 3.031 2.97 2.917 2.864 2.814 2.769 2.721 2.681 2.64 2.603 2.562 2.53 2.499 2.465 2.437 2.406 2.378 2.352 2.33 2.305 2.28 2.263 2.242 2.222 2.204 2.187 2.17 2.156 2.143 2.124 2.114 2.102 2.089 2.08 2.07 2.061 2.052 2.044 2.036 2.032 2.026 2.017 2.016 2.01 2.005 2.006 2.001 2.001 2.002 2
6.005 0 0 0.959 0.961 0.962 0.96 0.966 0.967 0.967 0.967 0.972 0.973 0.977 0.983 0.984 0.989 0.994 0.999 1.003 1.008 1.015 1.019 1.025 1.035 1.041 1.051 1.056 1.068 1.074 1.083 1.093 1.107 1.12 1.128 1.141 1.154 1.168 1.184 1.199 1.215 1.23 1.247 1.267 1.288 1.305 1.328 1.35 1.377 1.4 1.427 1.455 1.485 1.517 1.551 1.586 1.619 1.662 1.704 1.747 1.798 1.847 1.901 1.959 2.021 2.09 2.159 2.24 2.324 2.421 2.522 2.633 2.755 2.887 3.042 6.286 6.255 6.225 6.196 6.17 6.143 6.121 6.101 6.083 6.066 6.051 6.038 6.028 6.02 6.011 6.007 6.002 6.001 5.999 6.001 6.005 6.01 6.016 6.029 6.036 6.05 6.066 6.082 6.102 6.122 6.144 6.166 6.193 6.224 6.253 6.286 6.323 6.362 6.401 6.442 6.49 6.537 6.584 6.639 6.694 6.757 6.82 6.884 6.951 7.023 7.097 3.59 3.549 3.459 3.379 3.297 3.224 3.156 3.094 3.029 2.974 2.916 2.865 2.814 2.77 2.724 2.682 2.642 2.603 2.566 2.529 2.499 2.466 2.437 2.405 2.38 2.354 2.331 2.303 2.283 2.263 2.24 2.224 2.203 2.187 2.171 2.153 2.138 2.126 2.114 2.103 2.089 2.078 2.069 2.062 2.051 2.043 2.036 2.031 2.023 2.019 2.012 2.013 2.008 2.005 2.003 1.999 1.998 1.999
6.055 0 0 0.958 0.959 0.961 0.959 0.966 0.967 0.965 0.968 0.97 0.975 0.977 0.983 0.985 0.989 0.993 0.999 1.003 1.009 1.015 1.021 1.027 1.034 1.041 1.047 1.059 1.067 1.074 1.084 1.094 1.108 1.119 1.13 1.144 1.154 1.171 1.185 1.2 1.213 1.23 1.251 1.269 1.286 1.309 1.327 1.35 1.375 1.4 1.426 1.453 1.485 1.516 1.549 1.583 1.618 1.66 1.705 1.749 1.793 1.847 1.903 1.957 2.022 2.088 2.164 2.241 2.325 2.418 2.524 2.634 2.757 2.891 3.038 6.235 6.204 6.17 6.141 6.117 6.092 6.068 6.052 6.03 6.017 6 5.987 5.979 5.966 5.96 5.953 5.952 5.949 5.949 5.949 5.955 5.963 5.966 5.978 5.987 5.999 6.014 6.029 6.052 6.071 6.091 6.116 6.143 6.173 6.202 6.236 6.271 6.308 6.349 6.389 6.434 6.48 6.53 6.584 6.639 6.696 6.76 6.828 6.892 6.967 7.042 7.12 3.546 3.459 3.379 3.301 3.23 3.16 3.093 3.032 2.975 2.919 2.864 2.815 2.768 2.721 2.684 2.638 2.604 2.566 2.529 2.495 2.466 2.434 2.405 2.377 2.356 2.328 2.307 2.285 2.263 2.24 2.22 2.206 2.187 2.17 2.156 2.142 2.128 2.112 2.099 2.092 2.08 2.07 2.061 2.052 2.042 2.037 2.03 2.024 2.02 2.013 2.011 2.009 2.003 2.004 2.002 2.002 1.997
6.156 0 0 0.961 0.959 0.96 0.962 0.964 0.963 0.966 0.971 0.97 0.975 0.976 0.982 0.985 0.99 0.992 0.999 1.005 1.008 1.012 1.021 1.026 1.036 1.04 1.047 1.055 1.068 1.074 1.085 1.096 1.107 1.118 1.128 1.141 1.157 1.168 1.184 1.199 1.215 1.232 1.25 1.268 1.286 1.306 1.33 1.352 1.375 1.402 1.426 1.454 1.485 1.515 1.547 1.585 1.623 1.661 1.703 1.749 1.793 1.846 1.9 1.958 2.022 2.089 2.161 2.243 2.327 2.419 2.52 2.635 2.756 2.893 3.044 6.132 6.095 6.069 6.04 6.014 5.991 5.968 5.95 5.931 5.913 5.897 5.886 5.876 5.869 5.861 5.854 5.854 5.85 5.852 5.849 5.853 5.858 5.865 5.875 5.888 5.902 5.912 5.929 5.95 5.966 5.988 6.012 6.04 6.07 6.1 6.13 6.166 6.203 6.241 6.281 6.327 6.374 6.419 6.474 6.529 6.588 6.644 6.709 6.777 6.845 6.921 7 7.082 3.46 3.38 3.298 3.224 3.156 3.095 3.03 2.97 2.915 2.863 2.814 2.769 2.724 2.68 2.638 2.602 2.567 2.53 2.496 2.465 2.437 2.406 2.379 2.356 2.326 2.305 2.282 2.261 2.243 2.222 2.205 2.187 2.17 2.155 2.138 2.125 2.115 2.099 2.088 2.079 2.072 2.058 2.054 2.046 2.038 2.031 2.024 2.019 2.013 2.009 2.006 2.005 2.001 1.999 2.001 1.999
6.257 0 0 0.962 0.958 0.959 0.962 0.965 0.964 0.965 0.967 0.97 0.974 0.975 0.981 0.986 0.988 0.995 0.996 1.005 1.008 1.014 1.022 1.026 1.033 1.041 1.049 1.058 1.064 1.076 1.086 1.098 1.107 1.115 1.129 1.141 1.153 1.171 1.181 1.196 1.216 1.229 1.249 1.268 1.285 1.309 1.328 1.351 1.375 1.401 1.425 1.455 1.483 1.514 1.551 1.585 1.62 1.662 1.701 1.747 1.794 1.843 1.901 1.96 2.024 2.089 2.161 2.241 2.324 2.421 2.521 2.629 2.752 2.892 6.06 6.027 5.992 5.962 5.936 5.909 5.886 5.866 5.846 5.828 5.812 5.797 5.785 5.778 5.765 5.761 5.755 5.751 5.748 5.748 5.754 5.753 5.76 5.766 5.776 5.788 5.8 5.812 5.827 5.848 5.867 5.889 5.913 5.939 5.962 5.995 6.026 6.058 6.098 6.134 6.174 6.219 6.264 6.314 6.361 6.415 6.474 6.533 6.595 6.663 6.73 6.805 6.881 6.96 3.393 3.378 3.299 3.226 3.159 3.092 3.033 2.973 2.917 2.865 2.818 2.771 2.723 2.679 2.641 2.604 2.564 2.531 2.498 2.464 2.437 2.406 2.378 2.355 2.329 2.305 2.283 2.259 2.243 2.222 2.205 2.184 2.169 2.156 2.142 2.125 2.111 2.103 2.09 2.079 2.068 2.06 2.052 2.046 2.038 2.031 2.026 2.018 2.013 2.012 2.008 2.005 2.003 2.003 2.001 2
6.307 0 0 0.961 0.959 0.96 0.962 0.964 0.963 0.965 0.97 0.973 0.972 0.979 0.981 0.984 0.988 0.993 0.996 1.004 1.01 1.012 1.023 1.026 1.034 1.042 1.048 1.055 1.066 1.077 1.087 1.095 1.107 1.118 1.13 1.142 1.155 1.17 1.181 1.196 1.216 1.232 1.25 1.269 1.288 1.31 1.331 1.35 1.376 1.398 1.43 1.457 1.484 1.515 1.548 1.586 1.623 1.66 1.703 1.749 1.793 1.847 1.9 1.961 2.022 2.086 2.163 2.241 2.324 2.418 2.522 2.633 2.754 2.895 6.005 5.974 5.94 5.915 5.886 5.86 5.836 5.813 5.793 5.778 5.764 5.746 5.734 5.724 5.717 5.709 5.703 5.701 5.698 5.698 5.702 5.704 5.711 5.715 5.724 5.734 5.749 5.763 5.778 5.794 5.815 5.837 5.86 5.882 5.912 5.943 5.972 6.007 6.043 6.082 6.12 6.163 6.21 6.258 6.309 6.362 6.419 6.477 6.535 6.606 6.671 6.743 6.819 6.903 6.981 3.351 3.301 3.226 3.157 3.091 3.034 2.97 2.915 2.867 2.816 2.767 2.724 2.682 2.639 2.603 2.567 2.528 2.496 2.464 2.433 2.405 2.38 2.352 2.328 2.304 2.281 2.264 2.243 2.22 2.203 2.187 2.169 2.153 2.14 2.127 2.111 2.101 2.09 2.077 2.071 2.058 2.051 2.044 2.034 2.032 2.026 2.019 2.013 2.011 2.007 2.006 2.003 2.002 1.998 1.998
6.357 0 0 0.958 0.961 0.959 0.963 0.961 0.963 0.968 0.968 0.972 0.976 0.978 0.981 0.985 0.987 0.994 0.999 1.001 1.01 1.015 1.02 1.027 1.036 1.04 1.05 1.055 1.067 1.076 1.086 1.098 1.104 1.12 1.132 1.14 1.152 1.17 1.185 1.196 1.215 1.232 1.249 1.265 1.285 1.305 1.329 1.35 1.378 1.402 1.427 1.456 1.482 1.514 1.55 1.582 1.621 1.661 1.701 1.748 1.794 1.845 1.902 1.958 2.024 2.09 2.161 2.243 2.33 2.419 2.521 2.63 2.756 5.987 5.953 5.92 5.888 5.859 5.835 5.809 5.784 5.766 5.744 5.728 5.712 5.698 5.684 5.676 5.664 5.662 5.654 5.651 5.65 5.651 5.651 5.654 5.662 5.667 5.677 5.687 5.698 5.711 5.729 5.743 5.763 5.785 5.807 5.832 5.863 5.889 5.92 5.955 5.989 6.027 6.065 6.109 6.157 6.204 6.254 6.306 6.362 6.418 6.482 6.546 6.615 6.685 6.761 6.839 6.923 3.312 3.302 3.228 3.159 3.094 3.031 2.974 2.917 2.866 2.819 2.766 2.723 2.681 2.641 2.603 2.565 2.528 2.499 2.463 2.436 2.405 2.377 2.355 2.329 2.304 2.283 2.264 2.243 2.222 2.203 2.188 2.171 2.154 2.139 2.127 2.116 2.103 2.091 2.082 2.067 2.061 2.053 2.042 2.035 2.032 2.023 2.019 2.016 2.01 2.005 2.007 2 2.003 1.998 1.998
6.559 0 0 0.962 0.961 0.961 0.961 0.965 0.963 0.967 0.971 0.971 0.975 0.979 0.983 0.985 0.988 0.993 0.997 1.004 1.006 1.016 1.023 1.025 1.036 1.041 1.05 1.056 1.064 1.074 1.083 1.097 1.109 1.119 1.128 1.143 1.154 1.169 1.181 1.2 1.214 1.232 1.247 1.268 1.286 1.309 1.328 1.354 1.377 1.402 1.428 1.456 1.486 1.514 1.549 1.583 1.624 1.659 1.701 1.748 1.794 1.845 1.902 1.958 2.021 2.088 2.16 2.24 2.329 2.423 2.524 2.633 5.815 5.776 5.744 5.709 5.681 5.653 5.628 5.604 5.583 5.561 5.54 5.526 5.51 5.494 5.483 5.477 5.467 5.461 5.456 5.452 5.452 5.452 5.452 5.456 5.459 5.466 5.474 5.486 5.496 5.511 5.522 5.539 5.558 5.583 5.603 5.629 5.651 5.682 5.712 5.741 5.776 5.815 5.853 5.892 5.935 5.981 6.033 6.081 6.138 6.191 6.253 6.316 6.378 6.45 6.522 6.596 6.68 6.761 6.849 6.945 3.16 3.096 3.032 2.975 2.918 2.865 2.817 2.768 2.725 2.68 2.638 2.6 2.568 2.531 2.499 2.466 2.433 2.405 2.379 2.352 2.327 2.307 2.282 2.259 2.241 2.22 2.202 2.186 2.168 2.155 2.143 2.126 2.113 2.102 2.089 2.079 2.071 2.059 2.049 2.042 2.035 2.031 2.023 2.018 2.016 2.011 2.007 2.003 2.001 2.002 1.998 2.001
6.609 0 0 0.962 0.96 0.962 0.961 0.962 0.966 0.965 0.967 0.972 0.975 0.978 0.983 0.983 0.987 0.994 0.996 1.002 1.009 1.012 1.02 1.029 1.032 1.042 1.048 1.058 1.066 1.075 1.087 1.095 1.107 1.115 1.127 1.14 1.154 1.168 1.181 1.2 1.216 1.23 1.25 1.268 1.289 1.307 1.33 1.352 1.373 1.401 1.426 1.453 1.485 1.513 1.551 1.581 1.622 1.66 1.704 1.746 1.795 1.844 1.9 1.957 2.02 2.089 2.163 2.239 2.327 2.423 2.518 2.631 5.76 5.724 5.69 5.659 5.63 5.603 5.574 5.552 5.53 5.509 5.492 5.475 5.458 5.448 5.433 5.426 5.414 5.409 5.406 5.401 5.4 5.398 5.399 5.404 5.409 5.415 5.423 5.434 5.447 5.459 5.474 5.492 5.509 5.531 5.549 5.575 5.599 5.63 5.656 5.69 5.725 5.762 5.801 5.838 5.883 5.925 5.974 6.024 6.08 6.135 6.192 6.257 6.323 6.391 6.463 6.538 6.618 6.699 6.787 6.881 3.1 3.094 3.032 2.974 2.917 2.867 2.814 2.77 2.721 2.681 2.638 2.601 2.563 2.53 2.499 2.465 2.436 2.408 2.379 2.352 2.33 2.307 2.283 2.261 2.239 2.222 2.206 2.186 2.172 2.156 2.139 2.126 2.113 2.1 2.088 2.08 2.069 2.062 2.051 2.045 2.036 2.032 2.026 2.017 2.015 2.01 2.007 2.006 2.003 2 2 2.001
6.66 0 0 0.961 0.96 0.96 0.964 0.961 0.962 0.968 0.967 0.973 0.973 0.978 0.982 0.984 0.989 0.992 0.997 1.004 1.007 1.013 1.019 1.027 1.034 1.041 1.047 1.058 1.064 1.074 1.087 1.096 1.107 1.117 1.129 1.14 1.157 1.167 1.186 1.197 1.213 1.23 1.251 1.269 1.286 1.307 1.33 1.349 1.373 1.397 1.428 1.455 1.485 1.514 1.546 1.584 1.621 1.659 1.701 1.749 1.794 1.846 1.899 1.96 2.019 2.089 2.162 2.24 2.329 2.42 2.519 5.747 5.708 5.669 5.64 5.607 5.576 5.549 5.523 5.502 5.476 5.459 5.442 5.424 5.407 5.393 5.385 5.374 5.365 5.358 5.353 5.352 5.351 5.352 5.353 5.357 5.361 5.366 5.375 5.385 5.396 5.41 5.421 5.44 5.458 5.476 5.498 5.523 5.549 5.576 5.606 5.637 5.67 5.705 5.746 5.782 5.829 5.871 5.919 5.968 6.02 6.077 6.136 6.2 6.262 6.33 6.405 6.478 6.558 6.639 6.722 6.818 6.915 3.079 3.033 2.973 2.918 2.868 2.815 2.769 2.723 2.682 2.64 2.602 2.567 2.529 2.495 2.467 2.433 2.404 2.382 2.354 2.327 2.305 2.281 2.26 2.243 2.221 2.206 2.188 2.172 2.155 2.14 2.126 2.111 2.103 2.09 2.078 2.072 2.059 2.05 2.043 2.036 2.031 2.025 2.021 2.013 2.01 2.009 2.005 2.004 1.999 1.999 2
6.71 0 0 0.959 0.958 0.962 0.962 0.964 0.966 0.967 0.968 0.973 0.975 0.979 0.983 0.985 0.99 0.992 1 1.002 1.006 1.014 1.02 1.028 1.035 1.043 1.047 1.057 1.067 1.077 1.087 1.097 1.107 1.118 1.131 1.141 1.154 1.168 1.185 1.198 1.215 1.232 1.251 1.267 1.286 1.305 1.327 1.351 1.375 1.401 1.427 1.455 1.487 1.517 1.548 1.584 1.621 1.66 1.704 1.748 1.795 1.845 1.902 1.957 2.018 2.09 2.164 2.241 2.324 2.421 2.524 5.692 5.656 5.618 5.583 5.552 5.526 5.497 5.473 5.451 5.426 5.404 5.391 5.374 5.355 5.345 5.332 5.325 5.316 5.307 5.302 5.302 5.302 5.3 5.303 5.305 5.31 5.316 5.325 5.332 5.345 5.358 5.374 5.39 5.407 5.425 5.449 5.469 5.497 5.524 5.555 5.585 5.618 5.656 5.691 5.729 5.774 5.82 5.865 5.913 5.967 6.021 6.081 6.139 6.204 6.27 6.341 6.417 6.497 6.577 6.659 6.751 6.848 3.033 3.032 2.974 2.919 2.865 2.816 2.768 2.72 2.681 2.639 2.602 2.567 2.531 2.496 2.465 2.433 2.405 2.382 2.353 2.326 2.306 2.282 2.262 2.243 2.22 2.206 2.188 2.171 2.155 2.14 2.124 2.112 2.1 2.091 2.08 2.071 2.061 2.052 2.043 2.038 2.028 2.023 2.017 2.013 2.013 2.01 2.003 2.003 2.002 1.999 2.002
6.76 0 0 0.96 0.958 0.961 0.96 0.962 0.965 0.966 0.971 0.973 0.975 0.979 0.979 0.986 0.988 0.993 0.999 1.003 1.008 1.013 1.022 1.026 1.035 1.039 1.048 1.058 1.068 1.077 1.087 1.096 1.108 1.117 1.129 1.14 1.154 1.167 1.185 1.2 1.213 1.232 1.247 1.265 1.289 1.307 1.328 1.349 1.377 1.398 1.426 1.457 1.487 1.515 1.548 1.586 1.623 1.659 1.705 1.745 1.794 1.844 1.899 1.96 2.022 2.088 2.162 2.243 2.324 2.421 5.678 5.64 5.601 5.564 5.531 5.502 5.472 5.447 5.421 5.395 5.374 5.353 5.338 5.323 5.308 5.294 5.283 5.272 5.265 5.26 5.253 5.253 5.248 5.249 5.254 5.255 5.259 5.264 5.274 5.281 5.296 5.306 5.319 5.339 5.354 5.376 5.398 5.421 5.447 5.472 5.501 5.534 5.563 5.602 5.638 5.675 5.717 5.763 5.808 5.857 5.908 5.966 6.022 6.081 6.146 6.209 6.281 6.356 6.431 6.515 6.6 6.686 6.785 6.881 2.996 2.975 2.916 2.864 2.816 2.77 2.721 2.683 2.641 2.6 2.565 2.528 2.498 2.464 2.436 2.407 2.377 2.352 2.326 2.306 2.284 2.263 2.241 2.222 2.204 2.186 2.169 2.156 2.14 2.128 2.113 2.1 2.089 2.081 2.07 2.061 2.049 2.045 2.038 2.031 2.026 2.021 2.016 2.011 2.006 2.006 2.004 2 1.997 2
7.012 0 0 0.961 0.959 0.96 0.964 0.964 0.966 0.968 0.97 0.969 0.976 0.979 0.98 0.986 0.988 0.992 0.999 1.005 1.006 1.013 1.019 1.027 1.034 1.042 1.049 1.058 1.065 1.074 1.087 1.098 1.107 1.118 1.131 1.144 1.152 1.168 1.185 1.198 1.216 1.232 1.247 1.267 1.288 1.309 1.33 1.351 1.376 1.401 1.427 1.452 1.483 1.518 1.549 1.582 1.618 1.66 1.701 1.746 1.792 1.846 1.901 1.959 2.02 2.088 2.163 2.244 5.49 5.446 5.405 5.369 5.335 5.3 5.27 5.239 5.214 5.185 5.16 5.142 5.121 5.103 5.081 5.069 5.055 5.044 5.033 5.023 5.013 5.01 5.006 5.003 4.998 4.999 5.003 5.005 5.008 5.012 5.021 5.032 5.041 5.054 5.07 5.084 5.098 5.12 5.139 5.161 5.189 5.213 5.241 5.266 5.301 5.332 5.368 5.406 5.445 5.49 5.535 5.577 5.627 5.682 5.735 5.795 5.852 5.918 5.98 6.054 6.125 6.202 6.283 6.37 6.46 6.554 6.648 6.755 6.867 2.809 2.818 2.768 2.723 2.682 2.639 2.604 2.563 2.529 2.496 2.464 2.434 2.408 2.382 2.354 2.329 2.305 2.283 2.262 2.241 2.22 2.206 2.187 2.168 2.153 2.139 2.125 2.111 2.099 2.092 2.079 2.071 2.058 2.049 2.042 2.037 2.032 2.024 2.019 2.013 2.009 2.005 2.005 2 2.002 2.001 2
7.063 0 0 0.961 0.961 0.962 0.962 0.961 0.964 0.969 0.971 0.972 0.977 0.98 0.979 0.982 0.987 0.993 0.998 1.005 1.008 1.012 1.022 1.027 1.033 1.043 1.047 1.056 1.069 1.074 1.087 1.097 1.104 1.117 1.128 1.142 1.157 1.17 1.184 1.196 1.216 1.231 1.249 1.267 1.288 1.309 1.328 1.353 1.375 1.4 1.427 1.454 1.485 1.518 1.55 1.583 1.622 1.659 1.703 1.745 1.795 1.845 1.901 1.96 2.024 2.089 2.165 5.475 5.432 5.394 5.354 5.314 5.28 5.246 5.218 5.188 5.159 5.134 5.113 5.09 5.066 5.05 5.031 5.018 5.003 4.991 4.983 4.97 4.966 4.96 4.952 4.953 4.95 4.949 4.952 4.955 4.957 4.967 4.972 4.98 4.993 5.003 5.019 5.034 5.052 5.069 5.089 5.111 5.132 5.162 5.188 5.216 5.246 5.278 5.313 5.353 5.391 5.434 5.476 5.525 5.57 5.622 5.677 5.731 5.791 5.856 5.925 5.993 6.063 6.144 6.22 6.302 6.397 6.49 6.585 6.69 6.797 6.913 2.772 2.768 2.721 2.683 2.639 2.603 2.565 2.53 2.498 2.464 2.434 2.406 2.381 2.355 2.328 2.306 2.28 2.261 2.243 2.223 2.205 2.184 2.173 2.154 2.14 2.126 2.116 2.103 2.088 2.08 2.069 2.058 2.052 2.042 2.034 2.031 2.023 2.021 2.014 2.01 2.007 2.005 2.003 2.002 2.002 2.001
7.314 0 0 0.96 0.958 0.959 0.961 0.961 0.962 0.968 0.967 0.971 0.974 0.979 0.98 0.985 0.987 0.994 0.997 1.003 1.01 1.013 1.021 1.029 1.034 1.042 1.05 1.057 1.067 1.075 1.084 1.094 1.107 1.116 1.13 1.141 1.156 1.17 1.186 1.197 1.216 1.232 1.251 1.265 1.289 1.305 1.331 1.35 1.377 1.4 1.425 1.455 1.486 1.516 1.55 1.585 1.62 1.659 1.701 1.75 1.797 1.847 1.9 1.959 5.343 5.292 5.246 5.201 5.16 5.121 5.083 5.046 5.014 4.983 4.952 4.925 4.901 4.876 4.851 4.832 4.811 4.795 4.776 4.764 4.753 4.741 4.73 4.723 4.714 4.708 4.706 4.7 4.699 4.699 4.701 4.702 4.71 4.716 4.72 4.731 4.738 4.749 4.766 4.781 4.793 4.812 4.832 4.854 4.875 4.897 4.925 4.955 4.981 5.015 5.048 5.082 5.121 5.157 5.203 5.245 5.293 5.342 5.391 5.448 5.501 5.563 5.623 5.69 5.76 5.832 5.908 5.988 6.069 6.16 6.254 6.351 6.455 6.562 6.676 6.796 6.917 7.054 2.601 2.605 2.567 2.533 2.497 2.465 2.433 2.404 2.38 2.353 2.329 2.303 2.282 2.259 2.244 2.222 2.204 2.184 2.172 2.155 2.141 2.127 2.113 2.102 2.09 2.081 2.072 2.062 2.051 2.045 2.037 2.032 2.026 2.019 2.013 2.008 2.008 2.003 2.001 2.002 1.999 2
7.466 0 0 0.959 0.958 0.958 0.961 0.963 0.963 0.966 0.971 0.972 0.976 0.977 0.981 0.983 0.986 0.993 1 1.002 1.008 1.015 1.019 1.026 1.032 1.043 1.05 1.058 1.065 1.076 1.085 1.097 1.107 1.118 1.129 1.14 1.154 1.167 1.182 1.2 1.216 1.23 1.249 1.267 1.287 1.307 1.331 1.351 1.374 1.402 1.427 1.455 1.486 1.518 1.549 1.586 1.62 1.659 1.701 1.748 1.794 1.849 5.272 5.221 5.17 5.12 5.076 5.037 4.992 4.954 4.919 4.884 4.854 4.821 4.793 4.767 4.744 4.719 4.699 4.679 4.66 4.643 4.627 4.613 4.601 4.587 4.579 4.572 4.563 4.559 4.554 4.552 4.549 4.548 4.55 4.552 4.558 4.564 4.572 4.58 4.588 4.601 4.61 4.628 4.641 4.659 4.677 4.698 4.721 4.744 4.766 4.797 4.822 4.852 4.884 4.919 4.956 4.993 5.036 5.076 5.123 5.171 5.22 5.272 5.327 5.385 5.445 5.506 5.577 5.645 5.719 5.797 5.875 5.963 6.055 6.148 6.247 6.352 6.463 6.577 6.701 6.83 6.968 7.111 7.267 2.532 2.499 2.466 2.435 2.406 2.379 2.352 2.327 2.308 2.284 2.26 2.242 2.22 2.202 2.186 2.169 2.154 2.138 2.125 2.112 2.101 2.09 2.079 2.071 2.06 2.049 2.042 2.035 2.03 2.022 2.018 2.013 2.01 2.007 2.002 2.004 2.002 2.001 2.001
7.516 0 0 0.959 0.958 0.962 0.96 0.961 0.964 0.965 0.967 0.97 0.973 0.979 0.979 0.987 0.99 0.995 0.998 1.004 1.007 1.012 1.02 1.026 1.032 1.042 1.048 1.06 1.068 1.077 1.086 1.094 1.107 1.118 1.129 1.143 1.155 1.168 1.183 1.199 1.215 1.231 1.248 1.269 1.288 1.308 1.331 1.353 1.376 1.402 1.426 1.455 1.482 1.516 1.551 1.582 1.623 1.662 1.7 1.745 1.793 5.268 5.214 5.161 5.114 5.066 5.02 4.98 4.941 4.902 4.864 4.83 4.802 4.771 4.743 4.713 4.688 4.668 4.644 4.627 4.607 4.59 4.576 4.564 4.547 4.539 4.528 4.521 4.512 4.508 4.504 4.502 4.5 4.502 4.5 4.504 4.51 4.514 4.519 4.527 4.54 4.548 4.559 4.576 4.591 4.609 4.627 4.647 4.667 4.692 4.717 4.744 4.771 4.802 4.834 4.867 4.901 4.939 4.977 5.023 5.064 5.112 5.161 5.212 5.266 5.325 5.386 5.447 5.511 5.583 5.656 5.73 5.813 5.898 5.985 6.078 6.178 6.28 6.393 6.509 6.63 6.755 6.891 7.034 7.186 2.482 2.497 2.465 2.434 2.406 2.379 2.354 2.327 2.307 2.284 2.263 2.241 2.22 2.205 2.184 2.171 2.157 2.138 2.129 2.112 2.1 2.089 2.077 2.068 2.06 2.051 2.046 2.034 2.03 2.024 2.018 2.013 2.01 2.009 2.004 2.003 2.001 1.999 1.999
7.566 0 0 0.962 0.96 0.96 0.959 0.961 0.965 0.966 0.968 0.973 0.974 0.977 0.982 0.985 0.989 0.992 1 1.004 1.007 1.013 1.022 1.028 1.034 1.042 1.048 1.056 1.064 1.074 1.088 1.094 1.106 1.117 1.128 1.14 1.157 1.167 1.185 1.199 1.214 1.231 1.25 1.268 1.285 1.31 1.329 1.349 1.375 1.4 1.429 1.453 1.483 1.519 1.549 1.583 1.619 1.662 1.701 1.75 5.265 5.208 5.157 5.104 5.057 5.01 4.968 4.923 4.885 4.849 4.814 4.777 4.744 4.719 4.687 4.662 4.639 4.614 4.596 4.572 4.557 4.537 4.523 4.51 4.497 4.487 4.48 4.47 4.461 4.457 4.455 4.452 4.451 4.448 4.45 4.452 4.457 4.462 4.468 4.479 4.49 4.496 4.509 4.522 4.54 4.556 4.576 4.594 4.614 4.638 4.665 4.69 4.718 4.747 4.778 4.813 4.845 4.885 4.925 4.965 5.012 5.053 5.102 5.156 5.209 5.265 5.326 5.389 5.45 5.523 5.592 5.67 5.749 5.83 5.921 6.011 6.113 6.214 6.321 6.431 6.55 6.682 6.811 6.957 7.102 7.26 2.446 2.466 2.438 2.406 2.378 2.355 2.328 2.303 2.284 2.259 2.241 2.223 2.203 2.184 2.171 2.156 2.142 2.128 2.115 2.1 2.089 2.08 2.071 2.062 2.054 2.045 2.038 2.032 2.022 2.018 2.014 2.01 2.005 2.006 2.001 2.003 1.998 2
7.617 0 0 0.958 0.962 0.96 0.963 0.962 0.966 0.965 0.97 0.97 0.973 0.979 0.982 0.985 0.99 0.993 0.999 1.004 1.007 1.016 1.021 1.025 1.036 1.039 1.048 1.057 1.068 1.076 1.086 1.097 1.104 1.118 1.131 1.144 1.155 1.169 1.185 1.197 1.212 1.229 1.251 1.267 1.288 1.308 1.33 1.352 1.376 1.398 1.425 1.454 1.484 1.514 1.549 1.582 1.621 1.661 1.7 5.266 5.205 5.151 5.098 5.045 5 4.956 4.908 4.866 4.827 4.791 4.757 4.723 4.691 4.666 4.636 4.613 4.587 4.563 4.544 4.524 4.504 4.49 4.473 4.462 4.449 4.437 4.426 4.422 4.413 4.408 4.404 4.4 4.398 4.401 4.401 4.402 4.41 4.411 4.418 4.429 4.439 4.449 4.461 4.475 4.486 4.505 4.524 4.544 4.562 4.588 4.609 4.639 4.664 4.692 4.723 4.756 4.794 4.83 4.868 4.91 4.951 4.997 5.047 5.096 5.149 5.207 5.266 5.329 5.389 5.457 5.531 5.604 5.683 5.768 5.851 5.946 6.039 6.14 6.246 6.364 6.48 6.603 6.738 6.874 7.026 7.176 7.342 2.415 2.436 2.405 2.377 2.355 2.329 2.307 2.281 2.262 2.241 2.223 2.203 2.185 2.169 2.155 2.139 2.129 2.114 2.102 2.089 2.081 2.067 2.059 2.05 2.044 2.037 2.03 2.023 2.019 2.017 2.009 2.008 2.005 2.004 2 2 1.999
7.667 0 0 0.958 0.96 0.962 0.963 0.964 0.962 0.968 0.97 0.971 0.975 0.979 0.981 0.983 0.988 0.994 0.998 1.001 1.009 1.014 1.023 1.028 1.032 1.042 1.049 1.058 1.066 1.076 1.087 1.096 1.105 1.119 1.128 1.143 1.157 1.17 1.186 1.198 1.212 1.231 1.247 1.266 1.288 1.309 1.327 1.351 1.377 1.401 1.427 1.453 1.484 1.516 1.547 1.583 1.62 1.659 1.701 5.203 5.144 5.093 5.039 4.99 4.94 4.898 4.855 4.813 4.775 4.74 4.707 4.669 4.638 4.612 4.586 4.559 4.536 4.513 4.493 4.47 4.455 4.44 4.425 4.41 4.397 4.386 4.379 4.369 4.363 4.357 4.352 4.349 4.351 4.35 4.35 4.354 4.356 4.363 4.371 4.379 4.385 4.396 4.408 4.423 4.438 4.456 4.469 4.491 4.511 4.535 4.559 4.586 4.613 4.643 4.671 4.702 4.737 4.777 4.815 4.854 4.898 4.942 4.987 5.041 5.093 5.15 5.208 5.266 5.329 5.394 5.469 5.541 5.623 5.7 5.787 5.877 5.971 6.074 6.179 6.289 6.407 6.532 6.66 6.798 6.946 7.1 7.262 7.436 2.388 2.405 2.382 2.352 2.329 2.307 2.285 2.26 2.24 2.223 2.206 2.185 2.168 2.154 2.142 2.125 2.116 2.099 2.092 2.081 2.067 2.058 2.053 2.046 2.034 2.033 2.026 2.019 2.016 2.012 2.009 2.003 2.004 2 1.998 1.999
7.768 0 0 0.96 0.958 0.963 0.961 0.966 0.965 0.969 0.967 0.971 0.974 0.979 0.978 0.984 0.987 0.993 0.996 1.001 1.01 1.015 1.022 1.025 1.036 1.042 1.052 1.06 1.067 1.076 1.087 1.094 1.105 1.119 1.13 1.143 1.157 1.168 1.181 1.196 1.214 1.231 1.248 1.269 1.284 1.31 1.331 1.352 1.376 1.399 1.426 1.453 1.485 1.514 1.547 1.581 1.621 5.21 5.142 5.085 5.031 4.975 4.923 4.874 4.83 4.787 4.741 4.702 4.667 4.629 4.598 4.562 4.533 4.505 4.478 4.451 4.429 4.406 4.387 4.369 4.354 4.334 4.322 4.308 4.298 4.287 4.275 4.271 4.26 4.256 4.251 4.25 4.247 4.249 4.249 4.255 4.26 4.264 4.271 4.279 4.288 4.297 4.309 4.322 4.334 4.353 4.37 4.385 4.41 4.43 4.451 4.477 4.507 4.531 4.564 4.597 4.629 4.663 4.704 4.741 4.783 4.828 4.875 4.923 4.975 5.026 5.085 5.143 5.209 5.272 5.34 5.414 5.49 5.572 5.65 5.746 5.835 5.936 6.037 6.145 6.261 6.384 6.504 6.642 6.786 6.934 7.096 7.265 7.442 7.633 2.329 2.354 2.328 2.306 2.283 2.261 2.239 2.221 2.206 2.187 2.173 2.154 2.139 2.125 2.113 2.099 2.09 2.077 2.072 2.06 2.053 2.043 2.035 2.032 2.023 2.017 2.015 2.009 2.005 2.003 2.002 1.999 1.999 2.002
7.818 0 0 0.958 0.958 0.963 0.963 0.963 0.966 0.966 0.966 0.971 0.973 0.976 0.982 0.987 0.989 0.993 0.996 1.004 1.01 1.015 1.022 1.027 1.036 1.042 1.051 1.058 1.069 1.074 1.085 1.096 1.107 1.117 1.131 1.14 1.155 1.167 1.183 1.198 1.213 1.232 1.251 1.268 1.289 1.309 1.328 1.353 1.373 1.398 1.425 1.456 1.485 1.515 1.547 5.277 5.213 5.144 5.083 5.027 4.97 4.917 4.866 4.816 4.772 4.726 4.685 4.644 4.612 4.575 4.543 4.509 4.478 4.453 4.427 4.4 4.378 4.357 4.334 4.315 4.298 4.285 4.269 4.257 4.248 4.235 4.227 4.221 4.213 4.207 4.206 4.199 4.199 4.198 4.203 4.203 4.205 4.213 4.218 4.226 4.234 4.245 4.255 4.268 4.283 4.302 4.317 4.335 4.357 4.379 4.403 4.425 4.453 4.481 4.509 4.541 4.576 4.612 4.648 4.689 4.727 4.771 4.817 4.865 4.915 4.971 5.025 5.083 5.146 5.211 5.276 5.35 5.428 5.502 5.585 5.673 5.77 5.861 5.965 6.076 6.185 6.308 6.433 6.565 6.706 6.854 7.017 7.175 7.356 7.548 7.755 2.307 2.329 2.306 2.284 2.261 2.241 2.222 2.203 2.188 2.171 2.154 2.138 2.125 2.113 2.103 2.089 2.08 2.07 2.058 2.05 2.043 2.036 2.029 2.024 2.02 2.015 2.012 2.007 2.005 2.001 2.002 2.001 1.998
7.919 0 0 0.958 0.96 0.962 0.963 0.964 0.966 0.964 0.971 0.972 0.975 0.975 0.98 0.984 0.989 0.993 0.998 1.004 1.01 1.016 1.021 1.025 1.032 1.043 1.051 1.057 1.064 1.073 1.086 1.096 1.105 1.118 1.132 1.141 1.156 1.168 1.183 1.197 1.214 1.229 1.247 1.266 1.286 1.308 1.326 1.352 1.377 1.398 1.428 1.457 1.485 5.296 5.222 5.152 5.087 5.021 4.966 4.904 4.852 4.799 4.752 4.704 4.659 4.617 4.575 4.535 4.5 4.465 4.433 4.405 4.375 4.345 4.319 4.296 4.275 4.251 4.235 4.213 4.197 4.181 4.17 4.155 4.142 4.133 4.128 4.12 4.11 4.107 4.104 4.099 4.098 4.1 4.103 4.101 4.109 4.112 4.119 4.128 4.136 4.145 4.155 4.168 4.185 4.199 4.214 4.233 4.254 4.274 4.298 4.322 4.347 4.374 4.405 4.431 4.467 4.502 4.536 4.575 4.617 4.66 4.702 4.751 4.798 4.853 4.906 4.964 5.026 5.09 5.153 5.221 5.299 5.373 5.456 5.538 5.628 5.724 5.823 5.926 6.04 6.154 6.281 6.407 6.549 6.69 6.845 7.007 7.185 7.367 7.566 7.78 8 8.24 2.283 2.263 2.24 2.221 2.203 2.188 2.168 2.154 2.142 2.126 2.113 2.104 2.088 2.078 2.071 2.062 2.054 2.042 2.036 2.028 2.024 2.019 2.013 2.01 2.005 2.003 2.001 2.002 1.997 1.999
8.07 0 0 0.96 0.958 0.96 0.961 0.965 0.965 0.968 0.969 0.972 0.975 0.977 0.983 0.982 0.99 0.994 0.998 1.001 1.006 1.016 1.023 1.028 1.032 1.042 1.049 1.058 1.067 1.076 1.085 1.093 1.109 1.12 1.128 1.141 1.157 1.168 1.181 1.199 1.213 1.232 1.249 1.266 1.289 1.305 1.329 1.352 1.374 5.424 5.336 5.255 5.178 5.104 5.032 4.968 4.898 4.837 4.781 4.725 4.673 4.623 4.576 4.531 4.487 4.448 4.409 4.37 4.337 4.302 4.269 4.241 4.212 4.188 4.165 4.141 4.115 4.095 4.078 4.061 4.044 4.029 4.016 4.002 3.993 3.982 3.974 3.967 3.959 3.957 3.955 3.95 3.951 3.951 3.953 3.956 3.959 3.961 3.966 3.975 3.983 3.994 4.005 4.015 4.031 4.042 4.058 4.076 4.098 4.114 4.138 4.164 4.187 4.212 4.242 4.271 4.305 4.336 4.372 4.408 4.448 4.49 4.533 4.576 4.622 4.673 4.728 4.784 4.839 4.899 4.967 5.031 5.1 5.175 5.257 5.335 5.424 5.516 5.608 5.712 5.819 5.929 6.047 6.172 6.304 6.448 6.592 6.753 6.919 7.101 7.287 7.495 7.707 7.945 8.181 8.453 8.744 2.18 2.202 2.185 2.17 2.156 2.14 2.126 2.113 2.102 2.092 2.079 2.071 2.062 2.053 2.045 2.036 2.03 2.022 2.021 2.013 2.011 2.008 2.002 2.001 1.999 1.999 1.997
8.12 0 0 0.96 0.961 0.96 0.963 0.963 0.967 0.966 0.971 0.971 0.976 0.98 0.982 0.986 0.988 0.994 0.998 1.003 1.01 1.012 1.018 1.029 1.033 1.041 1.048 1.058 1.067 1.073 1.084 1.094 1.105 1.117 1.128 1.14 1.154 1.169 1.181 1.198 1.217 1.233 1.249 1.27 1.285 1.309 1.329 1.349 5.443 5.356 5.27 5.188 5.113 5.039 4.968 4.9 4.841 4.778 4.721 4.667 4.613 4.566 4.517 4.473 4.433 4.389 4.354 4.315 4.28 4.247 4.215 4.188 4.159 4.133 4.11 4.088 4.068 4.044 4.029 4.007 3.991 3.976 3.965 3.955 3.943 3.932 3.923 3.919 3.912 3.906 3.904 3.901 3.902 3.901 3.902 3.902 3.904 3.913 3.915 3.926 3.933 3.941 3.954 3.963 3.977 3.993 4.011 4.025 4.047 4.065 4.086 4.11 4.133 4.159 4.189 4.215 4.249 4.283 4.318 4.351 4.391 4.43 4.472 4.519 4.567 4.616 4.667 4.721 4.78 4.839 4.898 4.967 5.037 5.111 5.185 5.266 5.352 5.445 5.542 5.64 5.743 5.854 5.968 6.092 6.226 6.367 6.514 6.664 6.831 7.011 7.199 7.4 7.61 7.836 8.082 8.347 8.638 8.94 2.158 2.189 2.168 2.157 2.141 2.125 2.115 2.099 2.09 2.077 2.067 2.06 2.05 2.044 2.039 2.031 2.024 2.02 2.016 2.011 2.005 2.003 2.003 2 1.999 2
8.171 0 0 0.96 0.961 0.961 0.963 0.961 0.963 0.964 0.97 0.971 0.972 0.98 0.982 0.984 0.991 0.993 0.997 1.001 1.01 1.012 1.022 1.029 1.032 1.041 1.051 1.059 1.065 1.077 1.083 1.097 1.107 1.117 1.128 1.141 1.157 1.166 1.182 1.196 1.213 1.23 1.247 1.265 1.288 1.309 5.566 5.47 5.373 5.285 5.202 5.124 5.046 4.972 4.903 4.838 4.779 4.719 4.663 4.607 4.557 4.508 4.461 4.413 4.374 4.333 4.298 4.258 4.228 4.196 4.162 4.134 4.108 4.082 4.059 4.032 4.015 3.995 3.977 3.956 3.94 3.929 3.915 3.901 3.89 3.882 3.872 3.869 3.86 3.858 3.852 3.851 3.849 3.849 3.853 3.851 3.858 3.86 3.868 3.875 3.88 3.89 3.904 3.913 3.926 3.943 3.957 3.973 3.995 4.011 4.035 4.055 4.081 4.105 4.132 4.161 4.192 4.223 4.259 4.295 4.334 4.375 4.418 4.458 4.507 4.555 4.609 4.657 4.719 4.776 4.837 4.907 4.972 5.046 5.122 5.203 5.284 5.378 5.471 5.563 5.67 5.777 5.894 6.016 6.146 6.28 6.428 6.582 6.746 6.918 7.104 7.298 7.511 7.734 7.979 8.243 8.526 8.828 9.152 2.143 2.17 2.156 2.14 2.128 2.112 2.1 2.089 2.08 2.067 2.059 2.053 2.042 2.037 2.031 2.023 2.018 2.015 2.011 2.007 2.004 2.002 2.001 2.001 2.001
8.423 0 0 0.959 0.961 0.959 0.962 0.963 0.965 0.964 0.969 0.973 0.974 0.979 0.98 0.986 0.99 0.991 0.996 1.003 1.008 1.016 1.019 1.028 1.033 1.042 1.048 1.055 1.068 1.077 1.085 1.094 1.107 1.118 1.132 1.141 1.153 6.302 6.153 6.011 5.874 5.746 5.627 5.511 5.401 5.305 5.202 5.117 5.027 4.942 4.86 4.791 4.72 4.652 4.586 4.523 4.464 4.411 4.354 4.31 4.262 4.215 4.171 4.129 4.09 4.053 4.016 3.982 3.949 3.922 3.891 3.864 3.838 3.818 3.791 3.773 3.754 3.734 3.714 3.702 3.685 3.673 3.662 3.649 3.64 3.631 3.625 3.615 3.61 3.608 3.603 3.6 3.598 3.599 3.602 3.604 3.608 3.611 3.615 3.624 3.631 3.642 3.649 3.661 3.674 3.688 3.699 3.716 3.735 3.754 3.775 3.794 3.814 3.841 3.864 3.893 3.92 3.952 3.986 4.017 4.053 4.09 4.13 4.172 4.214 4.258 4.309 4.359 4.41 4.464 4.526 4.589 4.65 4.719 4.791 4.863 4.942 5.027 5.113 5.204 5.304 5.405 5.51 5.624 5.743 5.871 6.014 6.152 6.306 6.466 6.641 6.823 7.023 7.232 7.458 7.709 7.967 8.252 8.565 8.898 9.26 9.661 12.864 12.779 12.702 12.632 2.061 2.078 2.069 2.061 2.053 2.046 2.035 2.032 2.024 2.021 2.013 2.01 2.006 2.004 2.002 2.001 2.002 2.002
8.523 0 0 0.958 0.958 0.962 0.964 0.962 0.965 0.967 0.967 0.971 0.973 0.978 0.983 0.982 0.99 0.995 0.997 1.005 1.009 1.012 1.021 1.025 1.032 1.042 1.051 1.058 1.068 1.074 1.084 1.093 1.107 6.828 6.634 6.458 6.289 6.128 5.984 5.844 5.713 5.588 5.47 5.362 5.25 5.158 5.061 4.968 4.887 4.807 4.729 4.655 4.587 4.52 4.455 4.397 4.339 4.287 4.235 4.189 4.141 4.097 4.057 4.014 3.977 3.941 3.904 3.872 3.842 3.811 3.786 3.758 3.735 3.708 3.686 3.668 3.647 3.632 3.611 3.598 3.585 3.57 3.561 3.548 3.537 3.532 3.52 3.518 3.509 3.504 3.502 3.501 3.501 3.497 3.502 3.504 3.504 3.512 3.515 3.521 3.527 3.54 3.549 3.557 3.573 3.582 3.597 3.614 3.631 3.646 3.668 3.689 3.708 3.733 3.757 3.786 3.81 3.844 3.874 3.904 3.942 3.974 4.015 4.056 4.098 4.143 4.186 4.24 4.287 4.342 4.399 4.457 4.522 4.586 4.657 4.728 4.805 4.889 4.969 5.06 5.156 5.25 5.36 5.47 5.586 5.713 5.843 5.983 6.132 6.29 6.457 6.637 6.825 7.035 7.26 7.49 7.751 8.028 8.317 8.658 9.004 9.396 12.862 12.78 12.707 12.631 12.565 12.496 12.436 2.061 2.052 2.045 2.035 2.028 2.024 2.021 2.013 2.012 2.006 2.006 2.004 2.001 2 1.999
8.574 0 0 0.96 0.959 0.96 0.959 0.962 0.963 0.966 0.971 0.971 0.973 0.977 0.981 0.985 0.99 0.993 1 1.003 1.006 1.015 1.019 1.026 1.034 1.044 1.051 1.059 1.066 1.077 1.086 7.15 6.931 6.734 6.542 6.368 6.203 6.044 5.893 5.763 5.63 5.507 5.389 5.286 5.18 5.082 4.988 4.901 4.817 4.739 4.663 4.592 4.523 4.456 4.395 4.338 4.28 4.224 4.178 4.126 4.08 4.041 3.999 3.956 3.922 3.886 3.848 3.816 3.784 3.758 3.732 3.703 3.681 3.659 3.633 3.614 3.596 3.579 3.559 3.545 3.533 3.52 3.505 3.498 3.486 3.481 3.474 3.466 3.462 3.454 3.451 3.453 3.447 3.451 3.451 3.452 3.457 3.46 3.463 3.473 3.477 3.488 3.497 3.51 3.518 3.533 3.545 3.563 3.58 3.598 3.616 3.633 3.656 3.679 3.705 3.729 3.756 3.785 3.816 3.85 3.883 3.92 3.959 3.994 4.038 4.084 4.129 4.176 4.224 4.282 4.334 4.392 4.457 4.523 4.59 4.661 4.736 4.817 4.903 4.991 5.08 5.177 5.282 5.39 5.511 5.629 5.762 5.897 6.046 6.199 6.363 6.547 6.733 6.932 7.154 7.389 7.634 7.907 8.208 8.527 8.879 9.255 12.866 12.781 12.705 12.632 12.562 12.501 12.44 12.383 2.01 2.046 2.036 2.029 2.026 2.021 2.015 2.008 2.005 2.004 2 2.001 2.002 1.999
8.675 0 0 0.959 0.959 0.961 0.964 0.963 0.967 0.967 0.968 0.969 0.974 0.976 0.983 0.982 0.989 0.994 1 1.001 1.008 1.015 1.019 1.026 1.032 1.04 10.85 10.935 7.68 7.416 7.172 6.947 6.734 6.539 6.356 6.18 6.018 5.869 5.727 5.591 5.465 5.345 5.238 5.13 5.03 4.934 4.841 4.757 4.677 4.601 4.526 4.457 4.392 4.329 4.264 4.213 4.157 4.104 4.056 4.01 3.961 3.919 3.881 3.84 3.806 3.769 3.738 3.705 3.677 3.651 3.621 3.596 3.575 3.552 3.531 3.511 3.492 3.476 3.461 3.443 3.429 3.419 3.405 3.397 3.385 3.375 3.372 3.365 3.359 3.357 3.352 3.349 3.351 3.352 3.349 3.355 3.358 3.362 3.363 3.37 3.38 3.386 3.394 3.406 3.417 3.429 3.442 3.458 3.474 3.491 3.508 3.531 3.553 3.575 3.596 3.623 3.648 3.678 3.706 3.737 3.77 3.807 3.841 3.879 3.923 3.966 4.011 4.053 4.105 4.154 4.211 4.268 4.325 4.388 4.457 4.527 4.602 4.676 4.757 4.842 4.934 5.03 5.131 5.236 5.35 5.464 5.593 5.729 5.866 6.018 6.181 6.353 6.539 6.739 6.943 7.168 7.411 7.682 7.967 8.273 8.621 8.983 9.394 12.786 12.703 12.634 12.564 12.5 12.437 12.383 12.332 12.287 12.24 2.026 2.024 2.021 2.015 2.012 2.007 2.002 2.003 1.999 1.999 1.998
8.826 0 0 0.96 0.962 0.963 0.961 0.963 0.965 0.967 0.97 0.973 0.973 0.977 0.978 0.987 0.987 0.993 10.316 10.367 10.424 10.486 10.549 10.618 10.692 10.767 10.845 7.615 7.339 7.084 6.851 6.628 6.435 6.243 6.066 5.903 5.751 5.602 5.468 5.339 5.221 5.106 5.001 4.899 4.806 4.713 4.627 4.544 4.467 4.395 4.325 4.255 4.193 4.131 4.076 4.024 3.969 3.918 3.873 3.826 3.785 3.744 3.707 3.668 3.634 3.604 3.572 3.539 3.51 3.484 3.457 3.435 3.413 3.391 3.37 3.354 3.335 3.317 3.305 3.291 3.277 3.264 3.253 3.245 3.236 3.225 3.221 3.214 3.21 3.207 3.203 3.199 3.2 3.198 3.202 3.201 3.207 3.211 3.215 3.22 3.227 3.235 3.246 3.252 3.266 3.278 3.292 3.303 3.32 3.337 3.354 3.371 3.392 3.412 3.434 3.458 3.486 3.512 3.54 3.568 3.602 3.637 3.672 3.706 3.747 3.786 3.831 3.875 3.923 3.972 4.02 4.075 4.132 4.191 4.257 4.324 4.393 4.467 4.546 4.626 4.711 4.805 4.898 5.001 5.107 5.219 5.34 5.47 5.609 5.75 5.904 6.072 6.243 6.433 6.631 6.849 7.086 7.336 7.614 7.909 8.236 8.591 8.978 9.399 12.704 12.63 12.56 12.498 12.442 12.382 12.333 12.287 12.243 12.203 12.168 12.134 12.108 1.971 2.008 2.005 2 2 1.998 2
8.926 0 0 0.959 0.958 0.959 0.964 0.961 0.965 0.968 0.968 0.972 10.072 10.104 10.139 10.18 10.221 10.266 10.311 10.369 10.425 10.485 10.548 10.619 10.686 10.767 7.634 7.372 7.105 6.86 6.636 6.429 6.231 6.048 5.88 5.719 5.573 5.43 5.303 5.174 5.058 4.951 4.843 4.746 4.653 4.563 4.483 4.4 4.325 4.257 4.186 4.123 4.065 4.006 3.946 3.896 3.847 3.797 3.754 3.707 3.669 3.63 3.591 3.556 3.521 3.488 3.458 3.43 3.403 3.378 3.351 3.327 3.306 3.288 3.266 3.249 3.231 3.214 3.199 3.186 3.172 3.161 3.154 3.144 3.133 3.128 3.118 3.111 3.109 3.108 3.103 3.102 3.1 3.1 3.099 3.103 3.106 3.111 3.113 3.121 3.124 3.133 3.143 3.152 3.16 3.176 3.188 3.199 3.216 3.233 3.247 3.266 3.288 3.307 3.328 3.352 3.375 3.404 3.43 3.456 3.489 3.523 3.553 3.589 3.629 3.667 3.708 3.754 3.799 3.843 3.898 3.951 4.006 4.065 4.126 4.186 4.259 4.329 4.404 4.48 4.566 4.65 4.748 4.842 4.948 5.057 5.177 5.299 5.431 5.566 5.717 5.875 6.053 6.23 6.431 6.636 6.869 7.106 7.373 7.666 7.979 8.323 8.693 9.104 12.705 12.632 12.565 12.496 12.438 12.381 12.332 12.282 12.242 12.201 12.166 12.137 12.111 12.087 12.067 12.051 1.964 1.999 2 1.997
9.027 0 0 0.962 0.96 0.958 9.944 9.958 9.974 9.991 10.015 10.042 10.071 10.102 10.14 10.176 10.22 10.267 10.314 10.369 10.424 10.483 10.545 10.616 10.691 10.769 7.419 7.137 6.883 6.641 6.423 6.216 6.025 5.858 5.688 5.532 5.388 5.255 5.126 5.008 4.897 4.79 4.688 4.595 4.505 4.42 4.335 4.26 4.188 4.119 4.051 3.993 3.932 3.873 3.822 3.773 3.722 3.677 3.633 3.589 3.548 3.511 3.478 3.442 3.407 3.376 3.348 3.319 3.293 3.266 3.242 3.223 3.202 3.18 3.16 3.145 3.125 3.113 3.098 3.086 3.073 3.059 3.049 3.04 3.032 3.023 3.018 3.015 3.01 3.006 3 3.002 3.001 3.001 3.001 3.002 3.004 3.009 3.014 3.019 3.025 3.034 3.042 3.051 3.059 3.073 3.084 3.098 3.113 3.127 3.146 3.159 3.181 3.202 3.224 3.244 3.269 3.292 3.319 3.346 3.379 3.409 3.442 3.472 3.511 3.551 3.59 3.633 3.674 3.722 3.771 3.822 3.878 3.93 3.99 4.053 4.12 4.19 4.263 4.337 4.416 4.501 4.596 4.685 4.788 4.897 5.009 5.126 5.256 5.389 5.535 5.694 5.855 6.028 6.217 6.421 6.639 6.884 7.128 7.416 7.718 8.053 8.423 8.827 9.272 12.633 12.563 12.5 12.441 12.383 12.329 12.287 12.243 12.201 12.166 12.137 12.111 12.086 12.065 12.048 12.036 12.026 12.021 1.958
9.078 0 0 9.92 9.926 9.931 9.942 9.959 9.973 9.995 10.018 10.041 10.069 10.103 10.137 10.178 10.222 10.266 10.314 10.369 10.426 10.484 10.551 10.614 10.691 7.574 7.292 7.02 6.763 6.531 6.318 6.112 5.93 5.758 5.596 5.444 5.3 5.172 5.043 4.925 4.812 4.706 4.61 4.518 4.43 4.344 4.267 4.189 4.117 4.049 3.983 3.925 3.866 3.808 3.758 3.707 3.658 3.616 3.569 3.531 3.489 3.451 3.418 3.386 3.353 3.322 3.294 3.266 3.239 3.215 3.187 3.169 3.144 3.128 3.106 3.092 3.073 3.061 3.048 3.031 3.022 3.007 2.997 2.991 2.984 2.973 2.966 2.961 2.958 2.956 2.954 2.952 2.949 2.95 2.949 2.953 2.957 2.96 2.961 2.968 2.975 2.98 2.992 2.997 3.011 3.022 3.034 3.047 3.06 3.075 3.09 3.109 3.125 3.144 3.168 3.19 3.211 3.238 3.264 3.29 3.321 3.352 3.384 3.418 3.456 3.488 3.529 3.57 3.613 3.661 3.706 3.76 3.809 3.864 3.923 3.985 4.053 4.119 4.189 4.264 4.346 4.428 4.517 4.611 4.707 4.816 4.927 5.039 5.167 5.303 5.444 5.598 5.759 5.929 6.115 6.311 6.528 6.761 7.021 7.292 7.589 7.914 8.275 8.675 9.108 12.631 12.563 12.499 12.437 12.381 12.333 12.284 12.242 12.203 12.169 12.135 12.11 12.086 12.064 12.049 12.038 12.027 12.02 12.017
9.178 0 0 9.921 9.923 9.932 9.943 9.956 9.974 9.995 10.014 10.043 10.073 10.103 10.139 10.179 10.221 10.266 10.313 10.367 10.425 10.486 10.55 10.616 10.688 7.333 7.043 6.782 6.539 6.31 6.1 5.908 5.731 5.564 5.4 5.259 5.123 4.994 4.876 4.759 4.653 4.552 4.454 4.364 4.276 4.195 4.122 4.049 3.981 3.916 3.849 3.792 3.736 3.683 3.632 3.582 3.537 3.492 3.45 3.41 3.369 3.335 3.303 3.269 3.239 3.211 3.18 3.153 3.129 3.107 3.082 3.061 3.038 3.021 3.002 2.989 2.97 2.956 2.941 2.928 2.916 2.907 2.896 2.887 2.883 2.872 2.868 2.862 2.86 2.854 2.85 2.849 2.848 2.849 2.853 2.851 2.855 2.858 2.861 2.87 2.875 2.881 2.89 2.897 2.909 2.916 2.929 2.942 2.957 2.969 2.987 3.006 3.02 3.04 3.059 3.082 3.106 3.128 3.153 3.18 3.208 3.239 3.267 3.301 3.336 3.372 3.41 3.453 3.491 3.536 3.583 3.63 3.683 3.736 3.791 3.853 3.912 3.98 4.049 4.122 4.2 4.278 4.367 4.457 4.549 4.65 4.757 4.875 4.992 5.121 5.259 5.403 5.56 5.726 5.907 6.102 6.31 6.531 6.779 7.049 7.333 7.649 8.001 8.371 8.806 9.273 12.56 12.5 12.438 12.381 12.33 12.282 12.241 12.205 12.169 12.134 12.11 12.087 12.064 12.046 12.034 12.028 12.023 12.019
9.329 0 0 9.921 9.926 9.933 9.942 9.959 9.975 9.995 10.018 10.044 10.072 10.106 10.136 10.174 10.219 10.265 10.313 10.366 10.423 10.484 10.545 10.616 7.251 6.946 6.669 6.42 6.188 5.972 5.784 5.595 5.429 5.272 5.121 4.979 4.851 4.731 4.617 4.505 4.404 4.306 4.219 4.132 4.053 3.976 3.903 3.836 3.766 3.708 3.651 3.591 3.538 3.488 3.438 3.393 3.35 3.311 3.269 3.233 3.193 3.161 3.128 3.095 3.066 3.042 3.012 2.988 2.962 2.939 2.918 2.899 2.877 2.859 2.846 2.831 2.813 2.799 2.786 2.776 2.764 2.753 2.747 2.738 2.728 2.722 2.717 2.712 2.707 2.704 2.703 2.699 2.702 2.699 2.703 2.704 2.707 2.71 2.712 2.715 2.724 2.727 2.734 2.745 2.753 2.766 2.777 2.789 2.798 2.812 2.831 2.847 2.864 2.879 2.9 2.919 2.943 2.962 2.987 3.011 3.041 3.068 3.095 3.129 3.161 3.194 3.232 3.266 3.311 3.35 3.392 3.442 3.486 3.539 3.59 3.651 3.707 3.771 3.836 3.903 3.979 4.051 4.134 4.219 4.311 4.408 4.508 4.615 4.73 4.855 4.978 5.121 5.268 5.425 5.6 5.781 5.982 6.186 6.418 6.672 6.951 7.248 7.577 7.943 8.34 8.796 9.28 12.499 12.44 12.383 12.332 12.286 12.244 12.203 12.17 12.137 12.11 12.087 12.063 12.046 12.034 12.025 12.022 12.02
9.581 0 0 9.92 9.925 9.935 9.944 9.958 9.973 9.991 10.014 10.044 10.07 10.103 10.14 10.177 10.217 10.264 10.316 10.37 10.425 10.485 7.194 6.867 6.569 6.299 6.055 5.827 5.614 5.421 5.247 5.078 4.92 4.781 4.646 4.518 4.4 4.293 4.187 4.086 3.998 3.91 3.83 3.75 3.678 3.608 3.542 3.481 3.42 3.365 3.309 3.26 3.211 3.166 3.121 3.077 3.041 3.002 2.967 2.931 2.9 2.868 2.84 2.813 2.781 2.759 2.734 2.711 2.691 2.67 2.65 2.628 2.611 2.594 2.58 2.566 2.554 2.543 2.528 2.517 2.506 2.499 2.49 2.481 2.477 2.472 2.464 2.459 2.457 2.456 2.451 2.453 2.451 2.451 2.449 2.452 2.452 2.457 2.461 2.468 2.469 2.475 2.481 2.489 2.5 2.507 2.517 2.527 2.54 2.554 2.567 2.583 2.598 2.614 2.63 2.651 2.668 2.687 2.71 2.736 2.759 2.783 2.807 2.84 2.869 2.896 2.931 2.968 3 3.039 3.078 3.123 3.163 3.212 3.258 3.312 3.365 3.42 3.478 3.54 3.611 3.677 3.75 3.825 3.911 3.998 4.09 4.19 4.29 4.402 4.52 4.648 4.782 4.925 5.076 5.243 5.428 5.619 5.827 6.05 6.297 6.573 6.87 7.205 7.574 7.963 8.429 8.946 12.44 12.385 12.331 12.286 12.244 12.202 12.167 12.137 12.11 12.086 12.067 12.05 12.036 12.026 12.021 12.019
9.632 0 0 9.919 9.924 9.935 9.943 9.956 9.973 9.992 10.014 10.043 10.073 10.102 10.14 10.176 10.222 10.268 10.314 10.365 10.424 7.378 7.052 6.738 6.443 6.178 5.927 5.708 5.5 5.31 5.138 4.978 4.828 4.685 4.548 4.425 4.312 4.207 4.101 4.005 3.916 3.832 3.749 3.675 3.599 3.535 3.468 3.405 3.352 3.296 3.245 3.191 3.144 3.098 3.055 3.018 2.98 2.938 2.903 2.872 2.837 2.807 2.781 2.754 2.727 2.703 2.678 2.654 2.634 2.613 2.597 2.578 2.56 2.544 2.527 2.515 2.501 2.488 2.48 2.465 2.457 2.446 2.44 2.435 2.426 2.419 2.416 2.409 2.407 2.405 2.404 2.402 2.401 2.401 2.401 2.4 2.404 2.405 2.41 2.417 2.42 2.424 2.433 2.439 2.447 2.456 2.469 2.479 2.491 2.501 2.515 2.527 2.546 2.559 2.575 2.594 2.616 2.632 2.657 2.68 2.7 2.728 2.752 2.782 2.807 2.839 2.87 2.903 2.939 2.98 3.018 3.059 3.099 3.143 3.191 3.245 3.294 3.351 3.411 3.468 3.533 3.6 3.673 3.753 3.832 3.916 4.008 4.101 4.204 4.308 4.43 4.55 4.685 4.821 4.976 5.137 5.312 5.508 5.705 5.931 6.178 6.441 6.73 7.055 7.419 7.803 8.242 8.762 9.317 12.385 12.331 12.283 12.242 12.201 12.168 12.137 12.107 12.087 12.067 12.05 12.034 12.027 12.021 12.017
9.783 0 0 9.922 9.928 9.931 9.944 9.955 9.971 9.993 10.017 10.044 10.07 10.103 10.14 10.176 10.22 10.266 10.315 10.371 7.321 6.949 6.608 6.307 6.037 5.787 5.562 5.354 5.161 4.98 4.821 4.66 4.525 4.39 4.263 4.15 4.043 3.938 3.845 3.756 3.668 3.593 3.514 3.442 3.378 3.317 3.255 3.196 3.14 3.087 3.042 2.992 2.948 2.907 2.868 2.826 2.79 2.757 2.723 2.692 2.66 2.632 2.605 2.581 2.556 2.531 2.51 2.49 2.471 2.448 2.434 2.417 2.401 2.384 2.372 2.358 2.343 2.334 2.323 2.313 2.305 2.296 2.285 2.279 2.273 2.269 2.262 2.259 2.258 2.256 2.25 2.249 2.25 2.252 2.251 2.252 2.253 2.254 2.259 2.266 2.266 2.276 2.28 2.286 2.298 2.305 2.315 2.323 2.335 2.345 2.358 2.371 2.386 2.401 2.414 2.433 2.448 2.471 2.488 2.508 2.533 2.558 2.579 2.607 2.632 2.661 2.694 2.721 2.759 2.793 2.827 2.865 2.907 2.949 2.992 3.041 3.091 3.142 3.195 3.253 3.311 3.379 3.445 3.513 3.592 3.672 3.757 3.847 3.944 4.043 4.151 4.266 4.389 4.526 4.663 4.815 4.98 5.154 5.356 5.554 5.786 6.035 6.311 6.61 6.947 7.328 7.74 8.205 8.728 12.384 12.335 12.285 12.24 12.204 12.168 12.138 12.109 12.087 12.065 12.046 12.033 12.027 12.02 12.018
9.874 0.001 0.052156 9.927 9.92 9.919 9.921 9.923 9.93 9.942 9.954 9.97 9.989 10.011 10.038 10.07 10.1 10.135 10.177 10.215 10.263 10.31 10.361 7.038 6.688 6.368 6.078 5.803 5.562 5.344 5.147 4.963 4.789 4.63 4.489 4.35 4.22 4.105 3.988 3.885 3.791 3.696 3.61 3.53 3.452 3.379 3.311 3.244 3.184 3.124 3.07 3.017 2.967 2.921 2.875 2.831 2.789 2.751 2.717 2.68 2.646 2.616 2.582 2.554 2.529 2.503 2.478 2.455 2.433 2.41 2.388 2.372 2.352 2.336 2.321 2.302 2.289 2.278 2.263 2.252 2.241 2.231 2.219 2.211 2.201 2.197 2.19 2.183 2.176 2.174 2.168 2.165 2.16 2.162 2.161 2.157 2.157 2.158 2.159 2.162 2.165 2.168 2.172 2.178 2.182 2.187 2.196 2.199 2.209 2.217 2.227 2.241 2.249 2.262 2.276 2.289 2.302 2.317 2.332 2.351 2.368 2.387 2.41 2.429 2.45 2.477 2.499 2.526 2.551 2.581 2.614 2.644 2.675 2.711 2.749 2.787 2.825 2.87 2.913 2.964 3.01 3.063 3.121 3.178 3.238 3.301 3.373 3.441 3.52 3.601 3.684 3.777 3.874 3.979 4.09 4.207 4.335 4.467 4.616 4.771 4.945 5.123 5.32 5.539 5.784 6.041 6.329 6.649 7.008 7.405 7.851 8.354 8.928 12.337 12.288 12.248 12.209 12.17 12.137 12.109 12.089 12.065 12.05 12.039
10.048 0.026 0.312936 3.418 3.627 3.869 4.152 4.473 4.847 5.307 5.844 6.505 9.979 9.96 9.939 9.928 9.912 9.905 9.899 9.896 9.891 9.896 9.901 9.909 9.924 9.934 9.954 9.974 9.998 10.026 10.054 10.088 10.128 10.168 10.208 10.258 7.081 6.694 6.343 6.022 5.739 5.485 5.247 5.033 4.842 4.666 4.497 4.344 4.203 4.072 3.955 3.84 3.729 3.63 3.536 3.45 3.364 3.288 3.217 3.145 3.083 3.02 2.962 2.909 2.854 2.804 2.757 2.713 2.671 2.631 2.589 2.552 2.52 2.487 2.451 2.425 2.397 2.365 2.34 2.315 2.291 2.271 2.249 2.227 2.211 2.193 2.176 2.161 2.143 2.128 2.112 2.099 2.092 2.077 2.066 2.06 2.049 2.039 2.033 2.024 2.017 2.012 2.004 2 1.999 1.997 1.992 1.988 1.988 1.988 1.989 1.989 1.987 1.991 1.99 1.995 1.995 1.998 2.004 2.01 2.014 2.022 2.031 2.037 2.045 2.056 2.065 2.075 2.084 2.1 2.109 2.123 2.136 2.152 2.169 2.188 2.206 2.222 2.242 2.267 2.286 2.312 2.333 2.363 2.387 2.413 2.444 2.475 2.508 2.543 2.579 2.618 2.658 2.7 2.743 2.789 2.84 2.894 2.945 3.001 3.063 3.128 3.197 3.269 3.344 3.425 3.514 3.603 3.703 3.804 3.918 4.041 4.169 4.303 4.453 4.613 4.791 4.987 5.191 5.414 5.673 5.946 6.257 6.589
10.072 0.034 0.348218 2.994 3.152 3.325 3.514 3.742 3.987 4.276 4.613 5.014 5.469 6.05 6.756 9.97 9.95 9.929 9.917 9.903 9.894 9.889 9.885 9.884 9.888 9.892 9.904 9.916 9.93 9.946 9.969 9.994 10.022 10.052 10.083 10.12 10.16 10.206 10.25 6.976 6.58 6.241 5.923 5.643 5.395 5.164 4.957 4.77 4.59 4.432 4.281 4.139 4.012 3.89 3.782 3.675 3.576 3.483 3.4 3.318 3.243 3.172 3.103 3.038 2.977 2.921 2.866 2.815 2.765 2.718 2.674 2.634 2.594 2.556 2.522 2.483 2.453 2.421 2.391 2.365 2.336 2.309 2.284 2.262 2.241 2.218 2.197 2.181 2.165 2.149 2.133 2.113 2.103 2.087 2.075 2.063 2.053 2.042 2.03 2.021 2.013 2.007 1.997 1.993 1.989 1.98 1.978 1.975 1.97 1.965 1.967 1.965 1.964 1.96 1.961 1.964 1.966 1.968 1.969 1.971 1.977 1.982 1.985 1.994 1.998 2.003 2.012 2.019 2.031 2.04 2.05 2.061 2.075 2.086 2.099 2.114 2.131 2.145 2.163 2.18 2.198 2.217 2.238 2.26 2.283 2.309 2.333 2.36 2.39 2.418 2.451 2.481 2.516 2.549 2.59 2.629 2.671 2.712 2.759 2.81 2.86 2.916 2.969 3.03 3.097 3.161 3.233 3.309 3.393 3.478 3.568 3.667 3.769 3.883 4.001 4.123 4.261 4.412 4.57 4.748 4.937 5.147 5.373 5.621
10.112 0.05 0.45253 2.433 2.522 2.626 2.74 2.858 2.996 3.138 3.305 3.49 3.696 3.933 4.2 4.506 4.867 5.288 5.788 6.382 7.028 9.952 9.931 9.912 9.899 9.885 9.879 9.874 9.868 9.869 9.876 9.881 9.888 9.903 9.917 9.934 9.957 9.982 10.011 10.04 10.073 10.114 10.151 10.195 7.174 6.769 6.387 6.054 5.757 5.493 5.248 5.028 4.824 4.641 4.474 4.309 4.171 4.037 3.909 3.793 3.684 3.585 3.489 3.404 3.316 3.241 3.164 3.097 3.03 2.969 2.907 2.85 2.799 2.749 2.7 2.655 2.616 2.574 2.535 2.496 2.464 2.43 2.398 2.366 2.34 2.31 2.287 2.261 2.236 2.214 2.194 2.169 2.151 2.134 2.115 2.102 2.086 2.071 2.054 2.044 2.031 2.019 2.006 2 1.986 1.98 1.971 1.965 1.959 1.953 1.944 1.943 1.938 1.933 1.927 1.929 1.927 1.923 1.924 1.922 1.923 1.926 1.925 1.927 1.929 1.933 1.939 1.944 1.945 1.953 1.96 1.967 1.975 1.983 1.991 2 2.013 2.022 2.035 2.044 2.057 2.075 2.09 2.105 2.119 2.136 2.157 2.175 2.199 2.221 2.239 2.266 2.288 2.319 2.343 2.375 2.406 2.439 2.473 2.505 2.544 2.582 2.623 2.668 2.714 2.762 2.813 2.863 2.92 2.98 3.043 3.112 3.184 3.255 3.337 3.42 3.512 3.605 3.712 3.818 3.939 4.065 4.198 4.35
10.14 0.064 0.558376 2.065 2.124 2.189 2.261 2.335 2.419 2.51 2.607 2.713 2.828 2.953 3.097 3.25 3.423 3.612 3.833 4.073 4.352 4.679 5.054 5.5 6.039 6.678 9.958 9.934 9.911 9.894 9.884 9.871 9.864 9.857 9.854 9.854 9.86 9.866 9.877 9.891 9.905 9.923 9.944 9.973 9.998 10.031 10.067 10.104 10.146 10.192 7.013 6.599 6.235 5.924 5.636 5.371 5.139 4.92 4.721 4.543 4.38 4.224 4.092 3.956 3.834 3.722 3.615 3.517 3.424 3.339 3.256 3.182 3.109 3.043 2.973 2.915 2.856 2.803 2.751 2.701 2.659 2.613 2.568 2.529 2.491 2.457 2.42 2.391 2.36 2.33 2.304 2.274 2.25 2.224 2.201 2.176 2.159 2.138 2.118 2.1 2.086 2.068 2.055 2.039 2.025 2.013 1.999 1.987 1.976 1.969 1.958 1.952 1.944 1.937 1.931 1.923 1.915 1.91 1.909 1.907 1.902 1.897 1.898 1.896 1.897 1.895 1.895 1.898 1.899 1.902 1.901 1.905 1.911 1.914 1.919 1.924 1.932 1.939 1.944 1.954 1.963 1.971 1.985 1.995 2.008 2.019 2.034 2.047 2.064 2.076 2.094 2.109 2.128 2.148 2.171 2.189 2.214 2.236 2.262 2.288 2.317 2.345 2.374 2.409 2.443 2.477 2.515 2.552 2.595 2.639 2.682 2.732 2.783 2.833 2.891 2.946 3.012 3.08 3.149 3.223 3.304 3.387 3.48 3.573
10.149 0.07 0.610532 1.923 1.973 2.026 2.088 2.146 2.212 2.288 2.363 2.446 2.538 2.638 2.744 2.865 2.994 3.133 3.288 3.468 3.66 3.883 4.134 4.414 4.748 5.131 5.585 6.132 6.783 9.947 9.926 9.907 9.889 9.876 9.865 9.855 9.85 9.852 9.849 9.857 9.863 9.87 9.886 9.902 9.92 9.941 9.969 9.995 10.027 10.064 10.102 10.145 10.189 6.937 6.535 6.183 5.868 5.579 5.323 5.093 4.88 4.684 4.508 4.348 4.194 4.057 3.93 3.806 3.698 3.592 3.492 3.404 3.315 3.232 3.158 3.087 3.02 2.957 2.894 2.842 2.788 2.736 2.688 2.64 2.598 2.555 2.515 2.477 2.443 2.408 2.374 2.344 2.316 2.288 2.259 2.237 2.209 2.19 2.165 2.147 2.125 2.108 2.092 2.074 2.056 2.043 2.026 2.012 2 1.991 1.981 1.967 1.96 1.951 1.942 1.93 1.928 1.918 1.914 1.908 1.904 1.898 1.895 1.892 1.891 1.888 1.889 1.887 1.884 1.886 1.888 1.89 1.894 1.896 1.895 1.901 1.906 1.912 1.918 1.925 1.932 1.94 1.946 1.958 1.966 1.973 1.987 1.998 2.01 2.025 2.037 2.055 2.068 2.084 2.102 2.12 2.14 2.162 2.183 2.204 2.227 2.254 2.281 2.307 2.339 2.366 2.401 2.434 2.469 2.504 2.543 2.586 2.63 2.676 2.723 2.773 2.824 2.879 2.939 3.003 3.069 3.138 3.212 3.294
10.159 0.077 0.714844 1.694 1.729 1.771 1.812 1.855 1.898 1.949 2.001 2.058 2.116 2.177 2.246 2.322 2.401 2.485 2.578 2.683 2.79 2.911 3.044 3.189 3.352 3.531 3.735 3.958 4.215 4.509 4.861 5.247 5.732 6.295 6.981 9.938 9.917 9.897 9.877 9.865 9.853 9.85 9.845 9.842 9.846 9.85 9.856 9.868 9.878 9.898 9.919 9.939 9.965 9.991 10.025 10.062 10.1 10.141 10.186 6.832 6.447 6.1 5.783 5.503 5.258 5.025 4.824 4.634 4.461 4.299 4.15 4.016 3.886 3.767 3.657 3.554 3.456 3.368 3.284 3.205 3.129 3.06 2.993 2.93 2.872 2.813 2.764 2.711 2.664 2.617 2.574 2.534 2.495 2.46 2.423 2.391 2.356 2.326 2.296 2.27 2.245 2.217 2.197 2.17 2.153 2.134 2.11 2.093 2.076 2.059 2.041 2.028 2.016 1.999 1.987 1.979 1.966 1.956 1.946 1.935 1.928 1.919 1.916 1.907 1.903 1.898 1.89 1.886 1.883 1.88 1.88 1.878 1.875 1.875 1.875 1.874 1.879 1.88 1.88 1.886 1.889 1.893 1.899 1.902 1.907 1.915 1.919 1.929 1.939 1.946 1.958 1.967 1.975 1.991 2 2.014 2.03 2.045 2.06 2.076 2.096 2.111 2.132 2.151 2.176 2.197 2.222 2.246 2.273 2.301 2.329 2.359 2.39 2.425 2.463 2.498 2.538 2.576 2.623 2.666 2.712 2.766 2.815 2.872
10.16 0.079 0.819156 1.521 1.547 1.573 1.604 1.633 1.669 1.7 1.737 1.78 1.82 1.865 1.909 1.959 2.011 2.067 2.128 2.193 2.265 2.339 2.414 2.502 2.599 2.705 2.813 2.939 3.075 3.217 3.386 3.568 3.778 4.01 4.272 4.571 4.919 5.339 5.833 6.405 7.004 9.933 9.911 9.891 9.876 9.864 9.852 9.848 9.845 9.844 9.845 9.848 9.859 9.866 9.881 9.897 9.921 9.943 9.967 9.999 10.032 10.065 10.107 10.15 7.151 6.753 6.368 6.038 5.736 5.46 5.211 4.99 4.782 4.597 4.429 4.267 4.125 3.988 3.86 3.748 3.635 3.534 3.439 3.354 3.267 3.189 3.116 3.045 2.979 2.921 2.857 2.803 2.752 2.702 2.652 2.609 2.566 2.527 2.486 2.449 2.416 2.381 2.348 2.318 2.293 2.264 2.24 2.213 2.188 2.17 2.148 2.127 2.106 2.087 2.071 2.054 2.037 2.025 2.013 1.995 1.985 1.974 1.96 1.952 1.944 1.932 1.927 1.92 1.913 1.905 1.898 1.895 1.891 1.887 1.881 1.878 1.876 1.874 1.874 1.873 1.873 1.873 1.876 1.876 1.882 1.884 1.89 1.893 1.896 1.899 1.91 1.916 1.921 1.93 1.937 1.947 1.957 1.966 1.977 1.992 2.005 2.014 2.031 2.046 2.062 2.077 2.094 2.115 2.133 2.156 2.177 2.199 2.226 2.25 2.274 2.305 2.33 2.365 2.395 2.432 2.465 2.505 2.54 2.58
10.16 0.079 0.906594 1.413 1.382 1.429 1.449 1.474 1.499 1.525 1.551 1.578 1.607 1.638 1.672 1.709 1.746 1.787 1.828 1.87 1.916 1.97 2.022 2.079 2.137 2.204 2.274 2.352 2.436 2.52 2.617 2.719 2.833 2.957 3.097 3.245 3.414 3.604 3.815 4.049 4.322 4.623 4.985 5.401 5.902 6.526 9.955 9.928 9.907 9.886 9.873 9.86 9.852 9.847 9.842 9.84 9.846 9.85 9.857 9.873 9.882 9.904 9.921 9.946 9.971 10.004 10.035 10.072 10.111 10.155 7.112 6.686 6.312 5.977 5.684 5.415 5.174 4.951 4.746 4.571 4.4 4.238 4.1 3.969 3.843 3.728 3.62 3.521 3.425 3.34 3.254 3.178 3.103 3.036 2.973 2.908 2.849 2.794 2.741 2.692 2.647 2.6 2.56 2.518 2.48 2.443 2.411 2.379 2.344 2.317 2.287 2.262 2.231 2.209 2.185 2.163 2.143 2.123 2.105 2.085 2.07 2.053 2.035 2.023 2.008 1.997 1.982 1.974 1.962 1.953 1.941 1.932 1.924 1.919 1.913 1.902 1.898 1.895 1.89 1.885 1.88 1.882 1.876 1.878 1.877 1.873 1.877 1.874 1.879 1.88 1.88 1.885 1.89 1.892 1.896 1.902 1.91 1.915 1.923 1.928 1.94 1.946 1.959 1.97 1.979 1.99 2.006 2.016 2.032 2.05 2.065 2.081 2.101 2.12 2.138 2.159 2.183 2.205 2.229 2.251 2.28 2.309 2.339 2.369
10.16 0.079 0.95875 1.509 1.477 1.439 1.409 1.385 1.434 1.451 1.475 1.501 1.523 1.554 1.579 1.61 1.645 1.678 1.709 1.75 1.788 1.828 1.876 1.92 1.974 2.027 2.083 2.142 2.21 2.283 2.357 2.441 2.527 2.625 2.727 2.844 2.969 3.105 3.259 3.43 3.612 3.826 4.069 4.343 4.648 5.022 5.453 5.959 6.579 9.951 9.928 9.904 9.885 9.873 9.86 9.85 9.846 9.843 9.84 9.845 9.85 9.861 9.873 9.888 9.904 9.925 9.948 9.977 10.003 10.041 10.074 10.117 10.161 7.073 6.654 6.284 5.958 5.654 5.39 5.148 4.938 4.737 4.557 4.387 4.231 4.087 3.955 3.831 3.718 3.611 3.511 3.416 3.327 3.246 3.17 3.098 3.029 2.963 2.902 2.845 2.79 2.736 2.688 2.644 2.597 2.555 2.514 2.477 2.441 2.405 2.375 2.344 2.314 2.283 2.256 2.23 2.21 2.185 2.164 2.143 2.12 2.1 2.084 2.068 2.05 2.033 2.022 2.008 1.992 1.984 1.971 1.961 1.952 1.939 1.932 1.922 1.919 1.911 1.906 1.899 1.896 1.889 1.883 1.88 1.877 1.876 1.876 1.877 1.874 1.877 1.876 1.876 1.881 1.884 1.882 1.889 1.893 1.9 1.901 1.911 1.918 1.925 1.931 1.938 1.947 1.958 1.969 1.98 1.994 2.004 2.019 2.033 2.049 2.063 2.084 2.101 2.121 2.138 2.158 2.182 2.203 2.228 2.258 2.283
10.16 0.079 1.0646 1.765 1.714 1.665 1.622 1.579 1.538 1.505 1.471 1.435 1.402 1.386 1.435 1.456 1.478 1.503 1.528 1.555 1.584 1.615 1.647 1.681 1.719 1.758 1.797 1.838 1.883 1.929 1.98 2.032 2.093 2.155 2.221 2.292 2.37 2.455 2.543 2.642 2.745 2.865 2.992 3.131 3.283 3.457 3.654 3.868 4.117 4.396 4.715 5.089 5.523 6.056 6.678 9.946 9.923 9.903 9.887 9.869 9.861 9.848 9.845 9.842 9.84 9.844 9.849 9.862 9.874 9.887 9.907 9.929 9.951 9.981 10.013 10.046 10.081 10.121 10.165 7 6.584 6.227 5.906 5.617 5.357 5.116 4.9 4.706 4.519 4.358 4.206 4.062 3.932 3.812 3.697 3.594 3.494 3.405 3.314 3.236 3.16 3.085 3.018 2.954 2.896 2.837 2.78 2.733 2.683 2.632 2.591 2.549 2.507 2.47 2.436 2.401 2.37 2.339 2.307 2.282 2.253 2.226 2.205 2.182 2.158 2.138 2.116 2.098 2.08 2.066 2.046 2.032 2.017 2.003 1.99 1.98 1.966 1.96 1.949 1.937 1.931 1.924 1.913 1.908 1.901 1.897 1.894 1.89 1.886 1.879 1.877 1.876 1.876 1.877 1.873 1.874 1.874 1.878 1.882 1.885 1.887 1.888 1.894 1.898 1.905 1.912 1.917 1.923 1.933 1.94 1.953 1.963 1.973 1.983 1.996 2.01 2.022 2.038 2.05 2.07 2.085 2.106 2.124 2.144
10.162 0.081 1.09834 1.866 1.809 1.753 1.706 1.657 1.611 1.568 1.529 1.494 1.459 1.424 1.398 1.392 1.441 1.463 1.486 1.512 1.537 1.564 1.592 1.621 1.654 1.691 1.724 1.765 1.802 1.846 1.891 1.939 1.989 2.047 2.102 2.166 2.236 2.304 2.384 2.467 2.557 2.659 2.769 2.884 3.012 3.155 3.314 3.484 3.684 3.899 4.149 4.437 4.77 5.149 5.6 6.148 6.808 9.94 9.92 9.895 9.879 9.864 9.856 9.846 9.843 9.839 9.842 9.845 9.85 9.859 9.874 9.888 9.905 9.927 9.956 9.982 10.011 10.048 10.086 10.126 10.171 6.938 6.543 6.18 5.856 5.571 5.316 5.084 4.872 4.681 4.499 4.333 4.188 4.045 3.912 3.793 3.684 3.578 3.483 3.39 3.304 3.223 3.144 3.076 3.009 2.944 2.881 2.826 2.772 2.72 2.671 2.627 2.583 2.541 2.502 2.466 2.431 2.394 2.365 2.333 2.304 2.274 2.249 2.223 2.201 2.175 2.155 2.135 2.112 2.097 2.078 2.058 2.046 2.031 2.013 2.002 1.99 1.979 1.965 1.958 1.944 1.935 1.927 1.922 1.912 1.905 1.901 1.895 1.889 1.884 1.884 1.88 1.879 1.874 1.873 1.874 1.875 1.872 1.875 1.877 1.88 1.883 1.884 1.89 1.893 1.896 1.904 1.908 1.914 1.926 1.934 1.939 1.951 1.962 1.972 1.981 1.997 2.01 2.023 2.036 2.055 2.067 2.083 2.105
10.174 0.106 1.11675 1.867 1.808 1.752 1.699 1.651 1.605 1.559 1.521 1.485 1.446 1.416 1.384 1.416 1.437 1.458 1.483 1.503 1.529 1.558 1.582 1.615 1.645 1.68 1.712 1.749 1.789 1.827 1.872 1.917 1.969 2.02 2.078 2.136 2.199 2.269 2.343 2.422 2.508 2.603 2.704 2.813 2.933 3.065 3.208 3.374 3.555 3.751 3.977 4.232 4.528 4.874 5.264 5.728 6.281 6.971 9.911 9.892 9.868 9.855 9.838 9.829 9.82 9.817 9.813 9.813 9.817 9.826 9.837 9.852 9.866 9.886 9.906 9.935 9.961 9.991 10.026 10.063 10.108 10.148 6.845 6.435 6.094 5.78 5.5 5.254 5.019 4.809 4.623 4.451 4.287 4.135 3.996 3.872 3.752 3.645 3.54 3.443 3.353 3.27 3.188 3.114 3.048 2.977 2.918 2.857 2.799 2.749 2.696 2.652 2.604 2.56 2.519 2.483 2.442 2.41 2.373 2.34 2.311 2.282 2.255 2.232 2.208 2.182 2.158 2.137 2.118 2.1 2.079 2.063 2.044 2.028 2.013 2.002 1.987 1.973 1.965 1.949 1.941 1.929 1.921 1.912 1.904 1.899 1.895 1.889 1.881 1.875 1.875 1.871 1.867 1.864 1.863 1.861 1.862 1.86 1.864 1.864 1.866 1.867 1.872 1.872 1.879 1.882 1.888 1.891 1.899 1.904 1.913 1.918 1.927 1.941 1.949 1.961 1.97 1.981 1.995 2.01 2.027 2.042 2.059 2.076
10.189 0.136 1.11675 1.804 1.744 1.69 1.637 1.591 1.545 1.506 1.469 1.429 1.395 1.372 1.416 1.437 1.454 1.481 1.499 1.527 1.549 1.58 1.603 1.635 1.668 1.701 1.733 1.77 1.811 1.853 1.899 1.943 1.992 2.045 2.103 2.163 2.231 2.297 2.374 2.453 2.544 2.64 2.738 2.849 2.972 3.104 3.253 3.42 3.603 3.805 4.036 4.297 4.585 4.925 5.331 5.8 6.373 6.952 9.884 9.859 9.84 9.821 9.807 9.799 9.791 9.788 9.784 9.786 9.791 9.797 9.806 9.817 9.837 9.853 9.875 9.904 9.932 9.962 9.994 10.033 10.075 10.122 6.791 6.387 6.047 5.73 5.461 5.209 4.984 4.779 4.584 4.414 4.252 4.103 3.967 3.841 3.726 3.615 3.513 3.419 3.328 3.246 3.163 3.094 3.019 2.955 2.892 2.832 2.776 2.722 2.676 2.627 2.584 2.541 2.497 2.462 2.424 2.389 2.355 2.324 2.293 2.264 2.24 2.214 2.189 2.165 2.142 2.122 2.101 2.081 2.064 2.045 2.026 2.014 1.997 1.983 1.973 1.958 1.945 1.935 1.924 1.915 1.909 1.901 1.893 1.886 1.876 1.873 1.87 1.863 1.856 1.856 1.851 1.849 1.85 1.847 1.846 1.846 1.848 1.849 1.849 1.853 1.853 1.858 1.863 1.865 1.871 1.878 1.883 1.888 1.898 1.906 1.912 1.924 1.931 1.944 1.954 1.967 1.979 1.995 2.008 2.027 2.039 2.059
10.209 0.177 1.11675 1.715 1.659 1.607 1.557 1.51 1.47 1.431 1.393 1.364 1.404 1.422 1.442 1.462 1.482 1.502 1.528 1.554 1.58 1.605 1.636 1.666 1.695 1.732 1.768 1.803 1.846 1.884 1.934 1.981 2.032 2.088 2.145 2.202 2.271 2.341 2.415 2.497 2.583 2.683 2.792 2.902 3.023 3.166 3.312 3.478 3.661 3.868 4.105 4.374 4.665 5.021 5.434 5.902 6.477 9.865 9.838 9.82 9.798 9.782 9.771 9.759 9.751 9.743 9.741 9.746 9.748 9.757 9.764 9.78 9.797 9.813 9.836 9.86 9.889 9.922 9.954 9.994 10.035 10.078 6.707 6.32 5.984 5.67 5.396 5.153 4.923 4.724 4.538 4.361 4.206 4.058 3.923 3.8 3.684 3.575 3.474 3.38 3.293 3.21 3.132 3.057 2.988 2.923 2.86 2.801 2.748 2.694 2.644 2.599 2.555 2.513 2.474 2.435 2.4 2.362 2.329 2.297 2.269 2.242 2.216 2.191 2.165 2.141 2.117 2.1 2.08 2.057 2.042 2.021 2.005 1.992 1.979 1.962 1.95 1.937 1.927 1.917 1.905 1.896 1.887 1.877 1.873 1.864 1.856 1.851 1.849 1.843 1.836 1.835 1.831 1.83 1.831 1.826 1.825 1.827 1.827 1.826 1.83 1.831 1.833 1.838 1.839 1.844 1.852 1.857 1.865 1.869 1.879 1.882 1.895 1.901 1.913 1.924 1.937 1.947 1.958 1.975 1.988 2.003 2.02 2.035
10.235 0.229 1.11675 1.599 1.55 1.499 1.455 1.41 1.373 1.359 1.402 1.416 1.435 1.454 1.474 1.492 1.514 1.537 1.564 1.589 1.617 1.644 1.669 1.704 1.737 1.769 1.809 1.843 1.885 1.931 1.973 2.025 2.075 2.134 2.187 2.255 2.319 2.396 2.472 2.555 2.646 2.743 2.847 2.966 3.098 3.233 3.389 3.559 3.749 3.956 4.201 4.462 4.774 5.13 5.548 6.046 6.644 9.816 9.786 9.768 9.747 9.73 9.719 9.707 9.698 9.693 9.69 9.693 9.696 9.703 9.716 9.728 9.741 9.761 9.785 9.809 9.837 9.868 9.903 9.938 9.983 6.981 6.619 6.235 5.892 5.591 5.319 5.074 4.86 4.657 4.471 4.3 4.145 4.003 3.873 3.75 3.634 3.522 3.429 3.332 3.249 3.164 3.088 3.016 2.943 2.881 2.821 2.763 2.708 2.657 2.607 2.565 2.52 2.479 2.44 2.399 2.366 2.328 2.296 2.267 2.239 2.21 2.181 2.159 2.132 2.112 2.089 2.069 2.047 2.031 2.01 1.996 1.976 1.965 1.95 1.936 1.923 1.913 1.897 1.891 1.878 1.87 1.859 1.854 1.844 1.836 1.83 1.828 1.819 1.814 1.811 1.808 1.806 1.804 1.802 1.799 1.802 1.799 1.802 1.801 1.803 1.807 1.807 1.81 1.817 1.819 1.826 1.832 1.839 1.842 1.853 1.857 1.865 1.876 1.884 1.899 1.909 1.921 1.93 1.944 1.958 1.973 1.989 2.009
10.266 0.292 1.11675 1.464 1.414 1.37 1.354 1.393 1.405 1.422 1.436 1.457 1.475 1.492 1.514 1.535 1.556 1.58 1.602 1.629 1.659 1.686 1.718 1.747 1.783 1.815 1.853 1.896 1.935 1.98 2.028 2.075 2.131 2.187 2.246 2.316 2.381 2.458 2.536 2.62 2.715 2.813 2.927 3.049 3.175 3.324 3.477 3.647 3.851 4.062 4.308 4.583 4.898 5.267 5.694 6.21 6.815 9.749 9.724 9.703 9.684 9.669 9.654 9.642 9.638 9.63 9.629 9.632 9.633 9.644 9.65 9.663 9.683 9.696 9.72 9.745 9.775 9.802 9.836 9.875 9.918 6.92 6.501 6.131 5.792 5.491 5.229 4.985 4.772 4.574 4.398 4.225 4.075 3.934 3.804 3.687 3.571 3.468 3.364 3.276 3.194 3.107 3.036 2.963 2.896 2.831 2.772 2.72 2.662 2.613 2.564 2.518 2.474 2.433 2.394 2.362 2.322 2.292 2.259 2.227 2.201 2.173 2.146 2.119 2.099 2.077 2.054 2.034 2.014 1.993 1.978 1.962 1.946 1.928 1.917 1.904 1.891 1.879 1.864 1.855 1.844 1.838 1.83 1.821 1.814 1.808 1.803 1.796 1.79 1.784 1.78 1.781 1.777 1.776 1.77 1.771 1.77 1.769 1.771 1.77 1.773 1.777 1.779 1.781 1.782 1.791 1.796 1.8 1.804 1.81 1.817 1.829 1.837 1.844 1.855 1.863 1.876 1.888 1.9 1.913 1.926 1.943 1.955 1.971
10.344 0.451 1.11675 1.424 1.439 1.453 1.466 1.483 1.495 1.516 1.533 1.55 1.569 1.588 1.611 1.632 1.659 1.68 1.709 1.736 1.767 1.796 1.828 1.861 1.896 1.934 1.973 2.017 2.061 2.11 2.16 2.214 2.27 2.329 2.396 2.462 2.537 2.62 2.702 2.795 2.893 3.001 3.117 3.246 3.383 3.535 3.7 3.888 4.094 4.334 4.591 4.891 5.22 5.614 6.062 6.605 9.62 9.59 9.568 9.543 9.527 9.508 9.497 9.487 9.479 9.474 9.473 9.472 9.476 9.484 9.493 9.506 9.521 9.538 9.564 9.585 9.614 9.645 9.679 9.713 9.754 6.626 6.215 5.857 5.54 5.261 4.999 4.769 4.565 4.379 4.206 4.045 3.897 3.759 3.64 3.519 3.411 3.314 3.221 3.135 3.051 2.974 2.903 2.832 2.768 2.709 2.649 2.598 2.547 2.5 2.452 2.406 2.367 2.328 2.292 2.254 2.224 2.19 2.158 2.131 2.104 2.077 2.052 2.03 2.004 1.984 1.964 1.945 1.927 1.907 1.89 1.875 1.858 1.844 1.83 1.817 1.808 1.797 1.785 1.774 1.767 1.757 1.75 1.739 1.734 1.725 1.722 1.718 1.709 1.707 1.703 1.7 1.695 1.695 1.693 1.691 1.69 1.694 1.691 1.692 1.693 1.697 1.698 1.705 1.707 1.711 1.715 1.722 1.724 1.734 1.738 1.749 1.756 1.763 1.772 1.784 1.793 1.802 1.814 1.828 1.842 1.856 1.872 1.886
10.389 0.541 1.11675 1.475 1.486 1.502 1.517 1.532 1.551 1.565 1.586 1.606 1.626 1.646 1.67 1.692 1.715 1.743 1.771 1.798 1.827 1.86 1.893 1.925 1.966 2.003 2.045 2.086 2.134 2.182 2.232 2.291 2.351 2.409 2.479 2.549 2.625 2.707 2.798 2.894 2.991 3.104 3.226 3.357 3.499 3.662 3.838 4.022 4.245 4.483 4.757 5.055 5.402 5.815 6.275 9.562 9.529 9.502 9.475 9.453 9.436 9.421 9.404 9.395 9.388 9.386 9.382 9.385 9.388 9.393 9.401 9.418 9.433 9.448 9.472 9.496 9.523 9.553 9.583 9.622 9.66 6.448 6.061 5.704 5.398 5.124 4.868 4.643 4.45 4.264 4.093 3.934 3.792 3.664 3.54 3.431 3.327 3.227 3.138 3.049 2.97 2.896 2.824 2.757 2.699 2.639 2.584 2.528 2.481 2.434 2.388 2.346 2.308 2.266 2.23 2.196 2.162 2.134 2.103 2.074 2.048 2.023 1.998 1.975 1.952 1.934 1.913 1.891 1.876 1.857 1.843 1.826 1.809 1.799 1.784 1.772 1.761 1.746 1.74 1.727 1.719 1.709 1.704 1.696 1.688 1.682 1.678 1.673 1.665 1.663 1.658 1.657 1.653 1.65 1.652 1.647 1.648 1.647 1.647 1.649 1.651 1.651 1.656 1.658 1.662 1.668 1.672 1.674 1.682 1.686 1.692 1.7 1.707 1.717 1.726 1.735 1.744 1.756 1.768 1.781 1.793 1.808 1.821 1.837
10.411 0.586 1.11675 1.499 1.515 1.529 1.54 1.559 1.577 1.591 1.614 1.63 1.654 1.671 1.698 1.717 1.746 1.771 1.796 1.825 1.859 1.891 1.925 1.962 2 2.036 2.081 2.126 2.168 2.222 2.272 2.331 2.388 2.452 2.518 2.592 2.67 2.752 2.844 2.943 3.045 3.159 3.285 3.416 3.562 3.719 3.903 4.095 4.315 4.557 4.83 5.148 5.495 5.91 6.389 9.513 9.483 9.456 9.431 9.41 9.39 9.373 9.361 9.351 9.346 9.337 9.336 9.337 9.342 9.348 9.361 9.369 9.386 9.403 9.425 9.451 9.478 9.505 9.539 9.574 9.614 6.363 5.978 5.623 5.318 5.049 4.81 4.582 4.383 4.203 4.037 3.886 3.743 3.615 3.498 3.383 3.282 3.181 3.093 3.01 2.93 2.86 2.786 2.724 2.66 2.603 2.546 2.495 2.445 2.4 2.358 2.315 2.277 2.237 2.2 2.166 2.134 2.103 2.077 2.046 2.021 1.995 1.972 1.948 1.928 1.907 1.884 1.866 1.849 1.835 1.818 1.804 1.788 1.771 1.759 1.746 1.734 1.726 1.717 1.704 1.696 1.69 1.679 1.674 1.667 1.658 1.655 1.65 1.647 1.638 1.636 1.635 1.634 1.629 1.628 1.627 1.626 1.627 1.624 1.626 1.63 1.629 1.634 1.637 1.638 1.642 1.647 1.655 1.657 1.665 1.673 1.678 1.685 1.696 1.704 1.713 1.724 1.733 1.746 1.758 1.769 1.786 1.798 1.811
10.433 0.632 1.11675 1.524 1.538 1.554 1.567 1.585 1.601 1.618 1.64 1.656 1.679 1.699 1.724 1.747 1.775 1.801 1.829 1.857 1.89 1.921 1.955 1.99 2.029 2.073 2.112 2.158 2.208 2.255 2.311 2.37 2.43 2.492 2.561 2.639 2.716 2.8 2.888 2.991 3.095 3.212 3.335 3.469 3.623 3.782 3.962 4.159 4.38 4.634 4.911 5.223 5.593 6.014 6.495 9.468 9.437 9.412 9.387 9.366 9.344 9.327 9.319 9.305 9.297 9.297 9.292 9.293 9.297 9.305 9.313 9.324 9.344 9.357 9.379 9.404 9.433 9.459 9.493 9.529 9.568 6.278 5.892 5.553 5.247 4.989 4.744 4.524 4.328 4.148 3.983 3.831 3.693 3.564 3.444 3.335 3.234 3.137 3.053 2.97 2.89 2.82 2.749 2.688 2.627 2.568 2.513 2.462 2.413 2.369 2.326 2.285 2.244 2.205 2.173 2.135 2.107 2.074 2.047 2.022 1.992 1.968 1.945 1.92 1.899 1.878 1.86 1.839 1.827 1.806 1.794 1.776 1.763 1.75 1.737 1.723 1.711 1.701 1.691 1.68 1.672 1.665 1.656 1.648 1.645 1.635 1.63 1.625 1.621 1.619 1.612 1.611 1.609 1.605 1.608 1.606 1.605 1.606 1.604 1.605 1.605 1.609 1.609 1.616 1.617 1.621 1.628 1.632 1.634 1.644 1.648 1.654 1.66 1.67 1.681 1.688 1.7 1.71 1.72 1.734 1.744 1.758 1.772 1.789
10.478 0.722 1.11675 1.575 1.588 1.603 1.618 1.637 1.654 1.672 1.689 1.711 1.735 1.755 1.781 1.802 1.833 1.859 1.887 1.916 1.952 1.983 2.021 2.059 2.097 2.137 2.184 2.23 2.279 2.328 2.387 2.444 2.505 2.575 2.647 2.726 2.801 2.888 2.984 3.088 3.198 3.315 3.448 3.581 3.738 3.902 4.089 4.302 4.523 4.78 5.072 5.401 5.766 6.208 9.41 9.377 9.347 9.32 9.295 9.274 9.255 9.237 9.225 9.215 9.21 9.205 9.203 9.205 9.208 9.216 9.222 9.238 9.251 9.269 9.289 9.315 9.339 9.372 9.402 9.438 6.451 6.1 5.73 5.403 5.106 4.846 4.616 4.398 4.208 4.037 3.875 3.729 3.592 3.464 3.356 3.243 3.148 3.054 2.968 2.887 2.81 2.743 2.672 2.61 2.553 2.496 2.443 2.395 2.347 2.3 2.263 2.217 2.185 2.144 2.11 2.078 2.045 2.019 1.99 1.962 1.94 1.916 1.89 1.867 1.847 1.828 1.81 1.793 1.775 1.76 1.742 1.729 1.715 1.699 1.687 1.676 1.664 1.656 1.643 1.636 1.628 1.616 1.611 1.605 1.597 1.594 1.585 1.58 1.575 1.576 1.57 1.565 1.563 1.563 1.559 1.56 1.562 1.559 1.562 1.563 1.564 1.565 1.565 1.569 1.571 1.575 1.582 1.586 1.593 1.596 1.602 1.608 1.615 1.625 1.635 1.643 1.652 1.66 1.674 1.685 1.697 1.711 1.723 1.741
10.5 0.767 1.11675 1.6 1.615 1.631 1.644 1.66 1.682 1.698 1.717 1.74 1.76 1.786 1.807 1.835 1.861 1.889 1.917 1.948 1.981 2.017 2.054 2.091 2.129 2.169 2.218 2.263 2.313 2.367 2.421 2.484 2.549 2.615 2.689 2.765 2.846 2.936 3.036 3.135 3.243 3.365 3.498 3.645 3.797 3.969 4.153 4.363 4.599 4.861 5.155 5.485 5.864 6.3 9.362 9.333 9.302 9.276 9.248 9.231 9.21 9.196 9.184 9.173 9.166 9.161 9.159 9.157 9.161 9.17 9.18 9.19 9.205 9.222 9.243 9.266 9.293 9.322 9.355 9.395 6.402 6.026 5.642 5.318 5.028 4.783 4.541 4.335 4.149 3.973 3.816 3.677 3.538 3.416 3.307 3.198 3.101 3.013 2.927 2.845 2.773 2.7 2.634 2.572 2.514 2.458 2.407 2.36 2.313 2.271 2.228 2.189 2.152 2.116 2.082 2.051 2.017 1.992 1.96 1.935 1.911 1.889 1.863 1.842 1.821 1.803 1.786 1.767 1.75 1.734 1.718 1.703 1.688 1.678 1.666 1.655 1.641 1.631 1.621 1.61 1.602 1.596 1.59 1.581 1.574 1.57 1.564 1.558 1.555 1.55 1.547 1.544 1.544 1.54 1.538 1.539 1.538 1.537 1.539 1.537 1.541 1.54 1.545 1.548 1.548 1.556 1.557 1.564 1.571 1.573 1.578 1.589 1.595 1.6 1.611 1.621 1.631 1.64 1.652 1.661 1.671 1.686 1.698 1.713
10.545 0.858 1.11675 1.646 1.663 1.68 1.698 1.714 1.734 1.753 1.769 1.791 1.817 1.841 1.864 1.892 1.92 1.946 1.978 2.008 2.044 2.078 2.117 2.156 2.197 2.238 2.283 2.336 2.388 2.443 2.497 2.563 2.625 2.696 2.771 2.848 2.94 3.029 3.125 3.232 3.348 3.471 3.611 3.752 3.911 4.094 4.281 4.506 4.738 5.002 5.317 5.649 6.043 9.306 9.272 9.241 9.212 9.183 9.16 9.137 9.12 9.102 9.091 9.08 9.073 9.072 9.068 9.07 9.072 9.079 9.091 9.099 9.114 9.135 9.156 9.177 9.205 9.23 9.267 9.301 6.257 5.838 5.48 5.172 4.889 4.635 4.413 4.213 4.029 3.862 3.71 3.565 3.439 3.32 3.208 3.11 3.011 2.926 2.843 2.764 2.691 2.623 2.562 2.499 2.445 2.389 2.34 2.293 2.249 2.207 2.166 2.126 2.089 2.056 2.02 1.99 1.96 1.934 1.906 1.882 1.857 1.831 1.811 1.787 1.767 1.748 1.73 1.714 1.697 1.684 1.671 1.655 1.639 1.628 1.615 1.605 1.593 1.583 1.576 1.564 1.557 1.551 1.542 1.537 1.53 1.527 1.519 1.515 1.512 1.504 1.505 1.502 1.499 1.496 1.495 1.493 1.493 1.491 1.492 1.495 1.497 1.496 1.502 1.503 1.505 1.508 1.514 1.517 1.521 1.527 1.533 1.542 1.55 1.554 1.566 1.573 1.582 1.591 1.604 1.614 1.624 1.64 1.649 1.666
10.567 0.903 1.11675 1.673 1.691 1.703 1.722 1.741 1.758 1.776 1.802 1.819 1.844 1.865 1.894 1.919 1.946 1.976 2.007 2.04 2.071 2.108 2.149 2.186 2.231 2.274 2.321 2.369 2.422 2.479 2.536 2.599 2.667 2.737 2.814 2.895 2.979 3.075 3.174 3.286 3.398 3.526 3.664 3.811 3.971 4.149 4.345 4.564 4.809 5.082 5.398 5.733 6.146 9.261 9.228 9.195 9.166 9.138 9.115 9.091 9.075 9.06 9.045 9.035 9.028 9.023 9.022 9.026 9.028 9.036 9.044 9.054 9.071 9.087 9.106 9.134 9.156 9.186 9.217 9.257 6.165 5.757 5.409 5.088 4.813 4.572 4.35 4.149 3.968 3.804 3.653 3.515 3.388 3.271 3.161 3.061 2.966 2.879 2.801 2.722 2.651 2.585 2.521 2.463 2.409 2.357 2.307 2.26 2.212 2.173 2.131 2.094 2.06 2.026 1.993 1.959 1.93 1.903 1.878 1.851 1.826 1.803 1.785 1.765 1.743 1.726 1.704 1.689 1.675 1.66 1.642 1.629 1.617 1.603 1.591 1.583 1.57 1.56 1.551 1.545 1.537 1.527 1.518 1.515 1.506 1.503 1.494 1.492 1.489 1.482 1.482 1.479 1.478 1.476 1.474 1.469 1.472 1.471 1.474 1.475 1.472 1.478 1.477 1.483 1.483 1.488 1.492 1.496 1.501 1.507 1.513 1.517 1.526 1.532 1.541 1.551 1.557 1.566 1.581 1.592 1.602 1.614 1.626 1.639
10.589 0.948 1.11675 1.7 1.713 1.732 1.745 1.767 1.784 1.802 1.828 1.846 1.873 1.898 1.92 1.95 1.973 2.005 2.038 2.069 2.106 2.14 2.178 2.216 2.264 2.307 2.356 2.404 2.458 2.513 2.575 2.636 2.706 2.781 2.855 2.935 3.028 3.123 3.219 3.331 3.451 3.577 3.715 3.866 4.037 4.214 4.42 4.642 4.883 5.16 5.476 5.824 6.233 9.219 9.178 9.147 9.118 9.093 9.071 9.045 9.03 9.015 9 8.99 8.984 8.983 8.977 8.981 8.982 8.992 9.001 9.014 9.024 9.042 9.064 9.088 9.112 9.14 9.176 9.207 6.076 5.665 5.317 5.02 4.75 4.506 4.284 4.089 3.908 3.748 3.596 3.463 3.335 3.222 3.115 3.017 2.925 2.839 2.756 2.683 2.61 2.544 2.485 2.428 2.371 2.321 2.268 2.224 2.181 2.141 2.099 2.064 2.027 1.996 1.964 1.932 1.904 1.875 1.848 1.826 1.8 1.777 1.759 1.734 1.718 1.699 1.679 1.664 1.649 1.631 1.619 1.607 1.594 1.582 1.566 1.558 1.546 1.539 1.53 1.519 1.51 1.505 1.497 1.492 1.487 1.477 1.474 1.472 1.468 1.46 1.459 1.456 1.455 1.452 1.452 1.452 1.448 1.45 1.452 1.452 1.451 1.454 1.458 1.456 1.463 1.463 1.466 1.475 1.476 1.482 1.49 1.494 1.504 1.511 1.518 1.527 1.534 1.543 1.557 1.564 1.576 1.588 1.602 1.616
10.634 1.038 1.11675 1.746 1.765 1.78 1.799 1.815 1.836 1.857 1.879 1.903 1.924 1.953 1.978 2.003 2.031 2.063 2.095 2.129 2.164 2.202 2.244 2.284 2.329 2.375 2.423 2.477 2.529 2.591 2.649 2.718 2.785 2.862 2.94 3.025 3.112 3.214 3.316 3.428 3.549 3.68 3.826 3.982 4.149 4.334 4.547 4.772 5.022 5.303 5.633 6.002 9.163 9.122 9.092 9.059 9.029 8.999 8.978 8.958 8.938 8.924 8.914 8.901 8.898 8.89 8.887 8.892 8.896 8.899 8.907 8.921 8.936 8.952 8.971 8.998 9.021 9.051 9.082 9.119 5.891 5.507 5.164 4.867 4.6 4.367 4.153 3.963 3.793 3.632 3.489 3.357 3.234 3.123 3.021 2.923 2.836 2.752 2.672 2.602 2.532 2.467 2.407 2.353 2.299 2.25 2.2 2.158 2.112 2.071 2.036 2.002 1.968 1.934 1.903 1.872 1.847 1.819 1.793 1.77 1.747 1.725 1.701 1.682 1.662 1.646 1.627 1.611 1.595 1.583 1.569 1.556 1.544 1.529 1.523 1.509 1.499 1.492 1.482 1.474 1.464 1.458 1.449 1.445 1.44 1.436 1.431 1.423 1.423 1.416 1.412 1.413 1.41 1.408 1.408 1.407 1.404 1.405 1.405 1.406 1.406 1.407 1.412 1.414 1.417 1.42 1.424 1.429 1.431 1.437 1.442 1.451 1.454 1.461 1.47 1.478 1.489 1.497 1.505 1.517 1.528 1.539 1.554 1.569
10.678 1.129 1.11675 1.798 1.812 1.833 1.848 1.871 1.89 1.909 1.932 1.955 1.982 2.009 2.033 2.061 2.09 2.123 2.156 2.191 2.227 2.268 2.308 2.352 2.396 2.444 2.492 2.544 2.599 2.663 2.728 2.796 2.867 2.942 3.021 3.107 3.204 3.305 3.412 3.526 3.647 3.787 3.935 4.089 4.272 4.457 4.671 4.906 5.168 5.454 5.786 6.089 9.072 9.032 9 8.967 8.936 8.911 8.887 8.868 8.847 8.834 8.824 8.813 8.805 8.799 8.801 8.798 8.805 8.808 8.82 8.833 8.843 8.865 8.883 8.906 8.931 8.961 8.989 9.024 5.696 5.321 4.999 4.71 4.455 4.23 4.018 3.842 3.671 3.522 3.38 3.253 3.133 3.025 2.922 2.829 2.746 2.662 2.588 2.519 2.453 2.393 2.333 2.276 2.227 2.177 2.132 2.088 2.046 2.008 1.972 1.935 1.904 1.871 1.842 1.812 1.788 1.759 1.737 1.716 1.69 1.67 1.651 1.631 1.612 1.596 1.578 1.562 1.548 1.531 1.52 1.505 1.494 1.484 1.472 1.461 1.451 1.441 1.436 1.424 1.422 1.412 1.404 1.398 1.395 1.387 1.382 1.38 1.375 1.374 1.372 1.367 1.366 1.362 1.361 1.36 1.361 1.363 1.361 1.36 1.363 1.366 1.365 1.369 1.372 1.374 1.381 1.383 1.389 1.395 1.4 1.406 1.411 1.419 1.428 1.434 1.442 1.45 1.46 1.47 1.479 1.493 1.506 1.518
10.7 1.174 1.11675 1.82 1.837 1.855 1.876 1.893 1.915 1.936 1.958 1.981 2.009 2.032 2.059 2.093 2.119 2.154 2.186 2.223 2.256 2.297 2.337 2.384 2.43 2.477 2.529 2.581 2.639 2.699 2.761 2.83 2.904 2.979 3.062 3.15 3.248 3.351 3.46 3.575 3.702 3.837 3.988 4.152 4.325 4.523 4.733 4.974 5.236 5.537 5.872 9.067 9.026 8.987 8.951 8.921 8.89 8.865 8.843 8.822 8.805 8.788 8.778 8.769 8.758 8.757 8.756 8.754 8.758 8.767 8.774 8.787 8.8 8.818 8.839 8.861 8.886 8.915 8.943 5.965 5.608 5.241 4.914 4.629 4.378 4.158 3.957 3.777 3.611 3.464 3.321 3.197 3.08 2.974 2.876 2.784 2.699 2.622 2.549 2.477 2.415 2.355 2.294 2.239 2.19 2.144 2.1 2.053 2.017 1.976 1.938 1.902 1.872 1.843 1.813 1.782 1.759 1.732 1.707 1.687 1.665 1.642 1.621 1.605 1.587 1.568 1.555 1.537 1.524 1.511 1.497 1.484 1.473 1.461 1.45 1.437 1.43 1.418 1.411 1.403 1.395 1.389 1.383 1.377 1.371 1.367 1.363 1.357 1.352 1.35 1.347 1.343 1.344 1.34 1.339 1.339 1.337 1.336 1.337 1.34 1.34 1.34 1.346 1.349 1.349 1.354 1.356 1.363 1.364 1.368 1.375 1.382 1.39 1.396 1.4 1.411 1.416 1.428 1.436 1.446 1.458 1.468 1.478 1.494
10.74 1.256 1.16891 1.822 1.835 1.85 1.868 1.883 1.9 1.922 1.941 1.96 1.981 2.006 2.028 2.053 2.08 2.112 2.14 2.167 2.205 2.237 2.274 2.312 2.35 2.394 2.434 2.483 2.533 2.582 2.637 2.699 2.76 2.827 2.894 2.968 3.047 3.134 3.222 3.318 3.422 3.537 3.65 3.784 3.922 4.069 4.236 4.416 4.619 4.839 5.073 5.349 5.646 5.986 8.98 8.943 8.905 8.868 8.84 8.81 8.782 8.762 8.742 8.721 8.709 8.696 8.685 8.679 8.676 8.673 8.671 8.678 8.681 8.69 8.703 8.716 8.734 8.756 8.776 8.802 8.827 8.86 5.875 5.472 5.116 4.793 4.514 4.27 4.049 3.852 3.678 3.514 3.369 3.234 3.109 2.999 2.894 2.801 2.713 2.627 2.548 2.473 2.409 2.345 2.287 2.231 2.181 2.129 2.085 2.039 1.997 1.957 1.918 1.886 1.852 1.818 1.791 1.761 1.733 1.709 1.683 1.657 1.638 1.614 1.593 1.576 1.556 1.54 1.524 1.507 1.493 1.48 1.464 1.452 1.441 1.427 1.416 1.409 1.398 1.388 1.38 1.372 1.365 1.355 1.35 1.343 1.336 1.329 1.327 1.32 1.319 1.313 1.311 1.306 1.305 1.301 1.3 1.299 1.299 1.299 1.298 1.301 1.3 1.303 1.305 1.303 1.306 1.31 1.312 1.318 1.32 1.323 1.329 1.333 1.34 1.344 1.351 1.361 1.368 1.378 1.386 1.394 1.402 1.415
10.756 1.294 1.22106 1.797 1.813 1.823 1.839 1.852 1.868 1.884 1.904 1.923 1.94 1.959 1.981 2.003 2.029 2.05 2.077 2.105 2.133 2.164 2.192 2.228 2.26 2.296 2.339 2.376 2.42 2.467 2.509 2.562 2.613 2.67 2.728 2.793 2.86 2.926 3.006 3.081 3.169 3.26 3.362 3.46 3.581 3.701 3.831 3.972 4.128 4.297 4.479 4.68 4.908 5.157 5.422 5.736 8.983 8.942 8.899 8.861 8.829 8.796 8.771 8.744 8.721 8.701 8.684 8.667 8.657 8.648 8.64 8.637 8.634 8.636 8.639 8.645 8.656 8.667 8.679 8.698 8.714 8.737 8.763 8.791 8.823 5.782 5.372 5.017 4.713 4.441 4.197 3.982 3.79 3.619 3.462 3.313 3.184 3.067 2.954 2.848 2.754 2.667 2.586 2.51 2.442 2.373 2.31 2.254 2.198 2.147 2.1 2.054 2.011 1.97 1.929 1.895 1.861 1.825 1.796 1.766 1.737 1.71 1.686 1.661 1.636 1.613 1.595 1.572 1.555 1.538 1.518 1.504 1.486 1.475 1.461 1.444 1.434 1.422 1.411 1.399 1.388 1.38 1.368 1.362 1.354 1.344 1.341 1.331 1.327 1.322 1.314 1.31 1.306 1.301 1.296 1.296 1.29 1.289 1.288 1.286 1.285 1.283 1.285 1.281 1.283 1.282 1.287 1.288 1.291 1.29 1.296 1.297 1.301 1.306 1.309 1.314 1.318 1.326 1.333 1.339 1.343 1.35 1.359 1.366
10.77 1.33 1.27322 1.779 1.792 1.803 1.815 1.824 1.842 1.855 1.87 1.884 1.901 1.918 1.939 1.958 1.977 2 2.023 2.044 2.067 2.098 2.125 2.151 2.182 2.212 2.249 2.282 2.321 2.357 2.4 2.445 2.488 2.538 2.585 2.642 2.699 2.754 2.817 2.889 2.961 3.034 3.116 3.202 3.297 3.396 3.502 3.614 3.738 3.868 4.015 4.173 4.346 4.531 4.737 4.964 5.217 5.49 5.806 8.945 8.899 8.86 8.824 8.789 8.76 8.732 8.708 8.683 8.664 8.647 8.633 8.623 8.613 8.606 8.599 8.6 8.599 8.603 8.61 8.62 8.632 8.648 8.661 8.683 8.704 8.733 8.76 8.791 5.679 5.279 4.944 4.644 4.366 4.14 3.925 3.738 3.567 3.408 3.269 3.145 3.021 2.916 2.815 2.722 2.635 2.553 2.481 2.409 2.344 2.284 2.227 2.173 2.12 2.073 2.028 1.985 1.946 1.909 1.872 1.839 1.805 1.776 1.742 1.718 1.691 1.662 1.641 1.62 1.598 1.577 1.555 1.537 1.52 1.503 1.485 1.472 1.457 1.443 1.431 1.418 1.408 1.393 1.385 1.374 1.363 1.357 1.348 1.34 1.333 1.324 1.319 1.312 1.303 1.302 1.295 1.29 1.289 1.285 1.279 1.277 1.276 1.276 1.271 1.273 1.27 1.269 1.271 1.269 1.273 1.274 1.272 1.278 1.28 1.279 1.284 1.287 1.291 1.295 1.298 1.306 1.313 1.317 1.324 1.328
10.788 1.394 1.36066 1.75 1.756 1.764 1.771 1.781 1.792 1.8 1.81 1.822 1.837 1.848 1.861 1.875 1.894 1.909 1.923 1.941 1.964 1.982 2.003 2.023 2.048 2.07 2.097 2.124 2.151 2.18 2.209 2.241 2.274 2.314 2.352 2.392 2.432 2.476 2.523 2.57 2.621 2.677 2.734 2.798 2.859 2.929 3.007 3.08 3.161 3.254 3.348 3.452 3.557 3.671 3.799 3.936 4.088 4.252 4.423 4.614 4.829 5.055 5.316 5.603 5.863 8.87 8.829 8.786 8.753 8.72 8.686 8.662 8.639 8.614 8.597 8.58 8.568 8.553 8.548 8.541 8.537 8.535 8.535 8.541 8.548 8.555 8.567 8.584 8.6 8.62 8.646 8.67 8.696 8.732 5.534 5.154 4.821 4.519 4.268 4.041 3.833 3.652 3.491 3.335 3.202 3.073 2.958 2.852 2.754 2.666 2.585 2.506 2.433 2.36 2.3 2.243 2.184 2.131 2.081 2.034 1.992 1.952 1.909 1.873 1.838 1.805 1.774 1.744 1.713 1.686 1.661 1.636 1.612 1.59 1.568 1.55 1.532 1.514 1.493 1.476 1.461 1.448 1.435 1.42 1.409 1.397 1.382 1.374 1.363 1.351 1.344 1.332 1.326 1.316 1.31 1.303 1.299 1.292 1.286 1.283 1.277 1.272 1.27 1.263 1.259 1.257 1.257 1.253 1.251 1.253 1.253 1.25 1.253 1.254 1.25 1.256 1.256 1.258 1.258 1.263 1.268 1.269 1.274 1.279
10.794 1.423 1.41281 1.74 1.742 1.751 1.757 1.762 1.77 1.78 1.787 1.8 1.807 1.818 1.832 1.842 1.857 1.869 1.887 1.9 1.917 1.935 1.95 1.968 1.989 2.012 2.032 2.055 2.081 2.106 2.131 2.16 2.191 2.221 2.256 2.286 2.326 2.363 2.4 2.442 2.49 2.536 2.585 2.636 2.691 2.75 2.812 2.876 2.949 3.021 3.098 3.18 3.269 3.365 3.466 3.58 3.696 3.828 3.964 4.111 4.271 4.451 4.644 4.858 5.093 5.358 5.65 8.879 8.837 8.795 8.755 8.719 8.69 8.66 8.629 8.609 8.583 8.565 8.55 8.537 8.524 8.515 8.512 8.51 8.505 8.508 8.513 8.521 8.532 8.542 8.556 8.573 8.593 8.619 8.644 8.672 8.705 5.467 5.092 4.761 4.475 4.229 4.004 3.798 3.625 3.458 3.308 3.172 3.05 2.938 2.833 2.738 2.65 2.562 2.483 2.416 2.35 2.282 2.224 2.169 2.118 2.066 2.022 1.979 1.938 1.9 1.86 1.827 1.795 1.763 1.731 1.704 1.678 1.652 1.627 1.602 1.584 1.562 1.54 1.525 1.505 1.484 1.473 1.456 1.442 1.424 1.412 1.398 1.387 1.378 1.365 1.357 1.347 1.336 1.325 1.321 1.313 1.305 1.297 1.29 1.284 1.282 1.277 1.269 1.268 1.26 1.261 1.257 1.255 1.25 1.247 1.246 1.244 1.245 1.246 1.246 1.248 1.248 1.246 1.25 1.25 1.254 1.255 1.258
10.803 1.489 1.46497 1.733 1.74 1.741 1.747 1.753 1.759 1.764 1.775 1.783 1.788 1.801 1.81 1.821 1.831 1.844 1.856 1.867 1.883 1.896 1.914 1.93 1.944 1.967 1.982 2.005 2.027 2.049 2.07 2.095 2.123 2.147 2.176 2.207 2.236 2.272 2.304 2.344 2.38 2.42 2.463 2.508 2.557 2.607 2.656 2.715 2.772 2.833 2.902 2.973 3.05 3.126 3.215 3.304 3.399 3.504 3.617 3.735 3.865 4.002 4.159 4.323 4.505 4.703 4.926 5.157 5.428 5.722 8.807 8.76 8.722 8.683 8.646 8.615 8.587 8.563 8.538 8.513 8.495 8.48 8.466 8.459 8.451 8.446 8.445 8.44 8.444 8.446 8.457 8.468 8.48 8.495 8.511 8.534 8.554 8.583 8.608 8.641 5.374 4.998 4.684 4.409 4.158 3.945 3.74 3.572 3.409 3.263 3.131 3.009 2.899 2.797 2.703 2.616 2.533 2.459 2.388 2.319 2.256 2.202 2.147 2.096 2.045 2 1.956 1.919 1.88 1.841 1.809 1.774 1.745 1.714 1.686 1.663 1.637 1.612 1.591 1.57 1.547 1.527 1.511 1.491 1.472 1.458 1.442 1.429 1.413 1.399 1.39 1.375 1.366 1.354 1.343 1.332 1.326 1.317 1.308 1.3 1.294 1.287 1.28 1.274 1.271 1.262 1.259 1.255 1.255 1.252 1.248 1.245 1.241 1.24 1.236 1.236 1.239 1.238 1.237 1.239 1.236 1.241 1.239 1.244
10.807 1.527 1.46497 1.736 1.744 1.745 1.751 1.757 1.765 1.772 1.776 1.783 1.793 1.803 1.81 1.821 1.833 1.845 1.857 1.873 1.887 1.899 1.918 1.933 1.952 1.969 1.988 2.006 2.03 2.052 2.076 2.101 2.127 2.154 2.181 2.21 2.245 2.276 2.311 2.348 2.387 2.425 2.471 2.512 2.564 2.609 2.665 2.718 2.781 2.842 2.908 2.978 3.054 3.137 3.221 3.308 3.407 3.515 3.625 3.747 3.878 4.016 4.171 4.337 4.513 4.713 4.928 5.17 5.443 5.734 8.763 8.719 8.683 8.645 8.61 8.577 8.549 8.521 8.501 8.478 8.46 8.442 8.431 8.422 8.412 8.409 8.405 8.403 8.406 8.41 8.418 8.426 8.44 8.454 8.475 8.495 8.515 8.544 8.574 8.604 5.341 4.983 4.67 4.393 4.15 3.927 3.732 3.555 3.398 3.255 3.123 3 2.888 2.787 2.696 2.607 2.524 2.448 2.376 2.313 2.248 2.194 2.138 2.086 2.038 1.993 1.952 1.909 1.875 1.836 1.801 1.772 1.742 1.709 1.681 1.656 1.629 1.608 1.584 1.562 1.543 1.522 1.501 1.484 1.468 1.45 1.436 1.422 1.41 1.397 1.385 1.371 1.358 1.35 1.338 1.329 1.319 1.314 1.304 1.299 1.29 1.281 1.276 1.269 1.266 1.261 1.258 1.253 1.248 1.245 1.244 1.241 1.237 1.234 1.235 1.234 1.233 1.233 1.232 1.232 1.237 1.234 1.238 1.241
10.815 1.612 1.46497 1.746 1.753 1.756 1.76 1.765 1.774 1.778 1.788 1.796 1.802 1.815 1.821 1.833 1.845 1.857 1.868 1.882 1.894 1.912 1.926 1.94 1.962 1.979 1.997 2.016 2.039 2.064 2.088 2.113 2.139 2.166 2.192 2.221 2.256 2.286 2.323 2.361 2.396 2.44 2.482 2.527 2.574 2.625 2.676 2.733 2.795 2.857 2.924 2.996 3.071 3.149 3.237 3.326 3.426 3.531 3.64 3.762 3.894 4.035 4.186 4.361 4.538 4.736 4.958 5.203 5.472 8.722 8.676 8.636 8.596 8.556 8.521 8.49 8.464 8.439 8.411 8.393 8.376 8.359 8.349 8.334 8.326 8.324 8.322 8.318 8.324 8.327 8.336 8.347 8.357 8.372 8.388 8.409 8.432 8.459 8.485 8.519 5.318 4.954 4.632 4.363 4.119 3.895 3.711 3.529 3.375 3.231 3.099 2.976 2.871 2.77 2.673 2.587 2.506 2.43 2.361 2.298 2.233 2.18 2.123 2.074 2.028 1.978 1.939 1.899 1.858 1.823 1.791 1.757 1.726 1.697 1.67 1.642 1.621 1.597 1.573 1.551 1.532 1.513 1.493 1.474 1.458 1.444 1.429 1.413 1.401 1.385 1.373 1.361 1.352 1.339 1.329 1.321 1.312 1.302 1.296 1.286 1.28 1.275 1.266 1.263 1.257 1.25 1.25 1.245 1.238 1.237 1.233 1.232 1.23 1.226 1.227 1.226 1.226 1.222 1.226 1.224 1.227 1.227 1.23 1.233
10.82 1.659 1.46497 1.753 1.757 1.761 1.765 1.772 1.777 1.786 1.793 1.801 1.81 1.817 1.825 1.836 1.847 1.862 1.873 1.887 1.899 1.916 1.933 1.949 1.963 1.982 2.005 2.022 2.045 2.066 2.091 2.114 2.14 2.17 2.196 2.23 2.259 2.292 2.33 2.365 2.404 2.444 2.489 2.535 2.581 2.631 2.687 2.742 2.803 2.863 2.929 3.001 3.076 3.159 3.247 3.338 3.433 3.541 3.651 3.771 3.904 4.048 4.202 4.368 4.554 4.754 4.972 5.217 5.488 8.673 8.629 8.583 8.547 8.507 8.476 8.442 8.417 8.387 8.368 8.345 8.327 8.311 8.298 8.291 8.284 8.276 8.272 8.276 8.275 8.278 8.287 8.299 8.308 8.327 8.344 8.362 8.387 8.407 8.44 8.47 5.288 4.931 4.613 4.344 4.097 3.883 3.69 3.523 3.362 3.22 3.086 2.97 2.858 2.758 2.663 2.578 2.498 2.419 2.353 2.286 2.225 2.171 2.114 2.067 2.02 1.975 1.931 1.888 1.851 1.818 1.784 1.751 1.722 1.692 1.662 1.637 1.614 1.591 1.567 1.545 1.524 1.506 1.49 1.47 1.454 1.436 1.421 1.409 1.394 1.379 1.369 1.357 1.346 1.335 1.322 1.316 1.308 1.299 1.291 1.28 1.274 1.268 1.261 1.255 1.252 1.249 1.243 1.238 1.236 1.232 1.229 1.229 1.223 1.223 1.224 1.218 1.218 1.221 1.218 1.219 1.219 1.222 1.223 1.228
10.825 1.709 1.46497 1.758 1.761 1.768 1.769 1.775 1.784 1.787 1.797 1.805 1.814 1.824 1.833 1.845 1.855 1.868 1.879 1.892 1.908 1.922 1.936 1.951 1.97 1.991 2.012 2.03 2.052 2.072 2.098 2.122 2.15 2.177 2.206 2.233 2.267 2.298 2.334 2.375 2.412 2.452 2.497 2.543 2.591 2.642 2.696 2.75 2.81 2.873 2.939 3.014 3.09 3.169 3.253 3.345 3.448 3.551 3.665 3.786 3.917 4.063 4.215 4.38 4.563 4.759 4.985 5.226 5.499 8.625 8.577 8.536 8.495 8.461 8.426 8.395 8.366 8.342 8.314 8.296 8.279 8.262 8.253 8.238 8.234 8.228 8.224 8.224 8.227 8.229 8.237 8.248 8.262 8.277 8.292 8.31 8.335 8.358 8.386 8.42 5.263 4.914 4.598 4.326 4.081 3.873 3.677 3.501 3.343 3.206 3.074 2.955 2.848 2.745 2.656 2.569 2.488 2.415 2.345 2.28 2.216 2.162 2.107 2.054 2.007 1.965 1.922 1.88 1.843 1.809 1.777 1.745 1.712 1.686 1.657 1.629 1.604 1.584 1.558 1.54 1.518 1.5 1.482 1.463 1.448 1.43 1.415 1.401 1.389 1.377 1.365 1.352 1.34 1.331 1.317 1.311 1.299 1.294 1.286 1.279 1.271 1.261 1.259 1.251 1.248 1.242 1.239 1.234 1.228 1.229 1.225 1.22 1.218 1.219 1.218 1.213 1.217 1.215 1.216 1.217 1.216 1.218 1.217 1.219
10.841 1.859 1.46497 1.77 1.778 1.782 1.785 1.793 1.799 1.805 1.814 1.819 1.827 1.84 1.848 1.858 1.87 1.883 1.895 1.911 1.924 1.938 1.955 1.971 1.989 2.006 2.025 2.048 2.072 2.089 2.115 2.143 2.168 2.196 2.224 2.254 2.289 2.321 2.358 2.396 2.431 2.476 2.519 2.565 2.613 2.665 2.718 2.775 2.837 2.899 2.968 3.036 3.115 3.196 3.281 3.375 3.477 3.582 3.696 3.819 3.951 4.094 4.251 4.418 4.607 4.812 5.029 5.27 8.514 8.464 8.423 8.382 8.341 8.305 8.272 8.242 8.214 8.186 8.163 8.147 8.128 8.111 8.1 8.093 8.085 8.078 8.077 8.074 8.075 8.084 8.089 8.097 8.111 8.127 8.144 8.16 8.184 8.209 8.235 8.264 5.207 4.845 4.536 4.274 4.03 3.822 3.629 3.463 3.305 3.161 3.038 2.914 2.81 2.71 2.619 2.534 2.458 2.38 2.312 2.251 2.192 2.131 2.082 2.031 1.985 1.938 1.897 1.86 1.821 1.784 1.755 1.721 1.691 1.663 1.637 1.612 1.587 1.563 1.542 1.52 1.499 1.478 1.461 1.447 1.431 1.413 1.398 1.383 1.372 1.358 1.345 1.332 1.321 1.313 1.301 1.294 1.285 1.276 1.266 1.259 1.255 1.248 1.244 1.237 1.229 1.228 1.221 1.219 1.216 1.21 1.207 1.206 1.202 1.202 1.203 1.199 1.2 1.2 1.2 1.202 1.2 1.2 1.203 1.204
10.851 1.959 1.46497 1.785 1.786 1.794 1.795 1.801 1.807 1.816 1.821 1.833 1.84 1.849 1.86 1.872 1.879 1.893 1.906 1.917 1.933 1.949 1.964 1.984 2.001 2.018 2.039 2.059 2.083 2.106 2.127 2.153 2.178 2.205 2.236 2.266 2.301 2.335 2.372 2.41 2.449 2.489 2.533 2.581 2.629 2.681 2.73 2.793 2.851 2.915 2.986 3.057 3.132 3.218 3.304 3.398 3.495 3.604 3.717 3.839 3.976 4.116 4.275 4.444 4.633 4.839 5.063 5.303 8.412 8.362 8.32 8.278 8.236 8.205 8.17 8.139 8.11 8.085 8.065 8.047 8.028 8.014 8 7.99 7.985 7.978 7.974 7.978 7.978 7.981 7.991 7.999 8.01 8.024 8.043 8.061 8.081 8.108 8.132 8.161 5.157 4.808 4.497 4.237 4 3.79 3.602 3.427 3.273 3.137 3.008 2.893 2.789 2.688 2.597 2.513 2.434 2.361 2.296 2.229 2.169 2.115 2.062 2.014 1.964 1.925 1.884 1.844 1.806 1.771 1.737 1.709 1.676 1.648 1.621 1.597 1.572 1.548 1.527 1.504 1.486 1.47 1.45 1.43 1.417 1.4 1.386 1.373 1.36 1.345 1.334 1.321 1.312 1.301 1.29 1.282 1.273 1.263 1.256 1.252 1.243 1.236 1.229 1.227 1.221 1.217 1.209 1.207 1.205 1.201 1.199 1.193 1.194 1.192 1.191 1.192 1.188 1.189 1.191 1.188 1.191 1.191 1.194 1.193
10.856 2.009 1.46497 1.789 1.794 1.795 1.804 1.809 1.816 1.821 1.828 1.836 1.848 1.853 1.864 1.874 1.885 1.9 1.91 1.924 1.938 1.955 1.971 1.989 2.005 2.023 2.044 2.067 2.088 2.109 2.136 2.162 2.189 2.212 2.243 2.272 2.306 2.339 2.375 2.412 2.454 2.497 2.541 2.587 2.636 2.689 2.739 2.798 2.859 2.923 2.989 3.065 3.14 3.222 3.315 3.404 3.506 3.611 3.729 3.854 3.991 4.129 4.285 4.458 4.643 4.854 5.072 5.308 8.358 8.309 8.263 8.222 8.186 8.153 8.12 8.09 8.063 8.035 8.013 7.993 7.98 7.965 7.95 7.94 7.934 7.928 7.927 7.925 7.93 7.932 7.942 7.95 7.958 7.974 7.994 8.011 8.031 8.058 8.084 8.112 5.124 4.788 4.479 4.213 3.98 3.774 3.585 3.418 3.258 3.122 2.993 2.877 2.777 2.678 2.587 2.504 2.424 2.348 2.283 2.219 2.163 2.106 2.053 2.006 1.961 1.913 1.872 1.834 1.8 1.762 1.732 1.701 1.667 1.644 1.618 1.592 1.564 1.542 1.523 1.498 1.48 1.462 1.444 1.424 1.41 1.397 1.38 1.366 1.351 1.341 1.329 1.316 1.307 1.298 1.288 1.277 1.27 1.261 1.254 1.243 1.237 1.233 1.225 1.221 1.215 1.213 1.206 1.201 1.197 1.194 1.193 1.191 1.187 1.186 1.184 1.184 1.186 1.183 1.186 1.187 1.187 1.186 1.19 1.191
10.861 2.059 1.46497 1.791 1.796 1.801 1.809 1.814 1.818 1.828 1.834 1.844 1.851 1.862 1.87 1.882 1.89 1.906 1.92 1.932 1.947 1.961 1.976 1.995 2.011 2.031 2.053 2.072 2.095 2.114 2.142 2.166 2.19 2.219 2.25 2.281 2.313 2.346 2.385 2.42 2.46 2.503 2.549 2.593 2.641 2.693 2.751 2.806 2.87 2.931 3.002 3.072 3.151 3.233 3.321 3.419 3.512 3.626 3.741 3.862 4 4.141 4.301 4.468 4.659 4.863 5.087 8.353 8.306 8.259 8.211 8.174 8.135 8.102 8.066 8.037 8.008 7.985 7.965 7.944 7.926 7.911 7.902 7.891 7.883 7.878 7.878 7.875 7.877 7.883 7.892 7.901 7.911 7.927 7.942 7.962 7.98 8.007 8.034 8.062 5.073 4.766 4.465 4.197 3.963 3.752 3.569 3.399 3.248 3.113 2.985 2.864 2.762 2.665 2.577 2.49 2.41 2.34 2.272 2.212 2.154 2.096 2.042 1.996 1.948 1.909 1.866 1.828 1.789 1.754 1.725 1.694 1.661 1.635 1.609 1.585 1.559 1.538 1.513 1.495 1.472 1.457 1.435 1.421 1.404 1.389 1.373 1.358 1.345 1.336 1.323 1.312 1.298 1.291 1.281 1.269 1.263 1.254 1.248 1.238 1.234 1.225 1.222 1.215 1.211 1.205 1.201 1.196 1.193 1.19 1.188 1.186 1.185 1.183 1.182 1.177 1.18 1.178 1.177 1.18 1.181 1.179 1.182 1.184
10.872 2.16 1.46497 1.805 1.806 1.814 1.819 1.823 1.831 1.835 1.843 1.85 1.862 1.872 1.88 1.89 1.902 1.916 1.927 1.943 1.955 1.974 1.987 2.006 2.025 2.041 2.064 2.085 2.107 2.13 2.151 2.179 2.202 2.235 2.263 2.292 2.327 2.36 2.398 2.434 2.476 2.519 2.56 2.61 2.659 2.709 2.768 2.82 2.881 2.948 3.017 3.089 3.168 3.254 3.339 3.434 3.536 3.644 3.759 3.885 4.024 4.167 4.325 4.494 4.683 4.888 5.114 8.252 8.202 8.151 8.111 8.073 8.032 7.996 7.963 7.935 7.908 7.886 7.863 7.846 7.828 7.814 7.803 7.793 7.783 7.777 7.778 7.776 7.777 7.781 7.792 7.801 7.812 7.824 7.838 7.858 7.881 7.905 7.933 7.961 4.981 4.725 4.423 4.163 3.924 3.725 3.537 3.371 3.216 3.082 2.96 2.845 2.74 2.642 2.553 2.471 2.392 2.321 2.255 2.19 2.132 2.077 2.028 1.977 1.933 1.891 1.851 1.81 1.776 1.743 1.706 1.676 1.649 1.62 1.596 1.567 1.548 1.522 1.499 1.481 1.462 1.442 1.425 1.41 1.39 1.379 1.36 1.348 1.336 1.324 1.312 1.297 1.289 1.279 1.271 1.261 1.253 1.246 1.237 1.229 1.22 1.218 1.208 1.206 1.202 1.193 1.193 1.189 1.181 1.179 1.177 1.176 1.174 1.171 1.17 1.17 1.167 1.169 1.17 1.167 1.169 1.169 1.171 1.173
10.887 2.31 1.46497 1.818 1.822 1.83 1.832 1.84 1.844 1.853 1.858 1.868 1.879 1.885 1.895 1.906 1.921 1.932 1.945 1.96 1.973 1.987 2.006 2.023 2.039 2.061 2.079 2.101 2.124 2.148 2.171 2.2 2.224 2.255 2.28 2.313 2.345 2.381 2.418 2.456 2.495 2.54 2.585 2.629 2.681 2.733 2.789 2.847 2.912 2.974 3.044 3.12 3.199 3.282 3.367 3.462 3.567 3.675 3.794 3.921 4.055 4.202 4.361 4.539 4.723 4.938 8.144 8.091 8.041 7.997 7.954 7.914 7.877 7.843 7.811 7.787 7.757 7.737 7.71 7.693 7.678 7.663 7.651 7.643 7.634 7.628 7.628 7.628 7.629 7.633 7.638 7.651 7.659 7.674 7.69 7.711 7.731 7.755 7.781 7.808 7.836 4.666 4.37 4.105 3.881 3.674 3.493 3.329 3.177 3.042 2.92 2.803 2.703 2.605 2.516 2.438 2.359 2.291 2.224 2.167 2.105 2.053 2 1.954 1.908 1.863 1.825 1.79 1.754 1.719 1.684 1.657 1.625 1.601 1.571 1.548 1.528 1.505 1.479 1.46 1.443 1.424 1.406 1.388 1.374 1.361 1.343 1.33 1.318 1.303 1.295 1.285 1.274 1.263 1.25 1.244 1.233 1.227 1.22 1.21 1.204 1.201 1.194 1.19 1.184 1.178 1.174 1.17 1.166 1.162 1.163 1.16 1.159 1.156 1.155 1.156 1.152 1.153 1.153 1.152 1.154 1.155 1.158 1.157
10.897 2.41 1.46497 1.83 1.836 1.836 1.842 1.851 1.856 1.861 1.869 1.878 1.89 1.898 1.907 1.92 1.93 1.941 1.957 1.967 1.984 2.001 2.015 2.034 2.052 2.073 2.091 2.114 2.136 2.158 2.184 2.21 2.238 2.264 2.295 2.328 2.362 2.396 2.431 2.47 2.511 2.551 2.6 2.643 2.695 2.748 2.807 2.862 2.926 2.992 3.061 3.135 3.214 3.296 3.385 3.483 3.587 3.699 3.817 3.942 4.083 4.224 4.385 4.564 4.75 4.95 8.037 7.986 7.939 7.893 7.85 7.811 7.777 7.744 7.71 7.685 7.656 7.631 7.611 7.596 7.578 7.564 7.551 7.542 7.533 7.529 7.526 7.53 7.528 7.535 7.543 7.548 7.559 7.575 7.588 7.606 7.63 7.651 7.677 7.703 7.735 4.617 4.328 4.067 3.839 3.64 3.456 3.296 3.148 3.013 2.89 2.782 2.678 2.588 2.497 2.413 2.336 2.271 2.202 2.143 2.088 2.036 1.985 1.935 1.89 1.85 1.808 1.773 1.737 1.704 1.67 1.641 1.614 1.588 1.56 1.534 1.513 1.489 1.468 1.447 1.431 1.409 1.394 1.379 1.364 1.348 1.33 1.32 1.307 1.294 1.283 1.27 1.259 1.252 1.24 1.232 1.226 1.217 1.207 1.203 1.196 1.188 1.183 1.179 1.173 1.17 1.167 1.158 1.157 1.153 1.15 1.149 1.148 1.145 1.145 1.145 1.141 1.141 1.145 1.141 1.144 1.147 1.145 1.148
10.908 2.51 1.46497 1.841 1.844 1.849 1.855 1.86 1.866 1.873 1.88 1.89 1.899 1.907 1.918 1.928 1.944 1.953 1.968 1.981 1.997 2.013 2.029 2.047 2.065 2.085 2.104 2.124 2.147 2.168 2.198 2.222 2.249 2.276 2.31 2.341 2.374 2.409 2.444 2.482 2.524 2.567 2.611 2.659 2.711 2.762 2.82 2.879 2.939 3.01 3.079 3.156 3.229 3.319 3.407 3.504 3.604 3.72 3.834 3.966 4.1 4.248 4.411 4.585 4.777 7.983 7.928 7.88 7.831 7.787 7.747 7.708 7.673 7.64 7.607 7.58 7.553 7.531 7.51 7.495 7.477 7.461 7.453 7.443 7.435 7.431 7.43 7.428 7.428 7.436 7.439 7.451 7.46 7.477 7.488 7.51 7.53 7.551 7.573 7.605 7.631 4.577 4.287 4.039 3.803 3.613 3.431 3.264 3.124 2.989 2.865 2.758 2.656 2.561 2.474 2.394 2.321 2.251 2.184 2.122 2.07 2.015 1.964 1.92 1.874 1.835 1.793 1.757 1.718 1.687 1.654 1.624 1.6 1.572 1.547 1.52 1.497 1.476 1.456 1.437 1.416 1.4 1.384 1.366 1.347 1.335 1.319 1.306 1.292 1.284 1.269 1.258 1.251 1.24 1.23 1.221 1.215 1.207 1.197 1.191 1.186 1.18 1.172 1.17 1.16 1.157 1.153 1.149 1.146 1.142 1.14 1.141 1.139 1.135 1.136 1.131 1.13 1.133 1.131 1.133 1.135 1.133 1.134 1.137
10.913 2.56 1.46497 1.842 1.848 1.855 1.861 1.864 1.872 1.88 1.886 1.894 1.906 1.912 1.925 1.937 1.949 1.961 1.974 1.984 2.001 2.017 2.035 2.052 2.069 2.087 2.11 2.132 2.152 2.176 2.205 2.23 2.257 2.284 2.312 2.345 2.379 2.414 2.45 2.493 2.533 2.575 2.62 2.669 2.718 2.77 2.827 2.885 2.948 3.015 3.087 3.163 3.242 3.326 3.419 3.514 3.617 3.727 3.844 3.974 4.112 4.264 4.422 4.598 4.794 7.931 7.876 7.828 7.78 7.738 7.696 7.659 7.62 7.588 7.56 7.531 7.505 7.485 7.46 7.443 7.428 7.411 7.402 7.391 7.383 7.382 7.38 7.379 7.381 7.386 7.392 7.4 7.412 7.423 7.442 7.458 7.477 7.5 7.526 7.551 7.585 4.56 4.27 4.013 3.795 3.59 3.411 3.249 3.107 2.978 2.851 2.747 2.642 2.55 2.464 2.38 2.31 2.239 2.177 2.115 2.06 2.008 1.955 1.908 1.867 1.825 1.785 1.75 1.714 1.679 1.648 1.62 1.592 1.565 1.539 1.516 1.493 1.471 1.45 1.43 1.41 1.392 1.373 1.361 1.342 1.327 1.315 1.3 1.288 1.278 1.264 1.256 1.243 1.236 1.222 1.217 1.209 1.199 1.19 1.184 1.178 1.175 1.168 1.162 1.156 1.154 1.147 1.144 1.142 1.141 1.135 1.136 1.13 1.13 1.13 1.131 1.129 1.129 1.129 1.13 1.127 1.132 1.129 1.135
10.923 2.661 1.46497 1.857 1.858 1.866 1.871 1.874 1.88 1.887 1.895 1.906 1.912 1.924 1.933 1.945 1.959 1.972 1.983 1.998 2.014 2.027 2.047 2.063 2.082 2.099 2.123 2.144 2.167 2.191 2.215 2.238 2.27 2.297 2.327 2.359 2.395 2.429 2.464 2.503 2.544 2.587 2.634 2.685 2.731 2.785 2.842 2.903 2.964 3.031 3.105 3.178 3.261 3.344 3.434 3.536 3.637 3.745 3.872 3.997 4.134 4.283 4.447 4.628 7.879 7.823 7.77 7.719 7.678 7.632 7.591 7.555 7.518 7.488 7.455 7.429 7.404 7.379 7.361 7.344 7.325 7.312 7.304 7.293 7.285 7.281 7.278 7.278 7.283 7.283 7.292 7.301 7.312 7.322 7.338 7.357 7.379 7.4 7.422 7.45 7.481 4.48 4.236 3.981 3.761 3.561 3.381 3.226 3.076 2.947 2.832 2.72 2.618 2.527 2.441 2.36 2.288 2.22 2.159 2.098 2.042 1.989 1.94 1.89 1.848 1.809 1.766 1.734 1.697 1.666 1.632 1.604 1.574 1.548 1.522 1.5 1.478 1.458 1.435 1.414 1.399 1.378 1.364 1.348 1.33 1.318 1.302 1.292 1.278 1.263 1.255 1.241 1.234 1.224 1.213 1.206 1.199 1.19 1.18 1.174 1.167 1.161 1.159 1.15 1.148 1.145 1.137 1.133 1.13 1.13 1.127 1.125 1.123 1.119 1.117 1.12 1.116 1.118 1.118 1.119 1.12 1.122 1.12 1.123
10.928 2.711 1.46497 1.859 1.864 1.87 1.874 1.88 1.889 1.894 1.9 1.911 1.922 1.93 1.938 1.952 1.965 1.978 1.988 2.003 2.017 2.033 2.049 2.065 2.087 2.106 2.125 2.15 2.171 2.196 2.219 2.248 2.277 2.304 2.331 2.366 2.4 2.438 2.472 2.512 2.551 2.597 2.642 2.693 2.741 2.796 2.852 2.914 2.974 3.04 3.112 3.19 3.272 3.355 3.447 3.542 3.645 3.761 3.88 4.005 4.148 4.301 4.464 4.634 7.821 7.766 7.714 7.669 7.624 7.579 7.538 7.504 7.467 7.437 7.408 7.376 7.354 7.333 7.308 7.294 7.276 7.264 7.252 7.241 7.236 7.23 7.228 7.231 7.23 7.233 7.24 7.251 7.261 7.273 7.29 7.305 7.325 7.348 7.374 7.401 7.427 4.426 4.213 3.957 3.742 3.543 3.366 3.207 3.063 2.935 2.817 2.706 2.609 2.513 2.428 2.352 2.277 2.208 2.145 2.086 2.03 1.977 1.928 1.882 1.84 1.8 1.762 1.724 1.689 1.659 1.629 1.596 1.567 1.544 1.519 1.493 1.471 1.45 1.43 1.41 1.392 1.373 1.356 1.338 1.322 1.312 1.298 1.281 1.271 1.26 1.247 1.239 1.225 1.217 1.206 1.202 1.194 1.184 1.177 1.168 1.162 1.155 1.151 1.144 1.142 1.137 1.133 1.132 1.128 1.122 1.12 1.118 1.115 1.114 1.116 1.115 1.112 1.114 1.112 1.114 1.115 1.117 1.118 1.119
10.949 2.911 1.46497 1.879 1.886 1.892 1.896 1.901 1.91 1.913 1.923 1.931 1.942 1.95 1.963 1.97 1.986 1.999 2.012 2.025 2.043 2.058 2.075 2.092 2.112 2.128 2.152 2.174 2.196 2.219 2.245 2.271 2.298 2.331 2.36 2.394 2.425 2.461 2.498 2.537 2.583 2.626 2.671 2.721 2.773 2.823 2.886 2.945 3.009 3.075 3.144 3.225 3.308 3.392 3.482 3.585 3.69 3.8 3.923 4.051 4.195 4.35 4.509 7.664 7.607 7.556 7.503 7.455 7.413 7.372 7.331 7.297 7.26 7.231 7.201 7.177 7.151 7.129 7.108 7.092 7.076 7.063 7.051 7.044 7.037 7.033 7.031 7.03 7.032 7.034 7.041 7.052 7.06 7.074 7.089 7.106 7.126 7.145 7.172 7.197 7.224 7.256 4.133 3.889 3.672 3.479 3.302 3.144 3.008 2.883 2.766 2.658 2.558 2.467 2.385 2.311 2.233 2.169 2.107 2.049 1.99 1.943 1.891 1.848 1.808 1.765 1.728 1.691 1.658 1.625 1.598 1.564 1.54 1.513 1.489 1.467 1.442 1.421 1.401 1.386 1.367 1.346 1.332 1.317 1.302 1.286 1.272 1.261 1.25 1.238 1.224 1.214 1.204 1.192 1.184 1.178 1.17 1.162 1.156 1.147 1.139 1.138 1.131 1.123 1.119 1.115 1.114 1.107 1.106 1.105 1.102 1.096 1.097 1.094 1.092 1.091 1.09 1.09 1.094 1.094 1.091 1.096 1.098 1.1
10.959 3.011 1.46497 1.893 1.896 1.898 1.904 1.912 1.916 1.927 1.934 1.942 1.953 1.964 1.971 1.982 1.995 2.008 2.021 2.035 2.051 2.07 2.087 2.101 2.123 2.143 2.165 2.186 2.207 2.231 2.257 2.283 2.313 2.341 2.374 2.404 2.439 2.476 2.513 2.556 2.598 2.641 2.687 2.736 2.787 2.842 2.899 2.961 3.025 3.093 3.165 3.243 3.324 3.409 3.502 3.601 3.71 3.821 3.941 4.076 4.214 4.371 7.614 7.556 7.501 7.446 7.396 7.349 7.31 7.265 7.229 7.191 7.16 7.129 7.098 7.072 7.048 7.029 7.011 6.991 6.976 6.962 6.953 6.946 6.94 6.935 6.93 6.933 6.931 6.939 6.942 6.95 6.959 6.973 6.989 7.003 7.022 7.042 7.067 7.096 7.124 7.151 4.102 3.857 3.638 3.45 3.275 3.117 2.983 2.853 2.736 2.631 2.536 2.448 2.365 2.285 2.212 2.148 2.085 2.028 1.974 1.927 1.878 1.833 1.788 1.751 1.71 1.675 1.643 1.613 1.583 1.555 1.527 1.501 1.477 1.454 1.433 1.407 1.388 1.372 1.352 1.338 1.318 1.303 1.287 1.275 1.26 1.249 1.235 1.226 1.213 1.202 1.193 1.185 1.176 1.168 1.158 1.15 1.146 1.137 1.13 1.127 1.119 1.114 1.111 1.104 1.103 1.1 1.093 1.092 1.089 1.086 1.088 1.086 1.084 1.084 1.081 1.083 1.083 1.08 1.085 1.086 1.084 1.089
10.969 3.112 1.46497 1.903 1.904 1.909 1.917 1.923 1.928 1.938 1.943 1.955 1.961 1.971 1.981 1.995 2.006 2.022 2.035 2.049 2.064 2.079 2.094 2.112 2.133 2.151 2.173 2.198 2.218 2.245 2.271 2.296 2.326 2.355 2.386 2.419 2.453 2.49 2.527 2.566 2.612 2.653 2.699 2.749 2.801 2.854 2.913 2.974 3.04 3.109 3.182 3.257 3.341 3.43 3.523 3.618 3.728 3.843 3.963 4.095 4.238 4.346 7.506 7.445 7.394 7.338 7.292 7.245 7.201 7.16 7.123 7.092 7.058 7.026 6.998 6.97 6.95 6.926 6.906 6.893 6.874 6.866 6.855 6.847 6.84 6.832 6.833 6.831 6.834 6.839 6.841 6.851 6.861 6.874 6.888 6.906 6.924 6.945 6.965 6.991 7.021 7.048 4.033 3.818 3.6 3.413 3.248 3.095 2.949 2.826 2.713 2.607 2.512 2.423 2.343 2.262 2.191 2.127 2.069 2.011 1.955 1.907 1.861 1.813 1.774 1.732 1.698 1.66 1.626 1.595 1.567 1.54 1.511 1.486 1.462 1.44 1.416 1.398 1.376 1.358 1.338 1.324 1.306 1.289 1.274 1.261 1.251 1.234 1.226 1.212 1.2 1.192 1.183 1.172 1.166 1.157 1.147 1.139 1.134 1.125 1.123 1.116 1.109 1.105 1.097 1.096 1.092 1.09 1.087 1.08 1.078 1.076 1.075 1.076 1.072 1.07 1.071 1.074 1.073 1.071 1.072 1.075 1.077 1.078
10.98 3.212 1.46497 1.913 1.917 1.923 1.925 1.934 1.941 1.945 1.956 1.963 1.971 1.984 1.994 2.005 2.017 2.029 2.043 2.058 2.076 2.092 2.11 2.124 2.143 2.162 2.184 2.207 2.233 2.254 2.284 2.311 2.339 2.365 2.401 2.431 2.465 2.503 2.541 2.58 2.624 2.667 2.712 2.766 2.816 2.871 2.93 2.994 3.057 3.124 3.197 3.277 3.361 3.444 3.544 3.638 3.746 3.863 3.983 4.12 4.256 7.459 7.396 7.337 7.287 7.236 7.188 7.14 7.096 7.059 7.019 6.984 6.956 6.926 6.897 6.871 6.846 6.826 6.806 6.789 6.774 6.761 6.753 6.746 6.736 6.736 6.734 6.731 6.733 6.736 6.744 6.753 6.762 6.773 6.787 6.803 6.823 6.843 6.864 6.889 6.919 6.946 3.942 3.778 3.568 3.376 3.213 3.06 2.924 2.8 2.685 2.58 2.488 2.4 2.316 2.246 2.173 2.111 2.049 1.992 1.936 1.889 1.84 1.794 1.753 1.715 1.681 1.647 1.611 1.582 1.552 1.522 1.495 1.474 1.445 1.425 1.401 1.381 1.364 1.347 1.326 1.31 1.295 1.276 1.264 1.249 1.238 1.222 1.212 1.203 1.19 1.182 1.171 1.161 1.153 1.143 1.137 1.131 1.122 1.117 1.108 1.104 1.096 1.096 1.088 1.083 1.082 1.077 1.075 1.072 1.071 1.068 1.064 1.065 1.065 1.06 1.062 1.063 1.06 1.061 1.064 1.061 1.063 1.065
10.985 3.262 1.46497 1.918 1.92 1.924 1.934 1.937 1.944 1.951 1.959 1.969 1.976 1.987 1.998 2.013 2.021 2.036 2.048 2.066 2.082 2.096 2.114 2.132 2.148 2.169 2.19 2.213 2.236 2.262 2.29 2.315 2.343 2.373 2.407 2.44 2.475 2.509 2.549 2.588 2.632 2.674 2.723 2.769 2.826 2.883 2.94 2.998 3.068 3.132 3.208 3.286 3.37 3.458 3.548 3.652 3.759 3.872 3.994 4.132 7.461 7.402 7.343 7.283 7.229 7.183 7.131 7.087 7.045 7.009 6.971 6.934 6.904 6.875 6.846 6.82 6.796 6.774 6.758 6.739 6.728 6.712 6.705 6.696 6.688 6.685 6.681 6.682 6.682 6.687 6.693 6.702 6.711 6.723 6.736 6.755 6.774 6.795 6.816 6.842 6.868 6.899 6.929 3.758 3.556 3.364 3.195 3.046 2.913 2.786 2.675 2.57 2.473 2.389 2.308 2.234 2.161 2.098 2.037 1.982 1.93 1.877 1.834 1.788 1.745 1.707 1.67 1.635 1.603 1.571 1.545 1.518 1.487 1.465 1.442 1.416 1.399 1.374 1.356 1.338 1.32 1.302 1.29 1.272 1.258 1.244 1.23 1.221 1.205 1.194 1.183 1.173 1.164 1.156 1.146 1.14 1.129 1.123 1.116 1.11 1.104 1.097 1.094 1.09 1.084 1.078 1.078 1.071 1.067 1.067 1.062 1.061 1.058 1.06 1.056 1.055 1.058 1.056 1.058 1.057 1.055 1.057 1.062 1.06
11 3.412 1.46497 1.931 1.937 1.94 1.946 1.953 1.959 1.966 1.974 1.987 1.993 2.004 2.016 2.029 2.039 2.051 2.064 2.08 2.095 2.114 2.132 2.15 2.169 2.189 2.211 2.233 2.253 2.278 2.306 2.334 2.364 2.391 2.424 2.461 2.494 2.529 2.57 2.61 2.651 2.695 2.744 2.794 2.847 2.905 2.963 3.025 3.089 3.162 3.232 3.314 3.393 3.487 3.579 3.684 3.79 3.901 4.032 7.362 7.297 7.237 7.178 7.122 7.069 7.018 6.975 6.93 6.887 6.848 6.816 6.777 6.747 6.718 6.693 6.67 6.645 6.622 6.607 6.592 6.577 6.563 6.556 6.547 6.54 6.534 6.533 6.532 6.533 6.536 6.546 6.553 6.561 6.572 6.589 6.604 6.619 6.639 6.663 6.688 6.715 6.744 6.775 3.703 3.498 3.316 3.15 3.006 2.866 2.744 2.638 2.533 2.439 2.353 2.275 2.2 2.13 2.065 2.01 1.954 1.901 1.853 1.804 1.76 1.722 1.682 1.647 1.615 1.582 1.549 1.519 1.493 1.469 1.443 1.419 1.397 1.377 1.357 1.335 1.317 1.301 1.283 1.271 1.252 1.241 1.225 1.214 1.201 1.19 1.177 1.167 1.156 1.145 1.141 1.129 1.123 1.115 1.108 1.099 1.096 1.087 1.083 1.076 1.074 1.07 1.065 1.058 1.059 1.056 1.052 1.051 1.049 1.047 1.045 1.044 1.04 1.043 1.042 1.039 1.04 1.044 1.045 1.042 1.048
11.005 3.462 1.46497 1.938 1.941 1.945 1.951 1.957 1.967 1.972 1.982 1.992 1.998 2.007 2.022 2.031 2.042 2.059 2.071 2.084 2.103 2.119 2.133 2.156 2.174 2.195 2.216 2.239 2.261 2.286 2.314 2.338 2.368 2.4 2.429 2.465 2.499 2.535 2.573 2.617 2.66 2.704 2.752 2.804 2.854 2.912 2.971 3.035 3.099 3.167 3.242 3.321 3.405 3.491 3.587 3.689 3.796 3.916 4.044 7.305 7.241 7.179 7.12 7.068 7.015 6.964 6.922 6.877 6.835 6.797 6.761 6.726 6.694 6.667 6.641 6.618 6.593 6.574 6.557 6.538 6.528 6.514 6.502 6.495 6.491 6.487 6.482 6.481 6.486 6.491 6.496 6.501 6.511 6.525 6.535 6.553 6.569 6.592 6.612 6.636 6.663 6.692 6.719 3.684 3.482 3.298 3.135 2.988 2.851 2.735 2.621 2.52 2.428 2.342 2.26 2.191 2.122 2.058 1.998 1.943 1.89 1.839 1.796 1.755 1.714 1.677 1.64 1.606 1.573 1.544 1.515 1.489 1.462 1.434 1.412 1.393 1.372 1.35 1.33 1.314 1.297 1.278 1.264 1.248 1.234 1.221 1.206 1.196 1.183 1.171 1.161 1.152 1.141 1.136 1.124 1.115 1.107 1.1 1.095 1.088 1.082 1.078 1.074 1.065 1.063 1.059 1.057 1.05 1.046 1.047 1.045 1.04 1.038 1.038 1.036 1.035 1.036 1.037 1.036 1.036 1.036 1.04 1.038 1.041
11.014 3.554 1.51713 1.937 1.938 1.943 1.945 1.95 1.954 1.96 1.969 1.974 1.98 1.991 1.997 2.006 2.017 2.027 2.04 2.053 2.065 2.083 2.095 2.11 2.126 2.144 2.162 2.184 2.203 2.224 2.249 2.271 2.294 2.321 2.352 2.38 2.409 2.44 2.473 2.511 2.547 2.586 2.627 2.668 2.715 2.765 2.812 2.865 2.924 2.983 3.047 3.11 3.179 3.253 3.331 3.415 3.505 3.601 3.704 3.816 3.929 7.27 7.206 7.144 7.082 7.026 6.973 6.917 6.872 6.823 6.782 6.741 6.705 6.669 6.634 6.602 6.575 6.55 6.527 6.504 6.483 6.464 6.447 6.437 6.422 6.414 6.403 6.4 6.395 6.392 6.391 6.395 6.398 6.401 6.413 6.422 6.433 6.447 6.459 6.479 6.497 6.518 6.54 6.57 6.598 6.626 3.596 3.459 3.274 3.113 2.962 2.834 2.712 2.599 2.5 2.411 2.324 2.243 2.173 2.102 2.04 1.983 1.929 1.877 1.827 1.782 1.742 1.702 1.661 1.625 1.59 1.561 1.533 1.5 1.476 1.45 1.424 1.404 1.382 1.357 1.337 1.318 1.303 1.284 1.27 1.252 1.236 1.225 1.209 1.196 1.188 1.172 1.164 1.152 1.144 1.132 1.126 1.118 1.106 1.101 1.094 1.086 1.08 1.076 1.071 1.065 1.058 1.052 1.048 1.045 1.044 1.042 1.039 1.036 1.033 1.033 1.03 1.026 1.03 1.027 1.028 1.026 1.025 1.026
11.016 3.595 1.56928 1.932 1.934 1.936 1.938 1.941 1.947 1.951 1.953 1.957 1.964 1.969 1.974 1.982 1.993 2.003 2.009 2.023 2.034 2.046 2.059 2.07 2.084 2.1 2.117 2.131 2.148 2.165 2.188 2.207 2.228 2.25 2.277 2.303 2.326 2.353 2.384 2.412 2.445 2.479 2.516 2.552 2.59 2.632 2.675 2.721 2.769 2.819 2.873 2.929 2.988 3.05 3.122 3.189 3.262 3.34 3.426 3.516 3.615 3.712 3.828 3.94 7.219 7.154 7.092 7.029 6.977 6.918 6.87 6.824 6.777 6.736 6.694 6.659 6.621 6.588 6.562 6.53 6.504 6.483 6.459 6.44 6.421 6.404 6.393 6.382 6.373 6.365 6.355 6.352 6.353 6.353 6.352 6.358 6.364 6.372 6.383 6.393 6.406 6.42 6.44 6.456 6.478 6.504 6.528 6.556 6.587 3.572 3.433 3.258 3.094 2.952 2.818 2.697 2.587 2.487 2.395 2.31 2.233 2.163 2.093 2.032 1.973 1.92 1.87 1.819 1.777 1.735 1.696 1.656 1.618 1.589 1.553 1.525 1.499 1.471 1.444 1.418 1.399 1.375 1.353 1.332 1.316 1.296 1.281 1.265 1.251 1.234 1.218 1.207 1.197 1.182 1.172 1.158 1.149 1.141 1.132 1.123 1.114 1.107 1.098 1.088 1.084 1.076 1.07 1.068 1.063 1.055 1.054 1.046 1.042 1.039 1.036 1.034 1.031 1.028 1.028 1.029 1.024 1.027 1.026 1.023
10.998 3.791 1.72728 1.935 1.931 1.926 1.922 1.92 1.916 1.915 1.916 1.916 1.919 1.915 1.917 1.922 1.926 1.928 1.932 1.939 1.943 1.949 1.956 1.961 1.971 1.977 1.985 1.997 2.008 2.017 2.031 2.044 2.053 2.068 2.084 2.103 2.12 2.136 2.153 2.177 2.195 2.216 2.243 2.264 2.291 2.313 2.346 2.375 2.404 2.439 2.471 2.505 2.545 2.583 2.624 2.672 2.717 2.765 2.815 2.87 2.926 2.984 3.052 3.117 3.187 3.264 3.348 3.432 3.525 3.621 3.721 7.109 7.041 6.971 6.91 6.851 6.792 6.74 6.691 6.643 6.597 6.553 6.511 6.475 6.438 6.406 6.379 6.347 6.32 6.297 6.275 6.254 6.235 6.219 6.206 6.192 6.183 6.173 6.168 6.163 6.157 6.155 6.158 6.161 6.165 6.171 6.178 6.187 6.203 6.213 6.233 6.25 6.267 6.288 6.312 6.339 6.368 6.399 6.43 3.378 3.247 3.091 2.948 2.817 2.699 2.59 2.497 2.404 2.319 2.245 2.174 2.107 2.045 1.984 1.932 1.883 1.835 1.789 1.748 1.708 1.669 1.635 1.602 1.569 1.541 1.512 1.483 1.458 1.436 1.41 1.392 1.368 1.35 1.331 1.315 1.295 1.281 1.264 1.249 1.233 1.221 1.209 1.198 1.187 1.176 1.166 1.153 1.144 1.137 1.127 1.12 1.113 1.109 1.098 1.091 1.09 1.081 1.079 1.072 1.067 1.064 1.062 1.057 1.052
10.983 3.888 1.72728 1.919 1.916 1.909 1.906 1.906 1.904 1.903 1.901 1.902 1.902 1.902 1.906 1.906 1.91 1.916 1.915 1.921 1.927 1.935 1.938 1.948 1.954 1.963 1.969 1.98 1.991 2.004 2.014 2.028 2.041 2.053 2.069 2.085 2.1 2.117 2.138 2.159 2.177 2.2 2.226 2.247 2.273 2.299 2.327 2.357 2.386 2.417 2.453 2.489 2.525 2.562 2.606 2.652 2.694 2.741 2.794 2.849 2.904 2.963 3.025 3.094 3.165 3.239 3.323 3.407 3.499 3.596 3.666 6.997 6.932 6.866 6.803 6.745 6.689 6.634 6.586 6.538 6.496 6.451 6.411 6.375 6.338 6.309 6.277 6.25 6.222 6.199 6.174 6.157 6.139 6.124 6.11 6.098 6.086 6.079 6.071 6.067 6.063 6.061 6.063 6.062 6.066 6.076 6.083 6.092 6.104 6.116 6.136 6.151 6.172 6.193 6.215 6.24 6.266 6.299 6.331 6.363 3.29 3.133 2.986 2.859 2.738 2.629 2.529 2.435 2.353 2.275 2.205 2.137 2.072 2.013 1.96 1.909 1.859 1.814 1.773 1.733 1.693 1.659 1.623 1.593 1.564 1.535 1.505 1.483 1.455 1.433 1.409 1.387 1.37 1.348 1.331 1.315 1.296 1.283 1.267 1.254 1.238 1.227 1.216 1.202 1.19 1.183 1.172 1.161 1.152 1.145 1.134 1.128 1.124 1.113 1.111 1.104 1.096 1.092 1.086 1.084 1.08 1.075 1.071 1.071
10.968 3.987 1.72728 1.904 1.897 1.896 1.893 1.889 1.891 1.889 1.888 1.886 1.885 1.888 1.892 1.893 1.894 1.897 1.9 1.905 1.913 1.916 1.926 1.93 1.937 1.948 1.956 1.963 1.976 1.988 2 2.009 2.023 2.039 2.054 2.069 2.087 2.101 2.121 2.139 2.161 2.181 2.204 2.227 2.254 2.281 2.306 2.339 2.366 2.401 2.432 2.465 2.506 2.545 2.585 2.629 2.673 2.723 2.77 2.825 2.88 2.94 3.005 3.066 3.143 3.213 3.293 3.378 3.469 3.564 6.955 6.884 6.814 6.756 6.691 6.635 6.58 6.526 6.479 6.432 6.385 6.346 6.308 6.27 6.236 6.207 6.172 6.145 6.123 6.094 6.074 6.054 6.036 6.022 6.009 5.994 5.987 5.978 5.971 5.967 5.963 5.962 5.964 5.964 5.97 5.977 5.982 5.991 6.005 6.016 6.034 6.051 6.072 6.089 6.113 6.136 6.166 6.195 6.227 6.258 6.296 3.175 3.027 2.899 2.776 2.665 2.567 2.471 2.387 2.31 2.235 2.164 2.103 2.043 1.987 1.933 1.886 1.841 1.799 1.758 1.715 1.68 1.647 1.613 1.582 1.555 1.528 1.499 1.475 1.451 1.431 1.408 1.389 1.369 1.352 1.331 1.317 1.3 1.285 1.269 1.257 1.246 1.233 1.218 1.206 1.196 1.188 1.178 1.167 1.16 1.151 1.144 1.137 1.132 1.124 1.118 1.114 1.106 1.103 1.099 1.096 1.088 1.087 1.086
10.961 4.037 1.72728 1.896 1.891 1.888 1.887 1.883 1.88 1.878 1.881 1.88 1.88 1.88 1.882 1.886 1.886 1.892 1.893 1.897 1.905 1.909 1.916 1.926 1.929 1.938 1.95 1.959 1.967 1.98 1.992 2.003 2.018 2.032 2.044 2.059 2.076 2.097 2.113 2.131 2.154 2.172 2.197 2.221 2.246 2.273 2.3 2.328 2.358 2.389 2.421 2.46 2.493 2.532 2.575 2.617 2.664 2.708 2.761 2.813 2.869 2.927 2.989 3.054 3.126 3.201 3.281 3.361 3.457 3.526 6.898 6.824 6.758 6.694 6.636 6.578 6.521 6.471 6.424 6.377 6.335 6.295 6.254 6.221 6.185 6.153 6.121 6.095 6.068 6.045 6.027 6.007 5.988 5.974 5.959 5.947 5.935 5.927 5.921 5.917 5.914 5.911 5.914 5.917 5.919 5.927 5.934 5.945 5.954 5.967 5.984 6.002 6.02 6.04 6.064 6.09 6.115 6.142 6.176 6.211 6.245 3.158 3.051 2.917 2.795 2.685 2.583 2.491 2.403 2.321 2.248 2.179 2.117 2.059 2.003 1.95 1.9 1.854 1.81 1.768 1.729 1.694 1.658 1.623 1.596 1.564 1.536 1.512 1.488 1.464 1.437 1.419 1.399 1.38 1.358 1.34 1.323 1.31 1.293 1.282 1.265 1.255 1.241 1.226 1.215 1.208 1.197 1.188 1.177 1.171 1.162 1.155 1.145 1.139 1.131 1.125 1.119 1.114 1.11 1.107 1.104 1.099 1.096 1.094
10.946 4.137 1.72728 1.883 1.879 1.873 1.871 1.868 1.867 1.867 1.863 1.864 1.864 1.867 1.867 1.872 1.874 1.878 1.878 1.885 1.887 1.893 1.901 1.909 1.917 1.925 1.931 1.94 1.954 1.965 1.973 1.986 2 2.016 2.028 2.044 2.059 2.077 2.097 2.116 2.135 2.157 2.178 2.205 2.229 2.256 2.282 2.309 2.338 2.37 2.405 2.44 2.478 2.513 2.556 2.598 2.642 2.689 2.738 2.793 2.849 2.905 2.966 3.034 3.104 3.176 3.256 3.339 3.424 6.852 6.78 6.713 6.647 6.586 6.525 6.471 6.418 6.365 6.319 6.271 6.229 6.185 6.15 6.112 6.081 6.05 6.022 5.996 5.969 5.945 5.924 5.904 5.889 5.874 5.861 5.845 5.837 5.827 5.824 5.817 5.813 5.813 5.816 5.816 5.82 5.828 5.835 5.845 5.857 5.868 5.885 5.899 5.92 5.937 5.96 5.987 6.012 6.043 6.074 6.102 6.139 6.179 3.073 2.958 2.832 2.722 2.619 2.523 2.436 2.352 2.282 2.208 2.143 2.082 2.03 1.975 1.927 1.878 1.836 1.793 1.754 1.715 1.679 1.65 1.616 1.585 1.561 1.531 1.508 1.484 1.461 1.438 1.419 1.398 1.377 1.359 1.342 1.328 1.311 1.297 1.283 1.272 1.259 1.244 1.235 1.223 1.211 1.202 1.195 1.187 1.174 1.17 1.161 1.153 1.147 1.14 1.137 1.129 1.124 1.122 1.116 1.114 1.112 1.108
10.931 4.236 1.72728 1.865 1.86 1.858 1.855 1.852 1.854 1.849 1.85 1.847 1.852 1.851 1.855 1.854 1.858 1.858 1.864 1.868 1.874 1.879 1.885 1.891 1.902 1.91 1.916 1.928 1.935 1.946 1.957 1.972 1.983 1.999 2.011 2.027 2.046 2.059 2.077 2.098 2.116 2.14 2.163 2.183 2.21 2.236 2.262 2.292 2.32 2.351 2.383 2.418 2.455 2.495 2.535 2.578 2.619 2.667 2.716 2.766 2.826 2.883 2.944 3.006 3.076 3.15 3.23 3.312 6.811 6.739 6.663 6.598 6.537 6.474 6.415 6.355 6.306 6.257 6.212 6.164 6.125 6.086 6.046 6.012 5.977 5.946 5.917 5.892 5.869 5.845 5.821 5.805 5.789 5.772 5.761 5.749 5.74 5.728 5.721 5.719 5.716 5.713 5.717 5.719 5.722 5.726 5.736 5.743 5.758 5.769 5.785 5.801 5.818 5.837 5.861 5.884 5.911 5.937 5.969 5.999 6.036 6.071 6.112 2.988 2.875 2.759 2.655 2.558 2.469 2.385 2.31 2.239 2.175 2.113 2.057 2.004 1.953 1.905 1.861 1.82 1.776 1.738 1.703 1.673 1.641 1.611 1.578 1.556 1.526 1.504 1.482 1.459 1.439 1.418 1.399 1.38 1.361 1.346 1.33 1.315 1.302 1.285 1.274 1.265 1.252 1.239 1.228 1.218 1.208 1.201 1.191 1.184 1.176 1.17 1.165 1.16 1.15 1.146 1.141 1.137 1.132 1.13 1.127 1.123
10.923 4.286 1.72728 1.858 1.857 1.849 1.849 1.847 1.843 1.842 1.841 1.84 1.845 1.842 1.845 1.845 1.849 1.854 1.859 1.864 1.864 1.87 1.879 1.883 1.893 1.9 1.91 1.918 1.929 1.938 1.95 1.965 1.978 1.992 2.005 2.022 2.038 2.052 2.071 2.09 2.109 2.131 2.154 2.176 2.199 2.225 2.254 2.282 2.312 2.339 2.376 2.407 2.448 2.482 2.522 2.565 2.609 2.658 2.705 2.756 2.811 2.872 2.934 2.997 3.066 3.138 3.219 3.3 6.756 6.679 6.61 6.541 6.475 6.419 6.357 6.305 6.253 6.204 6.156 6.11 6.069 6.028 5.993 5.96 5.929 5.894 5.866 5.84 5.814 5.796 5.775 5.755 5.74 5.721 5.707 5.7 5.687 5.682 5.675 5.671 5.666 5.665 5.666 5.669 5.671 5.68 5.684 5.694 5.705 5.72 5.732 5.751 5.767 5.786 5.811 5.835 5.858 5.889 5.918 5.949 5.983 6.017 6.058 6.099 2.889 2.777 2.669 2.579 2.487 2.405 2.325 2.257 2.188 2.126 2.069 2.017 1.962 1.917 1.872 1.83 1.787 1.751 1.715 1.681 1.648 1.618 1.59 1.565 1.54 1.513 1.49 1.466 1.447 1.425 1.404 1.388 1.37 1.356 1.34 1.322 1.31 1.298 1.285 1.272 1.257 1.247 1.239 1.226 1.218 1.209 1.203 1.195 1.183 1.176 1.169 1.165 1.159 1.153 1.147 1.142 1.14 1.139 1.132 1.129
10.908 4.386 1.72728 1.842 1.838 1.838 1.835 1.831 1.829 1.825 1.829 1.829 1.825 1.829 1.831 1.834 1.835 1.841 1.842 1.847 1.851 1.855 1.865 1.871 1.877 1.887 1.893 1.903 1.912 1.924 1.934 1.947 1.963 1.973 1.988 2.004 2.019 2.037 2.056 2.075 2.091 2.114 2.136 2.157 2.183 2.209 2.235 2.261 2.294 2.322 2.356 2.39 2.424 2.463 2.504 2.542 2.587 2.635 2.683 2.735 2.791 2.849 2.907 2.974 3.041 3.114 3.192 6.715 6.636 6.559 6.493 6.426 6.365 6.306 6.247 6.195 6.145 6.094 6.047 6.002 5.966 5.925 5.888 5.856 5.824 5.79 5.765 5.737 5.716 5.693 5.671 5.653 5.638 5.624 5.611 5.6 5.588 5.583 5.577 5.571 5.568 5.567 5.565 5.57 5.572 5.577 5.586 5.594 5.609 5.617 5.632 5.648 5.669 5.684 5.708 5.731 5.754 5.784 5.813 5.845 5.877 5.912 5.951 5.993 6.034 2.815 2.705 2.608 2.52 2.434 2.357 2.288 2.22 2.157 2.099 2.043 1.989 1.94 1.898 1.856 1.815 1.772 1.74 1.705 1.672 1.641 1.613 1.586 1.558 1.535 1.511 1.485 1.467 1.443 1.426 1.407 1.389 1.372 1.357 1.344 1.326 1.315 1.303 1.288 1.278 1.264 1.255 1.246 1.234 1.227 1.216 1.209 1.203 1.194 1.188 1.183 1.173 1.172 1.163 1.16 1.157 1.153 1.15 1.146
10.893 4.485 1.72728 1.827 1.826 1.818 1.819 1.814 1.816 1.812 1.812 1.813 1.812 1.812 1.813 1.815 1.818 1.821 1.828 1.831 1.839 1.84 1.85 1.855 1.862 1.868 1.879 1.888 1.895 1.907 1.918 1.931 1.944 1.96 1.973 1.987 2.002 2.021 2.037 2.055 2.076 2.096 2.117 2.142 2.166 2.188 2.216 2.246 2.275 2.305 2.339 2.371 2.407 2.442 2.483 2.522 2.567 2.616 2.664 2.713 2.769 2.825 2.883 2.949 3.018 3.088 3.13 6.593 6.52 6.445 6.375 6.311 6.253 6.191 6.137 6.084 6.032 5.984 5.94 5.897 5.858 5.822 5.782 5.751 5.721 5.69 5.662 5.637 5.616 5.593 5.57 5.553 5.537 5.521 5.508 5.5 5.489 5.48 5.477 5.473 5.468 5.468 5.468 5.471 5.477 5.482 5.487 5.498 5.507 5.517 5.533 5.55 5.567 5.584 5.605 5.628 5.655 5.681 5.711 5.738 5.774 5.808 5.845 5.887 5.929 5.971 2.743 2.645 2.551 2.472 2.39 2.317 2.248 2.186 2.125 2.069 2.02 1.967 1.922 1.88 1.836 1.798 1.759 1.728 1.695 1.661 1.636 1.605 1.58 1.554 1.532 1.506 1.484 1.466 1.444 1.427 1.406 1.389 1.374 1.358 1.346 1.33 1.317 1.306 1.295 1.281 1.269 1.259 1.249 1.242 1.234 1.225 1.219 1.21 1.202 1.196 1.192 1.187 1.182 1.176 1.172 1.167 1.165 1.159
10.87 4.635 1.72728 1.804 1.8 1.797 1.794 1.794 1.79 1.788 1.788 1.788 1.789 1.79 1.791 1.796 1.796 1.8 1.805 1.808 1.811 1.819 1.827 1.831 1.839 1.845 1.857 1.867 1.874 1.885 1.897 1.906 1.922 1.935 1.95 1.963 1.977 1.994 2.012 2.031 2.052 2.072 2.09 2.114 2.139 2.162 2.189 2.219 2.246 2.278 2.306 2.339 2.374 2.414 2.453 2.493 2.536 2.581 2.628 2.678 2.734 2.791 2.847 2.909 2.978 6.573 6.492 6.413 6.343 6.274 6.203 6.14 6.079 6.026 5.97 5.92 5.869 5.825 5.781 5.738 5.696 5.663 5.627 5.594 5.565 5.534 5.508 5.483 5.462 5.441 5.421 5.404 5.389 5.374 5.36 5.347 5.342 5.335 5.329 5.324 5.318 5.321 5.32 5.32 5.326 5.329 5.338 5.346 5.36 5.367 5.383 5.4 5.414 5.435 5.457 5.478 5.501 5.528 5.556 5.588 5.619 5.65 5.687 5.727 5.766 5.813 5.855 2.649 2.603 2.517 2.433 2.364 2.291 2.228 2.168 2.11 2.055 2.004 1.96 1.915 1.873 1.834 1.799 1.76 1.729 1.696 1.664 1.636 1.608 1.586 1.557 1.538 1.517 1.495 1.474 1.453 1.434 1.416 1.403 1.387 1.371 1.359 1.344 1.331 1.318 1.309 1.294 1.284 1.274 1.265 1.255 1.247 1.239 1.235 1.227 1.222 1.213 1.206 1.204 1.198 1.193 1.191 1.188 1.185
10.855 4.734 1.72728 1.791 1.786 1.786 1.778 1.779 1.775 1.777 1.777 1.772 1.774 1.775 1.779 1.78 1.783 1.786 1.789 1.796 1.801 1.803 1.81 1.816 1.825 1.831 1.84 1.851 1.857 1.871 1.879 1.89 1.904 1.917 1.932 1.944 1.964 1.977 1.994 2.013 2.033 2.054 2.076 2.099 2.119 2.147 2.169 2.198 2.225 2.258 2.288 2.323 2.353 2.394 2.433 2.471 2.515 2.56 2.605 2.657 2.708 2.766 2.826 2.887 6.53 6.45 6.372 6.296 6.221 6.153 6.087 6.026 5.965 5.911 5.858 5.809 5.764 5.716 5.672 5.634 5.592 5.559 5.525 5.489 5.46 5.434 5.404 5.382 5.361 5.34 5.32 5.301 5.287 5.273 5.26 5.253 5.24 5.233 5.228 5.222 5.22 5.219 5.22 5.222 5.227 5.231 5.241 5.247 5.255 5.27 5.283 5.297 5.315 5.333 5.355 5.376 5.399 5.423 5.449 5.48 5.512 5.545 5.584 5.62 5.658 5.702 5.746 5.795 5.845 2.552 2.468 2.393 2.321 2.256 2.196 2.135 2.083 2.031 1.986 1.937 1.894 1.855 1.819 1.781 1.749 1.716 1.687 1.66 1.631 1.602 1.579 1.558 1.536 1.51 1.494 1.474 1.456 1.437 1.419 1.402 1.387 1.373 1.363 1.345 1.335 1.323 1.313 1.303 1.292 1.283 1.271 1.266 1.255 1.25 1.24 1.237 1.232 1.223 1.22 1.215 1.21 1.205 1.203 1.199
10.825 4.934 1.72728 1.76 1.758 1.754 1.749 1.75 1.744 1.746 1.745 1.746 1.746 1.745 1.749 1.748 1.753 1.757 1.761 1.765 1.77 1.775 1.781 1.788 1.793 1.802 1.809 1.817 1.828 1.838 1.849 1.862 1.874 1.886 1.898 1.913 1.93 1.946 1.959 1.981 2 2.018 2.04 2.06 2.084 2.107 2.134 2.16 2.188 2.218 2.25 2.283 2.313 2.354 2.388 2.429 2.473 2.517 2.56 2.612 2.661 2.719 6.455 6.365 6.284 6.203 6.128 6.057 5.988 5.922 5.859 5.799 5.744 5.688 5.639 5.588 5.544 5.497 5.457 5.421 5.382 5.348 5.315 5.285 5.255 5.228 5.203 5.176 5.159 5.138 5.121 5.104 5.089 5.076 5.061 5.054 5.044 5.037 5.03 5.025 5.024 5.024 5.025 5.027 5.031 5.035 5.043 5.047 5.059 5.072 5.083 5.096 5.112 5.133 5.153 5.17 5.193 5.219 5.245 5.275 5.305 5.338 5.37 5.406 5.444 5.488 5.528 5.577 5.621 5.671 5.724 2.414 2.378 2.31 2.249 2.19 2.135 2.083 2.034 1.988 1.944 1.904 1.863 1.829 1.793 1.763 1.73 1.7 1.669 1.647 1.619 1.594 1.571 1.552 1.529 1.512 1.492 1.474 1.453 1.44 1.425 1.407 1.394 1.384 1.371 1.355 1.345 1.335 1.324 1.316 1.307 1.295 1.287 1.283 1.273 1.268 1.259 1.256 1.249 1.245 1.241 1.236 1.229 1.23
10.795 5.133 1.72728 1.73 1.728 1.725 1.721 1.719 1.718 1.714 1.716 1.717 1.715 1.714 1.718 1.722 1.72 1.723 1.728 1.733 1.739 1.744 1.751 1.756 1.761 1.771 1.779 1.784 1.794 1.806 1.815 1.826 1.839 1.853 1.867 1.882 1.895 1.913 1.926 1.943 1.962 1.985 2.003 2.025 2.049 2.071 2.095 2.122 2.15 2.182 2.209 2.241 2.276 2.315 2.35 2.386 2.43 2.473 2.521 2.56 6.385 6.291 6.203 6.119 6.036 5.961 5.886 5.815 5.752 5.686 5.63 5.572 5.516 5.466 5.418 5.37 5.324 5.283 5.242 5.206 5.168 5.134 5.104 5.076 5.048 5.02 4.999 4.973 4.953 4.937 4.917 4.901 4.885 4.872 4.862 4.852 4.844 4.837 4.831 4.831 4.827 4.824 4.825 4.825 4.829 4.835 4.84 4.848 4.86 4.87 4.882 4.897 4.911 4.932 4.947 4.968 4.989 5.015 5.039 5.064 5.096 5.124 5.157 5.197 5.233 5.271 5.313 5.355 5.398 5.45 5.498 5.556 5.609 5.671 2.305 2.246 2.189 2.137 2.083 2.038 1.994 1.951 1.91 1.872 1.838 1.806 1.771 1.743 1.715 1.685 1.659 1.634 1.608 1.588 1.569 1.546 1.527 1.509 1.491 1.475 1.459 1.445 1.428 1.415 1.405 1.389 1.379 1.367 1.356 1.345 1.338 1.328 1.318 1.312 1.307 1.296 1.291 1.284 1.279 1.273 1.269 1.264 1.263 1.259
10.772 5.282 1.72728 1.705 1.701 1.699 1.7 1.696 1.695 1.694 1.692 1.692 1.693 1.696 1.695 1.696 1.699 1.701 1.708 1.712 1.716 1.722 1.726 1.733 1.74 1.746 1.753 1.762 1.771 1.782 1.792 1.805 1.814 1.828 1.842 1.858 1.87 1.884 1.904 1.92 1.939 1.956 1.979 1.999 2.023 2.048 2.069 2.094 2.122 2.151 2.183 2.216 2.248 2.282 2.317 2.356 2.4 2.44 6.386 6.285 6.189 6.095 6.014 5.931 5.855 5.777 5.709 5.635 5.577 5.513 5.456 5.399 5.344 5.296 5.249 5.203 5.16 5.12 5.083 5.047 5.009 4.976 4.95 4.921 4.894 4.868 4.843 4.821 4.799 4.784 4.764 4.752 4.737 4.724 4.714 4.705 4.697 4.691 4.684 4.679 4.677 4.677 4.678 4.681 4.684 4.685 4.693 4.702 4.712 4.719 4.731 4.745 4.759 4.778 4.796 4.815 4.835 4.86 4.886 4.913 4.938 4.968 5 5.034 5.07 5.111 5.151 5.189 5.235 5.28 5.33 5.382 5.436 5.497 5.558 5.617 5.686 2.138 2.124 2.075 2.027 1.985 1.944 1.906 1.874 1.837 1.804 1.774 1.745 1.713 1.691 1.663 1.639 1.615 1.593 1.576 1.554 1.535 1.52 1.499 1.484 1.468 1.457 1.443 1.429 1.417 1.404 1.392 1.384 1.371 1.364 1.352 1.344 1.336 1.327 1.319 1.312 1.311 1.302 1.298 1.292 1.288 1.284 1.282
10.757 5.382 1.72728 1.694 1.69 1.686 1.684 1.681 1.678 1.677 1.68 1.678 1.68 1.678 1.68 1.683 1.687 1.688 1.692 1.696 1.699 1.705 1.712 1.716 1.724 1.731 1.737 1.745 1.755 1.766 1.779 1.787 1.799 1.812 1.825 1.838 1.856 1.872 1.887 1.904 1.92 1.941 1.963 1.98 2.005 2.03 2.05 2.076 2.104 2.135 2.161 2.193 2.229 2.259 2.299 2.335 2.35 6.355 6.25 6.154 6.06 5.968 5.884 5.804 5.726 5.658 5.582 5.519 5.457 5.397 5.338 5.286 5.234 5.182 5.137 5.093 5.05 5.013 4.973 4.936 4.903 4.873 4.843 4.815 4.788 4.762 4.742 4.72 4.7 4.681 4.664 4.649 4.634 4.627 4.613 4.605 4.594 4.59 4.585 4.582 4.579 4.576 4.576 4.582 4.582 4.589 4.592 4.599 4.608 4.623 4.631 4.645 4.662 4.675 4.696 4.715 4.734 4.757 4.783 4.808 4.833 4.863 4.896 4.928 4.963 5.002 5.04 5.079 5.124 5.168 5.221 5.269 5.322 5.381 5.435 5.499 5.563 5.633 5.706 2.07 2.051 2.011 1.968 1.933 1.895 1.855 1.826 1.793 1.762 1.737 1.71 1.684 1.657 1.635 1.616 1.595 1.572 1.554 1.535 1.521 1.504 1.485 1.471 1.456 1.447 1.432 1.418 1.41 1.397 1.386 1.379 1.367 1.361 1.353 1.346 1.338 1.329 1.324 1.318 1.313 1.307 1.305 1.299 1.297
10.742 5.481 1.72728 1.676 1.673 1.669 1.668 1.668 1.663 1.665 1.664 1.663 1.662 1.665 1.664 1.665 1.668 1.674 1.677 1.681 1.685 1.69 1.697 1.701 1.709 1.717 1.722 1.73 1.743 1.752 1.763 1.774 1.783 1.797 1.809 1.824 1.836 1.851 1.87 1.888 1.903 1.924 1.944 1.965 1.987 2.01 2.034 2.057 2.085 2.112 2.142 2.173 2.206 2.239 2.279 6.433 6.323 6.214 6.118 6.021 5.927 5.843 5.759 5.682 5.606 5.53 5.463 5.402 5.338 5.281 5.226 5.17 5.12 5.072 5.026 4.985 4.942 4.904 4.864 4.833 4.796 4.765 4.74 4.711 4.687 4.659 4.639 4.619 4.596 4.58 4.562 4.547 4.537 4.523 4.513 4.506 4.496 4.491 4.485 4.482 4.478 4.478 4.481 4.483 4.482 4.488 4.492 4.505 4.509 4.521 4.532 4.544 4.56 4.576 4.593 4.61 4.632 4.654 4.679 4.702 4.73 4.76 4.789 4.819 4.855 4.891 4.931 4.971 5.015 5.058 5.107 5.156 5.21 5.261 5.322 5.382 5.445 5.511 5.58 5.659 5.735 2.002 1.991 1.951 1.916 1.878 1.848 1.817 1.786 1.758 1.731 1.705 1.678 1.657 1.634 1.612 1.591 1.571 1.555 1.539 1.521 1.505 1.489 1.475 1.464 1.449 1.437 1.423 1.416 1.403 1.392 1.382 1.376 1.367 1.362 1.351 1.346 1.337 1.333 1.329 1.322 1.316 1.314 1.314
10.719 5.631 1.72728 1.656 1.65 1.648 1.644 1.645 1.642 1.64 1.642 1.641 1.643 1.643 1.643 1.644 1.645 1.648 1.652 1.658 1.663 1.668 1.672 1.679 1.684 1.692 1.701 1.708 1.719 1.726 1.736 1.747 1.759 1.77 1.784 1.796 1.815 1.829 1.843 1.859 1.877 1.897 1.917 1.936 1.959 1.98 2.007 2.031 2.058 2.084 2.113 2.146 2.152 6.457 6.335 6.223 6.113 6.011 5.915 5.821 5.734 5.646 5.567 5.492 5.419 5.347 5.284 5.224 5.163 5.105 5.053 5.001 4.952 4.903 4.863 4.817 4.779 4.739 4.707 4.673 4.641 4.61 4.58 4.553 4.528 4.507 4.487 4.467 4.445 4.429 4.412 4.397 4.388 4.375 4.364 4.358 4.346 4.341 4.339 4.334 4.334 4.33 4.329 4.332 4.335 4.342 4.348 4.351 4.361 4.371 4.381 4.396 4.409 4.423 4.44 4.457 4.481 4.501 4.52 4.548 4.575 4.6 4.631 4.66 4.697 4.731 4.768 4.804 4.847 4.889 4.938 4.983 5.034 5.091 5.145 5.205 5.267 5.329 5.397 5.469 5.542 5.626 5.706 5.795 1.948 1.911 1.876 1.846 1.818 1.785 1.758 1.734 1.706 1.686 1.664 1.642 1.619 1.601 1.583 1.564 1.549 1.531 1.517 1.502 1.485 1.473 1.46 1.448 1.438 1.426 1.418 1.406 1.401 1.392 1.384 1.377 1.371 1.362 1.358 1.351 1.348 1.339 1.336 1.336
10.704 5.73 1.72728 1.638 1.638 1.635 1.632 1.628 1.626 1.624 1.627 1.624 1.625 1.625 1.627 1.628 1.632 1.637 1.637 1.645 1.648 1.654 1.655 1.662 1.672 1.675 1.684 1.691 1.701 1.709 1.721 1.73 1.744 1.753 1.771 1.782 1.796 1.81 1.829 1.845 1.864 1.881 1.899 1.919 1.943 1.964 1.989 2.013 2.038 2.066 2.081 6.563 6.433 6.31 6.193 6.084 5.974 5.876 5.779 5.688 5.603 5.518 5.441 5.365 5.295 5.227 5.167 5.104 5.043 4.988 4.937 4.888 4.84 4.792 4.75 4.709 4.668 4.632 4.597 4.566 4.532 4.502 4.477 4.45 4.426 4.402 4.381 4.362 4.346 4.327 4.312 4.298 4.286 4.273 4.266 4.257 4.25 4.244 4.24 4.233 4.231 4.234 4.233 4.234 4.236 4.241 4.246 4.253 4.262 4.272 4.282 4.294 4.31 4.321 4.341 4.355 4.378 4.397 4.42 4.443 4.468 4.497 4.525 4.556 4.587 4.621 4.66 4.696 4.738 4.78 4.825 4.869 4.922 4.973 5.028 5.087 5.148 5.207 5.271 5.347 5.42 5.497 5.578 5.659 5.75 5.844 5.945 1.846 1.838 1.805 1.777 1.754 1.729 1.704 1.678 1.657 1.637 1.616 1.601 1.58 1.567 1.547 1.53 1.518 1.503 1.491 1.48 1.466 1.453 1.444 1.432 1.422 1.416 1.409 1.399 1.392 1.386 1.379 1.373 1.368 1.361 1.357 1.352 1.35
10.697 5.78 1.72728 1.633 1.631 1.626 1.625 1.619 1.619 1.619 1.619 1.619 1.617 1.621 1.621 1.623 1.627 1.63 1.632 1.634 1.637 1.646 1.648 1.653 1.664 1.671 1.676 1.684 1.692 1.705 1.716 1.724 1.733 1.75 1.762 1.772 1.79 1.801 1.819 1.838 1.855 1.87 1.893 1.909 1.935 1.958 1.98 2.005 2.029 2.044 6.628 6.49 6.36 6.235 6.12 6.008 5.908 5.802 5.709 5.623 5.534 5.453 5.378 5.301 5.232 5.163 5.105 5.045 4.984 4.928 4.876 4.829 4.779 4.735 4.695 4.653 4.616 4.578 4.546 4.511 4.483 4.45 4.424 4.398 4.374 4.354 4.329 4.313 4.293 4.276 4.261 4.248 4.234 4.222 4.215 4.204 4.197 4.194 4.187 4.184 4.185 4.183 4.184 4.183 4.188 4.192 4.199 4.203 4.212 4.222 4.234 4.243 4.258 4.271 4.29 4.305 4.323 4.346 4.366 4.393 4.416 4.444 4.474 4.504 4.533 4.569 4.606 4.643 4.68 4.722 4.768 4.815 4.861 4.915 4.97 5.022 5.084 5.148 5.211 5.282 5.356 5.43 5.507 5.593 5.681 5.778 5.874 5.976 1.82 1.817 1.789 1.762 1.735 1.714 1.691 1.668 1.645 1.627 1.608 1.59 1.574 1.556 1.542 1.525 1.511 1.499 1.487 1.473 1.465 1.453 1.444 1.433 1.425 1.413 1.406 1.398 1.394 1.384 1.378 1.373 1.372 1.363 1.361 1.356
10.682 5.88 1.72728 1.616 1.614 1.611 1.607 1.607 1.603 1.605 1.601 1.602 1.602 1.605 1.605 1.608 1.611 1.611 1.615 1.622 1.623 1.631 1.634 1.639 1.646 1.652 1.66 1.669 1.676 1.687 1.699 1.708 1.722 1.733 1.745 1.756 1.771 1.789 1.804 1.819 1.834 1.854 1.876 1.895 1.915 1.937 1.961 1.972 6.765 6.61 6.471 6.335 6.208 6.088 5.976 5.867 5.762 5.667 5.578 5.49 5.405 5.324 5.249 5.177 5.107 5.045 4.983 4.922 4.865 4.815 4.761 4.716 4.668 4.621 4.585 4.545 4.505 4.47 4.436 4.407 4.375 4.347 4.321 4.294 4.269 4.251 4.227 4.209 4.193 4.175 4.158 4.149 4.133 4.127 4.115 4.108 4.1 4.094 4.088 4.088 4.082 4.082 4.086 4.088 4.09 4.092 4.095 4.104 4.113 4.122 4.131 4.143 4.155 4.171 4.185 4.204 4.223 4.245 4.267 4.287 4.311 4.338 4.364 4.394 4.426 4.459 4.493 4.534 4.571 4.611 4.656 4.7 4.748 4.8 4.85 4.908 4.966 5.025 5.091 5.158 5.226 5.299 5.381 5.465 5.547 5.641 5.734 5.835 5.941 6.055 1.811 1.766 1.755 1.733 1.709 1.684 1.666 1.643 1.626 1.608 1.588 1.573 1.56 1.543 1.529 1.514 1.501 1.493 1.479 1.469 1.457 1.446 1.441 1.432 1.422 1.413 1.41 1.401 1.395 1.39 1.385 1.379 1.373 1.374
10.667 5.979 1.72728 1.6 1.601 1.596 1.594 1.589 1.589 1.589 1.587 1.589 1.586 1.587 1.593 1.592 1.596 1.595 1.601 1.605 1.61 1.616 1.621 1.626 1.632 1.638 1.646 1.655 1.665 1.671 1.683 1.694 1.702 1.716 1.73 1.743 1.755 1.771 1.785 1.803 1.819 1.839 1.854 1.878 1.899 1.895 6.92 6.755 6.599 6.454 6.317 6.185 6.06 5.943 5.828 5.724 5.626 5.528 5.438 5.354 5.273 5.196 5.123 5.051 4.988 4.925 4.863 4.807 4.75 4.696 4.649 4.598 4.556 4.515 4.471 4.435 4.395 4.364 4.329 4.297 4.268 4.244 4.217 4.193 4.169 4.148 4.129 4.106 4.091 4.076 4.059 4.045 4.034 4.025 4.014 4.009 3.999 3.996 3.991 3.99 3.986 3.985 3.987 3.986 3.988 3.993 3.996 4.007 4.015 4.023 4.034 4.045 4.059 4.069 4.087 4.102 4.121 4.141 4.161 4.184 4.208 4.236 4.258 4.287 4.321 4.353 4.385 4.424 4.46 4.5 4.545 4.584 4.632 4.682 4.733 4.788 4.844 4.903 4.967 5.031 5.1 5.17 5.254 5.329 5.414 5.503 5.596 5.696 5.801 5.91 6.022 6.145 6.275 1.75 1.72 1.706 1.683 1.665 1.644 1.624 1.609 1.591 1.575 1.562 1.547 1.532 1.521 1.506 1.493 1.482 1.477 1.463 1.455 1.445 1.439 1.433 1.423 1.418 1.412 1.404 1.401 1.394 1.393 1.384
10.644 6.129 1.72728 1.581 1.577 1.574 1.569 1.569 1.568 1.567 1.566 1.565 1.565 1.566 1.57 1.568 1.573 1.574 1.576 1.581 1.586 1.592 1.594 1.601 1.609 1.617 1.62 1.631 1.637 1.648 1.66 1.67 1.678 1.69 1.705 1.718 1.732 1.746 1.763 1.777 1.792 1.809 1.806 7.201 7.016 6.833 6.665 6.504 6.349 6.213 6.08 5.952 5.832 5.721 5.615 5.516 5.416 5.322 5.24 5.155 5.074 5.001 4.932 4.865 4.799 4.739 4.68 4.623 4.574 4.522 4.476 4.431 4.386 4.344 4.306 4.27 4.235 4.201 4.167 4.137 4.11 4.082 4.057 4.037 4.014 3.994 3.97 3.953 3.936 3.922 3.911 3.899 3.884 3.875 3.868 3.859 3.85 3.847 3.844 3.836 3.838 3.835 3.836 3.837 3.841 3.846 3.851 3.858 3.864 3.872 3.882 3.892 3.906 3.918 3.933 3.952 3.967 3.986 4.006 4.028 4.051 4.078 4.105 4.129 4.158 4.191 4.222 4.258 4.292 4.335 4.376 4.418 4.46 4.508 4.56 4.611 4.662 4.721 4.783 4.843 4.909 4.984 5.054 5.129 5.215 5.298 5.386 5.484 5.583 5.691 5.803 5.918 6.043 6.17 6.313 6.456 6.616 1.689 1.648 1.652 1.634 1.619 1.6 1.588 1.572 1.559 1.543 1.529 1.521 1.51 1.499 1.489 1.478 1.468 1.461 1.454 1.446 1.44 1.435 1.428 1.422 1.419 1.413 1.411
10.629 6.229 1.72728 1.566 1.563 1.556 1.553 1.553 1.552 1.553 1.552 1.549 1.549 1.55 1.555 1.553 1.555 1.562 1.562 1.567 1.57 1.576 1.579 1.587 1.593 1.599 1.609 1.614 1.623 1.634 1.644 1.65 1.665 1.675 1.685 1.698 1.713 1.727 1.743 1.737 7.664 7.434 7.217 7.019 6.828 6.66 6.493 6.334 6.19 6.051 5.923 5.798 5.681 5.574 5.469 5.37 5.276 5.185 5.104 5.023 4.944 4.874 4.803 4.74 4.679 4.614 4.561 4.507 4.456 4.403 4.36 4.314 4.273 4.233 4.193 4.16 4.123 4.093 4.058 4.034 4.003 3.978 3.956 3.931 3.91 3.891 3.872 3.855 3.838 3.823 3.807 3.798 3.786 3.773 3.768 3.756 3.751 3.748 3.745 3.741 3.74 3.736 3.739 3.739 3.744 3.747 3.751 3.756 3.765 3.772 3.783 3.793 3.802 3.819 3.835 3.846 3.867 3.884 3.905 3.923 3.948 3.972 3.997 4.025 4.053 4.08 4.112 4.146 4.186 4.22 4.26 4.302 4.346 4.391 4.438 4.49 4.546 4.6 4.658 4.722 4.784 4.853 4.925 4.999 5.076 5.163 5.251 5.342 5.438 5.54 5.65 5.767 5.884 6.012 6.146 6.289 6.441 6.605 6.781 6.959 7.159 1.611 1.617 1.603 1.59 1.576 1.562 1.549 1.539 1.525 1.512 1.503 1.494 1.485 1.477 1.47 1.461 1.457 1.448 1.445 1.439 1.435 1.429 1.427
10.621 6.278 1.72728 1.556 1.553 1.548 1.546 1.548 1.544 1.545 1.542 1.541 1.543 1.546 1.545 1.547 1.55 1.551 1.553 1.557 1.562 1.569 1.575 1.577 1.585 1.593 1.602 1.606 1.614 1.625 1.634 1.642 1.655 1.669 1.681 1.691 1.704 1.719 1.713 7.804 7.561 7.333 7.122 6.925 6.74 6.569 6.403 6.252 6.107 5.976 5.848 5.726 5.609 5.499 5.395 5.299 5.206 5.117 5.034 4.957 4.882 4.812 4.742 4.675 4.616 4.555 4.498 4.446 4.394 4.346 4.3 4.257 4.215 4.175 4.14 4.102 4.069 4.036 4.007 3.977 3.953 3.926 3.903 3.88 3.86 3.84 3.817 3.804 3.786 3.773 3.757 3.744 3.734 3.725 3.718 3.707 3.701 3.695 3.692 3.689 3.69 3.686 3.691 3.69 3.691 3.695 3.7 3.706 3.712 3.723 3.734 3.743 3.757 3.768 3.78 3.799 3.813 3.831 3.85 3.875 3.897 3.917 3.941 3.971 3.998 4.028 4.062 4.094 4.129 4.165 4.204 4.245 4.289 4.335 4.379 4.43 4.485 4.537 4.598 4.657 4.722 4.791 4.86 4.933 5.012 5.095 5.181 5.274 5.363 5.469 5.572 5.685 5.807 5.932 6.065 6.21 6.359 6.517 6.691 6.869 7.064 7.273 1.626 1.59 1.598 1.585 1.57 1.559 1.545 1.531 1.523 1.511 1.504 1.496 1.485 1.479 1.469 1.465 1.456 1.453 1.448 1.441 1.436 1.431
10.599 6.428 1.72728 1.532 1.531 1.527 1.528 1.526 1.524 1.52 1.519 1.52 1.52 1.524 1.523 1.527 1.528 1.528 1.534 1.534 1.542 1.548 1.548 1.557 1.56 1.568 1.575 1.585 1.591 1.602 1.611 1.621 1.632 1.64 8.981 8.634 8.307 8.018 7.74 7.489 7.259 7.042 6.834 6.647 6.466 6.304 6.152 6.003 5.858 5.733 5.608 5.492 5.383 5.277 5.18 5.088 4.997 4.912 4.829 4.756 4.683 4.617 4.553 4.485 4.431 4.374 4.318 4.27 4.219 4.173 4.131 4.088 4.047 4.008 3.973 3.937 3.904 3.873 3.848 3.818 3.792 3.766 3.745 3.721 3.702 3.685 3.664 3.648 3.633 3.619 3.604 3.593 3.584 3.575 3.569 3.562 3.556 3.55 3.543 3.544 3.542 3.538 3.539 3.542 3.542 3.547 3.554 3.56 3.567 3.571 3.584 3.594 3.603 3.618 3.63 3.646 3.662 3.678 3.695 3.716 3.737 3.762 3.784 3.808 3.838 3.865 3.898 3.929 3.965 3.997 4.037 4.073 4.118 4.157 4.204 4.253 4.306 4.356 4.414 4.469 4.529 4.595 4.665 4.736 4.808 4.89 4.972 5.058 5.155 5.246 5.351 5.458 5.575 5.691 5.82 5.959 6.098 6.256 6.42 6.593 6.779 6.977 7.186 7.426 7.665 7.93 8.219 1.579 1.546 1.557 1.547 1.538 1.527 1.518 1.509 1.503 1.494 1.488 1.478 1.474 1.469 1.465 1.458 1.455
10.591 6.478 1.72728 1.528 1.523 1.52 1.519 1.516 1.516 1.515 1.512 1.512 1.512 1.515 1.517 1.516 1.519 1.524 1.525 1.531 1.532 1.539 1.543 1.55 1.553 1.563 1.57 1.574 1.586 1.594 1.602 1.611 1.603 9.221 8.857 8.506 8.196 7.907 7.633 7.391 7.156 6.941 6.742 6.553 6.381 6.213 6.059 5.919 5.779 5.652 5.531 5.414 5.307 5.201 5.106 5.014 4.925 4.847 4.765 4.691 4.618 4.55 4.484 4.424 4.367 4.311 4.258 4.208 4.158 4.116 4.07 4.03 3.989 3.951 3.919 3.882 3.85 3.821 3.793 3.763 3.738 3.717 3.694 3.671 3.65 3.63 3.612 3.597 3.585 3.567 3.556 3.544 3.534 3.525 3.516 3.509 3.506 3.498 3.497 3.491 3.491 3.49 3.489 3.49 3.494 3.5 3.505 3.506 3.516 3.521 3.533 3.541 3.556 3.564 3.58 3.591 3.611 3.629 3.644 3.667 3.687 3.71 3.733 3.757 3.782 3.812 3.843 3.876 3.907 3.942 3.979 4.018 4.059 4.101 4.146 4.195 4.244 4.296 4.351 4.407 4.467 4.531 4.6 4.669 4.745 4.819 4.901 4.988 5.079 5.175 5.275 5.387 5.497 5.617 5.746 5.876 6.016 6.168 6.33 6.501 6.685 6.879 7.092 7.319 7.565 7.82 8.114 8.409 8.751 1.563 1.535 1.544 1.534 1.523 1.518 1.509 1.502 1.494 1.486 1.479 1.474 1.469 1.465 1.464
10.568 6.627 1.72728 1.504 1.503 1.5 1.497 1.495 1.494 1.49 1.492 1.493 1.492 1.493 1.494 1.492 1.497 1.499 1.503 1.508 1.512 1.515 1.519 1.528 1.53 1.54 1.544 1.53 11.269 10.661 10.143 9.659 9.232 8.84 8.467 8.142 7.849 7.566 7.313 7.071 6.851 6.646 6.456 6.28 6.112 5.953 5.805 5.661 5.533 5.415 5.295 5.184 5.078 4.98 4.891 4.804 4.715 4.639 4.561 4.488 4.422 4.357 4.298 4.236 4.181 4.127 4.075 4.031 3.983 3.94 3.898 3.857 3.819 3.784 3.75 3.721 3.686 3.658 3.632 3.605 3.581 3.559 3.534 3.516 3.494 3.478 3.461 3.445 3.431 3.42 3.406 3.393 3.384 3.377 3.365 3.359 3.355 3.349 3.346 3.343 3.341 3.341 3.343 3.343 3.348 3.349 3.354 3.358 3.367 3.375 3.38 3.391 3.404 3.413 3.428 3.439 3.456 3.471 3.492 3.51 3.529 3.55 3.573 3.598 3.625 3.648 3.68 3.71 3.742 3.776 3.811 3.847 3.885 3.925 3.972 4.015 4.062 4.112 4.165 4.22 4.278 4.337 4.402 4.472 4.542 4.616 4.692 4.779 4.866 4.953 5.05 5.156 5.26 5.375 5.498 5.626 5.763 5.905 6.059 6.227 6.404 6.59 6.794 7.01 7.236 7.491 7.769 8.059 8.38 8.731 9.105 9.531 9.995 10.521 11.095 1.534 1.504 1.516 1.508 1.506 1.5 1.494 1.489 1.486
10.553 6.727 1.72728 1.487 1.485 1.481 1.482 1.477 1.479 1.477 1.475 1.476 1.477 1.477 1.48 1.478 1.481 1.483 1.486 1.493 1.494 1.502 1.502 1.509 14.123 13.139 12.306 11.595 10.924 10.348 9.835 9.38 8.948 8.58 8.23 7.901 7.611 7.344 7.095 6.861 6.647 6.449 6.266 6.089 5.925 5.774 5.635 5.501 5.367 5.254 5.14 5.033 4.928 4.832 4.746 4.663 4.581 4.502 4.429 4.357 4.293 4.227 4.17 4.114 4.059 4.006 3.958 3.911 3.866 3.821 3.78 3.744 3.706 3.675 3.637 3.608 3.577 3.548 3.523 3.501 3.472 3.454 3.431 3.408 3.391 3.373 3.357 3.341 3.33 3.316 3.303 3.294 3.282 3.275 3.266 3.26 3.257 3.252 3.247 3.247 3.243 3.245 3.242 3.246 3.245 3.248 3.252 3.26 3.268 3.272 3.279 3.292 3.303 3.313 3.328 3.338 3.353 3.369 3.388 3.403 3.424 3.446 3.468 3.491 3.516 3.545 3.569 3.601 3.63 3.661 3.7 3.732 3.77 3.812 3.85 3.894 3.94 3.99 4.044 4.094 4.15 4.212 4.275 4.337 4.407 4.478 4.556 4.635 4.722 4.811 4.902 5.002 5.107 5.218 5.331 5.457 5.594 5.728 5.881 6.041 6.208 6.396 6.593 6.799 7.031 7.265 7.538 7.819 8.135 8.468 8.837 9.242 9.697 10.197 10.749 11.386 12.075 12.883 1.525 1.521 1.513 1.51 1.502 1.5
10.546 6.776 1.72728 1.484 1.48 1.473 1.474 1.473 1.468 1.47 1.466 1.468 1.47 1.468 1.472 1.472 1.474 1.479 1.48 1.482 1.486 1.49 1.479 15.019 13.917 12.935 12.135 11.418 10.774 10.197 9.695 9.232 8.821 8.444 8.097 7.787 7.5 7.228 6.989 6.76 6.547 6.35 6.173 5.999 5.842 5.69 5.547 5.417 5.291 5.172 5.059 4.955 4.855 4.761 4.67 4.59 4.509 4.432 4.358 4.293 4.226 4.166 4.107 4.047 3.997 3.943 3.897 3.85 3.807 3.766 3.725 3.69 3.649 3.615 3.582 3.554 3.523 3.495 3.47 3.443 3.42 3.401 3.379 3.357 3.342 3.322 3.306 3.293 3.279 3.268 3.252 3.242 3.233 3.226 3.216 3.213 3.204 3.202 3.198 3.195 3.193 3.191 3.196 3.195 3.198 3.202 3.207 3.208 3.217 3.223 3.23 3.242 3.251 3.264 3.274 3.29 3.304 3.318 3.334 3.356 3.37 3.392 3.414 3.439 3.461 3.49 3.515 3.543 3.577 3.606 3.643 3.674 3.714 3.753 3.794 3.839 3.88 3.928 3.981 4.033 4.092 4.146 4.205 4.272 4.338 4.412 4.484 4.562 4.646 4.735 4.828 4.923 5.026 5.137 5.254 5.377 5.51 5.648 5.796 5.948 6.118 6.298 6.494 6.697 6.923 7.159 7.421 7.693 8.009 8.336 8.702 9.102 9.546 10.052 10.583 11.212 11.909 12.702 12.869 12.817 1.52 1.515 1.513 1.507
10.516 6.976 1.72728 1.451 1.447 1.444 1.442 1.443 1.44 1.439 1.438 1.437 1.441 1.44 1.419 29.563 29.608 27.228 23.578 20.752 18.558 16.787 15.302 14.077 13.043 12.156 11.384 10.702 10.106 9.56 9.085 8.654 8.264 7.916 7.598 7.308 7.035 6.786 6.553 6.339 6.141 5.958 5.786 5.627 5.478 5.339 5.201 5.078 4.964 4.851 4.747 4.65 4.553 4.467 4.384 4.301 4.233 4.158 4.091 4.027 3.964 3.909 3.851 3.797 3.75 3.701 3.654 3.61 3.571 3.534 3.492 3.458 3.423 3.392 3.364 3.335 3.304 3.278 3.255 3.233 3.211 3.191 3.17 3.149 3.132 3.118 3.105 3.088 3.076 3.062 3.051 3.043 3.036 3.025 3.019 3.014 3.009 3.002 2.998 2.996 2.999 2.997 2.994 2.999 2.998 3.002 3.007 3.012 3.018 3.023 3.032 3.038 3.051 3.063 3.071 3.087 3.099 3.115 3.131 3.145 3.162 3.182 3.205 3.226 3.247 3.27 3.296 3.326 3.355 3.383 3.416 3.447 3.485 3.518 3.561 3.602 3.64 3.69 3.734 3.784 3.833 3.89 3.945 4.007 4.068 4.136 4.208 4.282 4.362 4.443 4.529 4.62 4.715 4.822 4.926 5.044 5.166 5.293 5.436 5.579 5.737 5.912 6.085 6.281 6.489 6.714 6.953 7.222 7.512 7.823 8.171 8.535 8.954 9.412 9.931 10.513 11.176 11.906 12.779 12.85 12.8 12.76 12.719 12.682
10.508 7.025 1.72728 1.443 1.442 1.438 1.434 1.432 1.431 1.429 1.432 1.428 1.411 29.494 29.523 29.556 29.6 26.703 23.119 20.433 18.27 16.488 15.063 13.857 12.825 11.96 11.177 10.522 9.936 9.41 8.934 8.52 8.143 7.783 7.476 7.182 6.914 6.676 6.448 6.23 6.04 5.865 5.692 5.536 5.383 5.249 5.116 4.994 4.88 4.77 4.665 4.575 4.478 4.396 4.311 4.231 4.16 4.092 4.021 3.957 3.9 3.84 3.786 3.734 3.684 3.641 3.597 3.551 3.509 3.475 3.435 3.401 3.369 3.337 3.309 3.277 3.25 3.223 3.199 3.178 3.155 3.139 3.116 3.098 3.083 3.067 3.049 3.038 3.025 3.013 3.003 2.991 2.986 2.978 2.967 2.965 2.956 2.954 2.95 2.948 2.945 2.947 2.947 2.948 2.949 2.953 2.956 2.959 2.969 2.973 2.983 2.991 2.998 3.011 3.019 3.036 3.045 3.062 3.077 3.092 3.113 3.13 3.15 3.171 3.193 3.217 3.246 3.273 3.298 3.329 3.36 3.391 3.426 3.462 3.5 3.539 3.585 3.626 3.675 3.723 3.769 3.824 3.884 3.942 4.003 4.071 4.14 4.212 4.289 4.37 4.455 4.545 4.641 4.74 4.843 4.958 5.084 5.21 5.341 5.492 5.642 5.807 5.989 6.176 6.38 6.606 6.841 7.102 7.384 7.692 8.023 8.406 8.82 9.275 9.778 10.347 10.984 11.708 12.571 12.857 12.81 12.766 12.726 12.693
10.493 7.125 1.72728 1.43 1.423 1.425 1.421 1.421 1.398 1.829 4.693 29.457 29.465 29.482 29.505 29.538 29.582 25.817 22.365 19.687 17.611 15.951 14.538 13.383 12.406 11.538 10.819 10.177 9.592 9.102 8.643 8.225 7.869 7.531 7.219 6.938 6.687 6.45 6.229 6.028 5.835 5.667 5.496 5.347 5.203 5.071 4.943 4.829 4.715 4.61 4.514 4.42 4.332 4.247 4.165 4.093 4.023 3.953 3.886 3.824 3.77 3.715 3.662 3.609 3.564 3.52 3.476 3.432 3.393 3.356 3.322 3.29 3.254 3.225 3.195 3.168 3.141 3.116 3.094 3.071 3.048 3.032 3.013 2.994 2.98 2.964 2.95 2.937 2.922 2.913 2.902 2.891 2.882 2.876 2.869 2.862 2.859 2.855 2.854 2.847 2.85 2.847 2.847 2.849 2.85 2.855 2.858 2.865 2.866 2.874 2.883 2.89 2.901 2.91 2.918 2.93 2.947 2.956 2.975 2.991 3.006 3.024 3.045 3.063 3.088 3.111 3.135 3.159 3.187 3.214 3.244 3.276 3.312 3.344 3.38 3.42 3.462 3.507 3.546 3.594 3.646 3.698 3.753 3.808 3.871 3.934 4.001 4.072 4.145 4.221 4.303 4.39 4.485 4.582 4.685 4.794 4.909 5.032 5.164 5.301 5.453 5.613 5.785 5.969 6.166 6.382 6.614 6.858 7.139 7.432 7.76 8.121 8.51 8.965 9.449 10.004 10.608 11.335 12.14 12.874 12.824 12.78 12.743 12.705
10.478 7.225 1.72728 1.412 1.392 1.538 1.863 2.368 3.297 5.321 15.402 29.442 29.447 29.463 29.491 29.526 29.569 24.971 21.643 18.99 17.015 15.367 14.055 12.923 11.96 11.152 10.435 9.824 9.271 8.778 8.349 7.943 7.59 7.266 6.976 6.705 6.457 6.227 6.01 5.818 5.632 5.467 5.31 5.159 5.027 4.897 4.772 4.658 4.552 4.454 4.355 4.264 4.181 4.101 4.021 3.951 3.879 3.814 3.752 3.693 3.637 3.581 3.533 3.486 3.44 3.396 3.355 3.317 3.275 3.239 3.205 3.174 3.145 3.112 3.084 3.058 3.032 3.01 2.987 2.965 2.943 2.928 2.909 2.891 2.874 2.861 2.846 2.834 2.821 2.81 2.8 2.792 2.784 2.774 2.772 2.762 2.76 2.754 2.754 2.749 2.75 2.747 2.749 2.752 2.751 2.755 2.76 2.763 2.77 2.775 2.78 2.788 2.796 2.81 2.819 2.831 2.841 2.856 2.871 2.887 2.905 2.918 2.942 2.958 2.982 3 3.025 3.052 3.075 3.104 3.132 3.162 3.197 3.232 3.267 3.302 3.342 3.384 3.426 3.472 3.517 3.568 3.619 3.678 3.734 3.798 3.862 3.931 3.999 4.075 4.153 4.239 4.329 4.42 4.523 4.628 4.741 4.861 4.984 5.122 5.266 5.421 5.586 5.764 5.952 6.164 6.385 6.625 6.893 7.183 7.486 7.837 8.213 8.646 9.124 9.638 10.254 10.925 11.73 12.635 12.84 12.794 12.758 12.723
10.455 7.374 1.72728 2.257 2.594 3.051 3.704 4.722 6.528 10.419 26.3 29.418 29.428 29.445 29.468 29.503 27.96 23.642 20.475 18.011 16.102 14.547 13.302 12.228 11.313 10.56 9.868 9.292 8.77 8.3 7.884 7.522 7.178 6.873 6.595 6.336 6.105 5.891 5.69 5.506 5.33 5.174 5.025 4.882 4.752 4.631 4.513 4.408 4.306 4.212 4.12 4.037 3.954 3.876 3.804 3.737 3.673 3.611 3.551 3.496 3.439 3.393 3.345 3.295 3.251 3.214 3.174 3.137 3.101 3.066 3.031 3.003 2.975 2.946 2.919 2.892 2.871 2.847 2.827 2.806 2.784 2.767 2.752 2.736 2.718 2.704 2.692 2.68 2.668 2.658 2.652 2.642 2.631 2.627 2.622 2.615 2.611 2.607 2.604 2.605 2.599 2.602 2.6 2.599 2.603 2.606 2.608 2.615 2.62 2.625 2.633 2.638 2.648 2.657 2.665 2.68 2.691 2.704 2.716 2.73 2.747 2.764 2.781 2.799 2.819 2.841 2.865 2.886 2.912 2.938 2.965 2.992 3.022 3.057 3.089 3.123 3.163 3.202 3.239 3.281 3.328 3.375 3.427 3.478 3.532 3.589 3.654 3.716 3.784 3.854 3.929 4.009 4.093 4.186 4.275 4.377 4.483 4.593 4.713 4.844 4.982 5.127 5.283 5.45 5.631 5.828 6.037 6.263 6.522 6.786 7.091 7.408 7.778 8.174 8.616 9.138 9.702 10.355 11.08 11.93 12.86 12.819 12.779 12.746
10.44 7.474 1.72728 3.014 3.451 4.066 4.947 6.324 8.693 15.268 29.405 29.405 29.413 29.43 29.452 29.485 26.964 22.786 19.693 17.297 15.503 14.024 12.776 11.779 10.906 10.151 9.489 8.93 8.441 7.99 7.595 7.228 6.904 6.616 6.343 6.102 5.872 5.66 5.47 5.292 5.13 4.974 4.831 4.697 4.57 4.458 4.343 4.237 4.142 4.047 3.962 3.883 3.805 3.732 3.662 3.594 3.533 3.473 3.414 3.362 3.31 3.263 3.215 3.173 3.13 3.089 3.053 3.016 2.98 2.95 2.919 2.888 2.859 2.833 2.806 2.784 2.761 2.736 2.72 2.7 2.678 2.661 2.647 2.63 2.615 2.6 2.591 2.579 2.566 2.556 2.55 2.541 2.532 2.527 2.523 2.515 2.513 2.507 2.505 2.505 2.5 2.502 2.499 2.503 2.503 2.505 2.509 2.516 2.517 2.527 2.532 2.538 2.545 2.557 2.565 2.575 2.589 2.599 2.612 2.625 2.641 2.659 2.674 2.695 2.712 2.734 2.754 2.775 2.798 2.827 2.849 2.879 2.909 2.938 2.971 3.004 3.041 3.078 3.115 3.161 3.204 3.246 3.296 3.345 3.401 3.453 3.514 3.572 3.639 3.71 3.782 3.858 3.936 4.026 4.112 4.215 4.313 4.419 4.537 4.662 4.793 4.931 5.084 5.242 5.418 5.608 5.81 6.025 6.267 6.534 6.821 7.13 7.476 7.866 8.303 8.771 9.335 9.942 10.653 11.471 12.458 12.832 12.796 12.759
10.427 7.564 1.67513 6.147 7.841 10.779 18.21 29.392 29.392 29.4 29.416 29.443 29.479 25.814 21.754 18.779 16.597 14.827 13.403 12.268 11.285 10.47 9.745 9.127 8.589 8.1 7.686 7.305 6.958 6.645 6.358 6.099 5.869 5.648 5.449 5.264 5.097 4.937 4.788 4.647 4.52 4.402 4.289 4.18 4.082 3.985 3.902 3.817 3.739 3.66 3.589 3.523 3.463 3.401 3.345 3.29 3.238 3.19 3.143 3.097 3.056 3.015 2.978 2.94 2.905 2.875 2.84 2.813 2.784 2.754 2.727 2.706 2.683 2.658 2.636 2.621 2.599 2.584 2.568 2.553 2.536 2.522 2.51 2.496 2.483 2.476 2.467 2.457 2.451 2.441 2.433 2.431 2.425 2.419 2.419 2.413 2.414 2.41 2.413 2.413 2.41 2.415 2.419 2.418 2.426 2.43 2.436 2.439 2.448 2.457 2.466 2.476 2.482 2.494 2.507 2.519 2.53 2.547 2.564 2.58 2.599 2.618 2.637 2.657 2.677 2.702 2.724 2.749 2.78 2.805 2.837 2.866 2.899 2.935 2.969 3.006 3.048 3.091 3.134 3.182 3.228 3.279 3.334 3.392 3.451 3.515 3.579 3.651 3.725 3.802 3.881 3.976 4.067 4.163 4.271 4.38 4.504 4.628 4.766 4.907 5.066 5.232 5.416 5.618 5.822 6.064 6.308 6.592 6.892 7.23 7.608 8.026 8.486 9.01 9.618 10.303 11.143 12.073 12.843 12.803 12.771 12.737 12.709 12.687
10.422 7.678 1.51713 29.463 25.806 21.541 18.567 16.292 14.496 13.111 11.926 10.978 10.169 9.443 8.848 8.301 7.834 7.423 7.044 6.708 6.401 6.129 5.873 5.648 5.433 5.242 5.058 4.896 4.74 4.601 4.465 4.339 4.224 4.116 4.01 3.916 3.823 3.738 3.656 3.579 3.51 3.438 3.375 3.313 3.254 3.2 3.147 3.098 3.048 3.008 2.962 2.924 2.881 2.848 2.809 2.775 2.747 2.715 2.683 2.657 2.633 2.608 2.582 2.56 2.542 2.521 2.498 2.481 2.464 2.448 2.434 2.422 2.407 2.394 2.382 2.371 2.359 2.354 2.344 2.336 2.33 2.321 2.316 2.313 2.307 2.307 2.304 2.3 2.297 2.298 2.3 2.299 2.301 2.301 2.307 2.307 2.312 2.32 2.323 2.33 2.339 2.344 2.354 2.363 2.377 2.385 2.398 2.409 2.425 2.438 2.457 2.472 2.488 2.508 2.525 2.548 2.566 2.59 2.617 2.638 2.665 2.694 2.724 2.758 2.791 2.822 2.858 2.896 2.934 2.977 3.021 3.063 3.113 3.163 3.217 3.272 3.336 3.395 3.459 3.532 3.603 3.68 3.764 3.85 3.943 4.042 4.145 4.263 4.381 4.503 4.641 4.788 4.949 5.119 5.297 5.501 5.713 5.948 6.205 6.5 6.813 7.159 7.545 7.984 8.456 9.027 9.667 10.389 11.27 12.264 12.821 12.782 12.75 12.721 12.701 12.676 12.661 12.648 12.639 12.633 12.634 12.637 12.642 12.654
10.445 7.822 1.20419 5.87 5.624 5.399 5.193 5.001 4.827 4.666 4.518 4.383 4.248 4.132 4.015 3.909 3.807 3.718 3.627 3.545 3.469 3.391 3.324 3.262 3.198 3.136 3.083 3.026 2.98 2.931 2.885 2.841 2.801 2.761 2.723 2.686 2.651 2.619 2.588 2.561 2.531 2.506 2.483 2.459 2.434 2.413 2.395 2.373 2.356 2.339 2.323 2.305 2.288 2.276 2.265 2.252 2.24 2.23 2.222 2.209 2.204 2.192 2.188 2.18 2.176 2.171 2.169 2.164 2.159 2.158 2.158 2.155 2.155 2.155 2.159 2.16 2.162 2.166 2.167 2.172 2.18 2.183 2.187 2.198 2.205 2.215 2.22 2.231 2.245 2.254 2.267 2.279 2.297 2.308 2.326 2.341 2.358 2.381 2.4 2.419 2.444 2.463 2.49 2.512 2.543 2.572 2.6 2.633 2.663 2.698 2.732 2.77 2.81 2.853 2.9 2.942 2.993 3.046 3.096 3.157 3.212 3.278 3.343 3.418 3.494 3.569 3.651 3.747 3.84 3.941 4.049 4.165 4.288 4.42 4.56 4.715 4.883 5.068 5.257 5.47 5.702 5.956 6.233 6.537 6.883 7.272 7.694 8.186 8.755 9.386 10.141 11.019 12.061 12.777 12.742 12.713 12.688 12.665 12.644 12.632 12.619 12.612 12.612 12.61 12.618 12.622 12.638 9.47 7.784 6.622 5.749 5.111 4.572 4.156 3.797 3.501 3.248 3.033 2.84 2.675 2.529 2.398 2.278 2.177
10.46 7.857 1.08147 4.349 4.218 4.098 3.981 3.874 3.775 3.683 3.593 3.511 3.434 3.36 3.294 3.227 3.162 3.103 3.046 2.995 2.946 2.895 2.85 2.808 2.767 2.729 2.691 2.655 2.621 2.586 2.558 2.53 2.5 2.472 2.448 2.425 2.404 2.379 2.358 2.339 2.323 2.302 2.286 2.271 2.255 2.243 2.232 2.22 2.205 2.197 2.186 2.178 2.168 2.159 2.155 2.15 2.144 2.136 2.135 2.132 2.126 2.125 2.123 2.122 2.121 2.123 2.124 2.123 2.126 2.127 2.132 2.135 2.139 2.144 2.154 2.161 2.165 2.177 2.184 2.194 2.205 2.216 2.225 2.242 2.253 2.27 2.285 2.301 2.315 2.335 2.352 2.377 2.394 2.418 2.44 2.468 2.491 2.522 2.548 2.578 2.61 2.645 2.678 2.714 2.756 2.797 2.835 2.885 2.932 2.979 3.033 3.085 3.146 3.206 3.269 3.343 3.413 3.487 3.57 3.655 3.75 3.852 3.949 4.064 4.182 4.309 4.446 4.591 4.751 4.926 5.113 5.314 5.538 5.782 6.052 6.352 6.678 7.036 7.446 7.904 8.441 9.037 9.757 10.565 11.557 12.739 12.737 12.705 12.681 12.657 12.636 12.622 12.609 12.603 12.598 12.596 12.597 12.607 12.615 12.634 8.566 7.252 6.277 5.524 4.93 4.475 4.08 3.754 3.476 3.238 3.026 2.848 2.691 2.552 2.423 2.305 2.203 2.109 2.027 1.947 1.877 1.757 1.751 1.788
10.502 7.932 1.0646 4.084 3.973 3.86 3.753 3.657 3.564 3.478 3.401 3.321 3.251 3.183 3.12 3.062 3.003 2.951 2.898 2.845 2.802 2.756 2.715 2.674 2.638 2.602 2.565 2.531 2.5 2.473 2.442 2.414 2.393 2.368 2.342 2.323 2.301 2.281 2.263 2.241 2.225 2.209 2.193 2.182 2.166 2.154 2.145 2.132 2.12 2.113 2.101 2.096 2.084 2.08 2.075 2.066 2.063 2.057 2.055 2.052 2.052 2.046 2.05 2.047 2.048 2.049 2.051 2.052 2.055 2.056 2.059 2.065 2.069 2.077 2.084 2.09 2.096 2.105 2.114 2.127 2.137 2.148 2.16 2.172 2.188 2.199 2.217 2.233 2.251 2.268 2.288 2.311 2.328 2.352 2.375 2.404 2.43 2.457 2.486 2.515 2.545 2.581 2.616 2.65 2.694 2.733 2.774 2.82 2.867 2.919 2.973 3.026 3.089 3.149 3.214 3.283 3.357 3.433 3.515 3.606 3.703 3.797 3.904 4.02 4.141 4.271 4.414 4.565 4.729 4.912 5.098 5.309 5.548 5.804 6.082 6.389 6.732 7.133 7.574 8.066 8.635 9.306 10.083 11.021 12.099 12.7 12.672 12.643 12.621 12.595 12.58 12.571 12.562 12.556 12.556 12.557 12.566 12.574 12.59 9.663 8.086 6.985 6.124 5.482 4.954 4.506 4.147 3.834 3.57 3.339 3.141 2.961 2.807 2.668 2.54 2.423 2.318 2.224 2.136 2.057 1.986 1.916 1.856 1.756
10.548 8.016 1.0646 3.918 3.811 3.702 3.601 3.511 3.423 3.339 3.262 3.188 3.118 3.057 2.994 2.937 2.882 2.825 2.776 2.731 2.688 2.645 2.602 2.563 2.528 2.494 2.461 2.429 2.397 2.372 2.345 2.317 2.293 2.271 2.25 2.227 2.208 2.187 2.169 2.153 2.138 2.123 2.106 2.092 2.078 2.068 2.057 2.047 2.035 2.028 2.018 2.01 2.001 1.993 1.991 1.986 1.978 1.975 1.973 1.967 1.967 1.963 1.963 1.965 1.963 1.963 1.966 1.966 1.972 1.973 1.978 1.982 1.984 1.991 1.999 2.003 2.013 2.02 2.028 2.039 2.049 2.06 2.069 2.084 2.097 2.11 2.125 2.141 2.16 2.176 2.196 2.218 2.234 2.259 2.28 2.303 2.328 2.355 2.384 2.41 2.441 2.478 2.511 2.544 2.582 2.621 2.663 2.705 2.75 2.797 2.848 2.903 2.963 3.022 3.086 3.149 3.217 3.295 3.373 3.458 3.55 3.646 3.744 3.858 3.975 4.098 4.235 4.381 4.538 4.713 4.895 5.095 5.323 5.566 5.835 6.137 6.473 6.834 7.259 7.736 8.286 8.93 9.688 10.579 11.622 12.653 12.626 12.596 12.57 12.554 12.535 12.525 12.514 12.51 12.508 12.511 12.516 12.529 12.542 12.562 8.851 7.654 6.727 5.993 5.423 4.945 4.542 4.202 3.912 3.662 3.439 3.246 3.074 2.917 2.781 2.654 2.542 2.436 2.34 2.255 2.172 2.099 2.033 1.966
10.608 8.124 1.0646 3.708 3.598 3.498 3.404 3.316 3.234 3.156 3.083 3.018 2.95 2.887 2.828 2.774 2.724 2.673 2.625 2.581 2.542 2.499 2.46 2.424 2.39 2.36 2.327 2.296 2.268 2.244 2.216 2.193 2.168 2.145 2.124 2.104 2.088 2.067 2.051 2.034 2.019 2.004 1.991 1.977 1.967 1.952 1.941 1.934 1.922 1.913 1.909 1.901 1.893 1.888 1.881 1.874 1.873 1.865 1.863 1.861 1.862 1.86 1.857 1.858 1.857 1.856 1.859 1.862 1.864 1.867 1.867 1.871 1.876 1.884 1.888 1.895 1.9 1.91 1.919 1.93 1.936 1.948 1.96 1.972 1.986 1.996 2.011 2.028 2.042 2.058 2.077 2.093 2.112 2.134 2.157 2.181 2.204 2.226 2.255 2.282 2.31 2.341 2.373 2.407 2.443 2.478 2.517 2.557 2.603 2.647 2.695 2.749 2.801 2.858 2.915 2.981 3.046 3.117 3.188 3.271 3.355 3.447 3.543 3.647 3.761 3.878 4.003 4.142 4.29 4.454 4.631 4.822 5.027 5.265 5.516 5.796 6.109 6.461 6.866 7.312 7.851 8.431 9.159 9.972 11.012 12.232 12.565 12.536 12.511 12.49 12.474 12.462 12.456 12.447 12.449 12.45 12.458 12.47 12.482 12.501 12.52 8.506 7.475 6.667 6.035 5.497 5.047 4.674 4.347 4.075 3.826 3.61 3.418 3.247 3.091 2.952 2.824 2.71 2.604 2.508 2.417 2.335 2.256 2.19
10.68 8.253 1.0646 3.451 3.354 3.259 3.169 3.09 3.01 2.939 2.872 2.805 2.745 2.687 2.633 2.586 2.537 2.488 2.448 2.401 2.362 2.324 2.295 2.259 2.225 2.193 2.165 2.138 2.113 2.085 2.06 2.04 2.02 2 1.979 1.957 1.941 1.926 1.91 1.894 1.88 1.863 1.851 1.839 1.83 1.82 1.808 1.801 1.793 1.784 1.775 1.766 1.761 1.758 1.749 1.747 1.741 1.741 1.736 1.734 1.731 1.729 1.73 1.726 1.729 1.731 1.73 1.73 1.735 1.735 1.742 1.744 1.747 1.754 1.759 1.766 1.77 1.777 1.789 1.793 1.802 1.813 1.823 1.833 1.848 1.858 1.871 1.884 1.899 1.916 1.932 1.951 1.97 1.987 2.009 2.029 2.048 2.075 2.099 2.124 2.148 2.177 2.208 2.239 2.272 2.308 2.341 2.384 2.42 2.461 2.506 2.555 2.603 2.661 2.716 2.772 2.835 2.902 2.969 3.045 3.123 3.208 3.299 3.393 3.498 3.608 3.729 3.859 3.991 4.142 4.309 4.482 4.68 4.903 5.131 5.397 5.689 6.019 6.383 6.81 7.305 7.853 8.502 9.303 10.219 11.375 12.489 12.461 12.439 12.417 12.402 12.391 12.383 12.378 12.378 12.378 12.389 12.394 12.411 12.427 12.45 9.553 8.365 7.467 6.758 6.158 5.655 5.232 4.877 4.566 4.287 4.041 3.826 3.637 3.463 3.31 3.169 3.038 2.918 2.81 2.712 2.619 2.532 2.454
10.753 8.385 1.0646 3.188 3.096 3.009 2.928 2.854 2.781 2.718 2.652 2.595 2.537 2.483 2.432 2.388 2.344 2.301 2.258 2.221 2.186 2.148 2.117 2.085 2.059 2.03 2.003 1.975 1.953 1.928 1.906 1.887 1.865 1.846 1.829 1.81 1.793 1.781 1.764 1.748 1.736 1.725 1.712 1.703 1.69 1.683 1.672 1.663 1.654 1.647 1.642 1.635 1.626 1.621 1.62 1.613 1.609 1.606 1.606 1.599 1.601 1.596 1.597 1.596 1.598 1.596 1.6 1.601 1.605 1.603 1.605 1.611 1.614 1.619 1.626 1.631 1.638 1.643 1.65 1.657 1.665 1.674 1.687 1.694 1.708 1.718 1.732 1.742 1.755 1.771 1.784 1.803 1.819 1.836 1.854 1.875 1.893 1.918 1.936 1.962 1.99 2.013 2.04 2.069 2.099 2.133 2.167 2.201 2.238 2.279 2.321 2.361 2.407 2.457 2.509 2.559 2.622 2.682 2.748 2.811 2.885 2.962 3.046 3.139 3.233 3.333 3.441 3.561 3.694 3.828 3.98 4.145 4.328 4.527 4.749 4.987 5.264 5.567 5.91 6.292 6.74 7.268 7.873 8.602 9.456 10.517 11.844 12.39 12.367 12.346 12.333 12.32 12.311 12.307 12.307 12.308 12.314 12.323 12.336 12.356 12.375 12.4 9.304 8.291 7.5 6.839 6.27 5.82 5.416 5.066 4.761 4.494 4.249 4.038 3.842 3.67 3.513 3.372 3.239 3.12 3.008 2.904 2.81 2.722
10.851 8.561 1.0646 2.841 2.757 2.683 2.608 2.541 2.478 2.419 2.364 2.309 2.26 2.213 2.167 2.123 2.085 2.048 2.011 1.978 1.945 1.916 1.886 1.859 1.83 1.805 1.785 1.758 1.738 1.718 1.699 1.68 1.659 1.646 1.63 1.611 1.597 1.584 1.569 1.559 1.546 1.533 1.527 1.517 1.506 1.496 1.489 1.479 1.473 1.466 1.459 1.455 1.449 1.446 1.439 1.435 1.435 1.43 1.427 1.424 1.425 1.423 1.424 1.421 1.42 1.422 1.424 1.423 1.429 1.427 1.43 1.436 1.441 1.442 1.45 1.451 1.456 1.464 1.471 1.475 1.486 1.491 1.501 1.508 1.521 1.528 1.542 1.55 1.565 1.575 1.592 1.603 1.617 1.633 1.654 1.669 1.686 1.704 1.726 1.749 1.769 1.793 1.816 1.843 1.87 1.896 1.929 1.961 1.995 2.028 2.066 2.103 2.144 2.189 2.234 2.281 2.334 2.388 2.443 2.506 2.573 2.639 2.715 2.795 2.877 2.969 3.068 3.17 3.289 3.412 3.545 3.695 3.85 4.026 4.22 4.441 4.682 4.959 5.263 5.609 6.006 6.467 6.999 7.644 8.407 9.361 10.582 12.139 12.27 12.252 12.232 12.223 12.214 12.208 12.209 12.211 12.216 12.227 12.241 12.256 12.278 12.302 12.333 9.377 8.487 7.736 7.102 6.589 6.136 5.725 5.391 5.08 4.812 4.578 4.36 4.16 3.983 3.815 3.667 3.531 3.405 3.288 3.181 3.085
10.949 8.737 1.0646 2.489 2.417 2.352 2.29 2.23 2.177 2.124 2.072 2.028 1.981 1.943 1.899 1.863 1.829 1.797 1.767 1.735 1.707 1.68 1.655 1.628 1.606 1.587 1.564 1.544 1.523 1.504 1.49 1.472 1.459 1.444 1.426 1.414 1.403 1.389 1.378 1.367 1.356 1.345 1.338 1.331 1.318 1.313 1.306 1.296 1.293 1.286 1.281 1.276 1.27 1.269 1.262 1.259 1.258 1.255 1.254 1.251 1.251 1.25 1.249 1.249 1.247 1.25 1.25 1.25 1.253 1.255 1.256 1.257 1.262 1.267 1.27 1.273 1.277 1.284 1.291 1.294 1.304 1.308 1.317 1.323 1.331 1.34 1.35 1.361 1.372 1.381 1.393 1.409 1.421 1.433 1.448 1.462 1.481 1.496 1.516 1.532 1.554 1.574 1.594 1.618 1.64 1.664 1.69 1.718 1.75 1.779 1.81 1.847 1.882 1.919 1.959 1.999 2.045 2.094 2.145 2.195 2.252 2.314 2.381 2.452 2.522 2.603 2.691 2.783 2.885 2.995 3.114 3.243 3.381 3.531 3.707 3.899 4.111 4.346 4.609 4.917 5.264 5.665 6.145 6.705 7.389 8.212 9.25 10.647 12.172 12.152 12.136 12.122 12.117 12.109 12.113 12.113 12.119 12.131 12.141 12.159 12.18 12.206 12.233 12.268 12.302 8.65 7.952 7.35 6.839 6.412 6.011 5.68 5.371 5.103 4.859 4.64 4.439 4.263 4.093 3.942 3.8 3.675 3.554 3.442
11.038 8.883 0.906594 1.755 1.72 1.684 1.65 1.619 1.59 1.565 1.539 1.511 1.488 1.463 1.442 1.42 1.405 1.383 1.364 1.348 1.334 1.319 1.301 1.288 1.275 1.262 1.254 1.24 1.231 1.218 1.21 1.202 1.194 1.183 1.173 1.17 1.163 1.152 1.15 1.144 1.136 1.135 1.127 1.127 1.118 1.116 1.113 1.113 1.11 1.108 1.105 1.104 1.102 1.103 1.104 1.104 1.104 1.105 1.106 1.105 1.11 1.11 1.111 1.117 1.12 1.12 1.126 1.132 1.133 1.137 1.146 1.15 1.154 1.161 1.172 1.175 1.186 1.194 1.203 1.213 1.223 1.233 1.244 1.252 1.264 1.28 1.292 1.308 1.319 1.338 1.351 1.37 1.386 1.405 1.426 1.447 1.466 1.491 1.518 1.541 1.57 1.598 1.627 1.656 1.689 1.725 1.767 1.802 1.843 1.886 1.938 1.985 2.041 2.097 2.156 2.225 2.292 2.368 2.45 2.535 2.634 2.734 2.851 2.973 3.105 3.256 3.422 3.607 3.814 4.041 4.305 4.616 4.955 5.38 5.867 6.443 7.147 8.046 9.236 10.768 12.066 12.052 12.036 12.026 12.023 12.024 12.025 12.03 12.038 12.054 12.067 12.092 12.116 12.142 12.173 12.209 12.251 8.73 8.066 7.498 7.025 6.597 6.222 5.876 5.582 5.318 5.078 4.858 4.659 4.475 4.302 4.153 4.011 3.878 3.759 3.644 3.536 3.438 3.341 3.26 3.176 3.1 3.028 2.959
11.101 8.956 0.750126 1.396 1.374 1.354 1.336 1.314 1.296 1.281 1.264 1.251 1.235 1.221 1.208 1.193 1.181 1.174 1.162 1.152 1.142 1.131 1.124 1.114 1.11 1.098 1.093 1.087 1.082 1.073 1.069 1.066 1.061 1.058 1.052 1.048 1.043 1.043 1.041 1.038 1.037 1.032 1.032 1.03 1.031 1.031 1.03 1.03 1.029 1.03 1.034 1.036 1.038 1.039 1.043 1.044 1.045 1.051 1.055 1.058 1.061 1.067 1.07 1.08 1.083 1.089 1.095 1.106 1.114 1.12 1.131 1.137 1.145 1.159 1.168 1.179 1.191 1.204 1.215 1.232 1.243 1.259 1.273 1.292 1.311 1.329 1.348 1.366 1.387 1.411 1.434 1.456 1.487 1.511 1.54 1.574 1.603 1.639 1.674 1.716 1.755 1.797 1.845 1.892 1.944 2.002 2.06 2.124 2.196 2.268 2.348 2.435 2.528 2.634 2.746 2.871 3.004 3.156 3.325 3.511 3.718 3.958 4.241 4.544 4.91 5.35 5.876 6.499 7.301 8.32 9.647 11.529 11.991 11.979 11.967 11.96 11.958 11.959 11.963 11.974 11.986 12.001 12.021 12.047 12.074 12.103 12.139 12.175 12.214 8.54 7.953 7.408 6.956 6.559 6.199 5.883 5.596 5.341 5.107 4.893 4.698 4.519 4.357 4.202 4.067 3.935 3.819 3.705 3.6 3.502 3.412 3.324 3.242 3.166 3.095 3.025 2.962 2.899 2.845 2.794 2.742 2.693 2.646 2.599
11.188 9.023 0.45253 1.063 1.055 1.048 1.041 1.033 1.023 1.02 1.012 1.007 1.001 0.998 0.993 0.99 0.987 0.984 0.98 0.976 0.974 0.973 0.971 0.968 0.965 0.964 0.964 0.963 0.962 0.964 0.966 0.963 0.964 0.966 0.967 0.973 0.97 0.977 0.979 0.979 0.985 0.99 0.991 0.994 1.003 1.008 1.011 1.017 1.025 1.032 1.038 1.044 1.05 1.059 1.071 1.077 1.087 1.098 1.11 1.117 1.133 1.145 1.158 1.171 1.187 1.201 1.214 1.233 1.251 1.269 1.288 1.309 1.331 1.352 1.376 1.399 1.431 1.455 1.486 1.515 1.55 1.585 1.62 1.662 1.701 1.746 1.791 1.844 1.896 1.957 2.02 2.086 2.157 2.239 2.319 2.409 2.511 2.625 2.747 2.878 3.029 3.193 3.38 3.587 3.826 4.104 4.419 4.797 5.227 5.781 6.446 7.256 8.353 9.795 11.914 11.898 11.886 11.881 11.876 11.871 11.878 11.884 11.892 11.906 11.924 11.943 11.971 12 12.031 12.066 12.109 12.15 8.525 7.945 7.433 6.988 6.593 6.245 5.935 5.66 5.402 5.172 4.959 4.767 4.594 4.432 4.283 4.141 4.016 3.89 3.781 3.676 3.577 3.482 3.396 3.318 3.24 3.168 3.098 3.036 2.976 2.918 2.862 2.812 2.76 2.716 2.672 2.628 2.586 2.55 2.514 2.479 2.448 2.415 2.385 2.358 2.331 2.305 2.282 2.258 2.238 2.214 2.197 2.175
11.199 9.029 0.348218 1.016 1.008 1.006 0.996 0.995 0.99 0.986 0.98 0.978 0.973 0.969 0.967 0.967 0.965 0.964 0.959 0.958 0.958 0.959 0.959 0.957 0.957 0.96 0.959 0.963 0.965 0.963 0.969 0.967 0.973 0.975 0.98 0.98 0.987 0.991 0.994 1.001 1.003 1.011 1.018 1.022 1.029 1.035 1.043 1.054 1.064 1.069 1.082 1.091 1.102 1.112 1.121 1.135 1.147 1.163 1.176 1.193 1.206 1.223 1.241 1.258 1.281 1.301 1.319 1.339 1.366 1.39 1.417 1.445 1.472 1.503 1.536 1.572 1.604 1.646 1.688 1.729 1.778 1.825 1.878 1.936 2 2.061 2.134 2.213 2.294 2.381 2.486 2.591 2.712 2.844 2.986 3.148 3.327 3.535 3.769 4.035 4.344 4.708 5.128 5.643 6.268 7.058 8.102 9.458 11.463 11.889 11.877 11.867 11.862 11.863 11.865 11.871 11.881 11.894 11.909 11.932 11.955 11.983 12.014 12.048 12.09 12.135 8.656 8.063 7.528 7.075 6.68 6.328 6.001 5.721 5.456 5.222 5.014 4.814 4.633 4.47 4.317 4.177 4.043 3.917 3.807 3.698 3.603 3.507 3.424 3.335 3.26 3.19 3.119 3.055 2.992 2.936 2.877 2.827 2.775 2.731 2.687 2.643 2.6 2.566 2.526 2.49 2.461 2.427 2.397 2.37 2.34 2.316 2.291 2.268 2.248 2.225 2.203 2.185 2.165 2.151 2.132 2.229 2.328 2.436
11.201 9.029 0.156468 0.964 0.964 0.964 0.96 0.96 0.957 0.959 0.959 0.958 0.959 0.959 0.961 0.959 0.96 0.962 0.966 0.968 0.972 0.975 0.978 0.981 0.983 0.986 0.992 0.996 1.002 1.007 1.013 1.022 1.028 1.034 1.044 1.048 1.06 1.066 1.078 1.086 1.097 1.11 1.121 1.133 1.146 1.16 1.17 1.187 1.202 1.217 1.236 1.253 1.273 1.293 1.31 1.334 1.358 1.379 1.405 1.434 1.459 1.492 1.524 1.557 1.591 1.63 1.672 1.715 1.758 1.81 1.861 1.914 1.976 2.039 2.11 2.181 2.266 2.352 2.45 2.551 2.665 2.794 2.931 3.09 3.264 3.463 3.675 3.939 4.231 4.564 4.968 5.469 6.05 6.795 7.714 8.981 10.667 11.894 11.877 11.87 11.862 11.862 11.859 11.867 11.874 11.89 11.9 11.923 11.944 11.971 11.999 12.035 12.074 12.114 8.871 8.247 7.713 7.22 6.819 6.439 6.11 5.813 5.538 5.307 5.086 4.879 4.699 4.528 4.368 4.221 4.089 3.961 3.844 3.734 3.635 3.541 3.45 3.367 3.289 3.212 3.141 3.075 3.015 2.956 2.899 2.845 2.795 2.746 2.703 2.657 2.614 2.576 2.542 2.507 2.473 2.436 2.41 2.382 2.351 2.328 2.302 2.275 2.257 2.233 2.212 2.194 2.175 2.154 2.109 2.139 2.29 2.395 2.514 2.644 2.79 2.95 3.133 3.341 3.576 3.857 4.182 4.577 5.028 5.623
11.201 9.029 -1.55016e-17 0.957 0.959 0.958 0.962 0.963 0.965 0.966 0.969 0.969 0.97 0.974 0.978 0.982 0.988 0.993 0.998 1.001 1.005 1.014 1.018 1.027 1.035 1.038 1.049 1.057 1.064 1.074 1.082 1.093 1.106 1.118 1.127 1.14 1.155 1.169 1.18 1.195 1.212 1.23 1.249 1.264 1.288 1.307 1.33 1.35 1.373 1.399 1.426 1.455 1.486 1.517 1.548 1.583 1.621 1.659 1.703 1.748 1.796 1.846 1.9 1.959 2.02 2.092 2.166 2.241 2.328 2.423 2.524 2.64 2.759 2.9 3.048 3.214 3.408 3.621 3.869 4.153 4.478 4.87 5.335 5.876 6.591 7.47 8.638 10.217 11.898 11.88 11.87 11.866 11.861 11.859 11.865 11.874 11.883 11.898 11.917 11.937 11.961 11.991 12.024 12.061 12.107 9.061 8.405 7.828 7.348 6.917 6.528 6.187 5.886 5.613 5.362 5.135 4.928 4.74 4.57 4.405 4.257 4.117 3.993 3.877 3.765 3.661 3.565 3.472 3.389 3.308 3.233 3.159 3.091 3.031 2.967 2.914 2.857 2.806 2.755 2.711 2.671 2.624 2.584 2.549 2.515 2.478 2.446 2.416 2.388 2.36 2.333 2.307 2.281 2.261 2.236 2.214 2.198 2.18 2.16 2.102 2.127 2.265 2.367 2.482 2.611 2.747 2.905 3.082 3.286 3.515 3.785 4.092 4.469 4.919 5.464 6.138 7.039 8.222 9.875 12.389 16.684 20.993 20.982 20.982
11.201 9.029 -0.156468 0.974 0.975 0.98 0.981 0.984 0.992 0.995 1.003 1.007 1.013 1.017 1.025 1.032 1.037 1.046 1.056 1.064 1.073 1.08 1.091 1.101 1.113 1.125 1.136 1.149 1.164 1.176 1.193 1.206 1.224 1.244 1.26 1.283 1.3 1.321 1.343 1.367 1.392 1.422 1.449 1.478 1.507 1.538 1.574 1.61 1.651 1.689 1.738 1.785 1.834 1.887 1.947 2.004 2.072 2.145 2.221 2.304 2.395 2.496 2.608 2.726 2.861 3.013 3.173 3.355 3.565 3.802 4.074 4.388 4.767 5.204 5.738 6.399 7.203 8.271 9.752 11.788 11.883 11.871 11.863 11.862 11.862 11.862 11.87 11.88 11.897 11.913 11.93 11.958 11.985 12.016 12.053 12.095 12.136 8.546 7.973 7.467 7.022 6.619 6.269 5.95 5.673 5.424 5.188 4.978 4.79 4.609 4.443 4.292 4.155 4.026 3.908 3.789 3.685 3.586 3.495 3.408 3.323 3.251 3.177 3.111 3.044 2.985 2.925 2.872 2.817 2.771 2.723 2.677 2.639 2.599 2.56 2.523 2.488 2.458 2.421 2.394 2.364 2.338 2.312 2.288 2.264 2.242 2.223 2.2 2.184 2.163 2.106 2.13 2.242 2.338 2.452 2.579 2.71 2.863 3.038 3.226 3.451 3.711 4.007 4.37 4.789 5.294 5.95 6.792 7.846 9.404 11.623 15.347 20.996 20.986 20.981 20.986 20.993 21.009 21.028 21.053 21.09 18.087 15.81 13.997
11.201 9.029 -0.26078 0.995 1.001 1.005 1.011 1.016 1.022 1.031 1.039 1.046 1.051 1.061 1.071 1.081 1.091 1.101 1.111 1.122 1.136 1.15 1.16 1.178 1.193 1.204 1.221 1.24 1.26 1.279 1.297 1.319 1.341 1.364 1.391 1.415 1.44 1.47 1.504 1.533 1.568 1.604 1.644 1.686 1.729 1.774 1.826 1.88 1.935 1.996 2.06 2.132 2.207 2.292 2.385 2.48 2.585 2.711 2.837 2.981 3.14 3.326 3.529 3.759 4.029 4.328 4.697 5.124 5.639 6.257 7.055 8.108 9.489 11.451 11.886 11.874 11.864 11.861 11.861 11.864 11.866 11.878 11.89 11.907 11.927 11.955 11.979 12.015 12.048 12.089 12.128 8.652 8.064 7.539 7.091 6.682 6.328 6.015 5.725 5.458 5.222 5.009 4.819 4.638 4.471 4.315 4.179 4.047 3.926 3.811 3.705 3.606 3.512 3.424 3.339 3.259 3.186 3.122 3.053 2.994 2.935 2.88 2.828 2.779 2.732 2.687 2.646 2.602 2.565 2.529 2.493 2.459 2.427 2.4 2.372 2.342 2.319 2.293 2.268 2.247 2.226 2.207 2.185 2.165 2.148 2.132 2.227 2.325 2.433 2.554 2.688 2.835 3.006 3.196 3.416 3.666 3.964 4.304 4.72 5.216 5.823 6.627 7.683 9.069 11.179 14.56 21 20.988 20.981 20.981 20.992 21.003 21.022 21.049 21.081 21.123 16.144 14.293 12.835 11.638 11.192 11.232 11.278 11.323
11.203 9.028 -0.3835 1.041 1.053 1.061 1.068 1.077 1.088 1.096 1.11 1.121 1.131 1.148 1.16 1.175 1.189 1.203 1.222 1.239 1.253 1.275 1.294 1.312 1.336 1.358 1.386 1.408 1.439 1.467 1.496 1.526 1.561 1.598 1.634 1.674 1.717 1.763 1.815 1.866 1.921 1.981 2.049 2.115 2.195 2.274 2.362 2.459 2.565 2.681 2.807 2.947 3.105 3.28 3.48 3.701 3.956 4.247 4.604 5.009 5.498 6.112 6.859 7.806 9.095 10.875 11.885 11.875 11.866 11.861 11.855 11.86 11.863 11.875 11.885 11.901 11.92 11.945 11.971 12.002 12.034 12.075 12.115 8.827 8.193 7.667 7.201 6.774 6.41 6.089 5.795 5.527 5.285 5.06 4.869 4.681 4.512 4.35 4.211 4.081 3.953 3.834 3.728 3.627 3.533 3.44 3.358 3.279 3.208 3.137 3.072 3.007 2.949 2.891 2.837 2.79 2.743 2.697 2.653 2.61 2.572 2.538 2.499 2.467 2.434 2.406 2.374 2.35 2.322 2.297 2.273 2.25 2.229 2.208 2.191 2.17 2.155 2.103 2.143 2.286 2.397 2.513 2.642 2.791 2.95 3.14 3.342 3.587 3.861 4.195 4.58 5.062 5.635 6.386 7.339 8.673 10.564 13.41 21.001 20.988 20.98 20.983 20.988 20.996 21.016 21.042 21.07 21.112 16.755 14.724 13.194 11.904 11.18 11.217 11.266 11.312 8.034 7.546 7.137 6.76 6.42 6.118 5.848 5.598
11.229 9.017 -0.400374 1.064 1.072 1.082 1.09 1.097 1.111 1.118 1.13 1.142 1.158 1.172 1.185 1.199 1.213 1.232 1.25 1.266 1.284 1.304 1.323 1.348 1.37 1.397 1.42 1.449 1.478 1.508 1.541 1.575 1.61 1.648 1.69 1.73 1.775 1.827 1.879 1.934 1.995 2.057 2.128 2.203 2.286 2.372 2.471 2.577 2.693 2.816 2.957 3.116 3.293 3.49 3.709 3.968 4.254 4.595 4.998 5.479 6.061 6.804 7.748 8.946 10.64 11.865 11.852 11.842 11.836 11.834 11.835 11.838 11.848 11.858 11.876 11.891 11.915 11.942 11.97 12.004 12.042 12.083 8.879 8.231 7.688 7.224 6.807 6.429 6.092 5.803 5.529 5.292 5.065 4.865 4.682 4.511 4.355 4.206 4.07 3.95 3.83 3.721 3.62 3.525 3.437 3.352 3.273 3.199 3.13 3.062 3 2.942 2.885 2.83 2.782 2.731 2.691 2.645 2.602 2.562 2.528 2.491 2.459 2.428 2.397 2.37 2.34 2.314 2.29 2.262 2.243 2.221 2.202 2.179 2.16 2.147 2.13 2.112 2.207 2.306 2.418 2.544 2.678 2.837 3.011 3.216 3.438 3.712 4.016 4.383 4.823 5.374 6.082 6.959 8.173 9.904 12.584 17.067 20.978 20.974 20.971 20.976 20.988 21.002 21.025 21.059 21.094 17.265 15.14 13.544 12.249 11.146 11.205 11.247 11.297 8.198 7.719 7.269 6.889 6.544 6.229 5.957 5.702 5.469
11.327 8.975 -0.400374 1.106 1.116 1.124 1.137 1.148 1.155 1.166 1.183 1.193 1.205 1.22 1.234 1.248 1.268 1.285 1.301 1.32 1.34 1.361 1.38 1.407 1.432 1.457 1.485 1.514 1.54 1.571 1.606 1.639 1.679 1.72 1.76 1.805 1.855 1.904 1.958 2.02 2.081 2.147 2.222 2.3 2.385 2.476 2.576 2.687 2.807 2.934 3.084 3.246 3.433 3.632 3.869 4.13 4.436 4.804 5.211 5.719 6.339 7.082 8.077 9.351 11.15 11.768 11.752 11.743 11.74 11.738 11.736 11.743 11.75 11.761 11.776 11.792 11.817 11.843 11.873 11.907 11.94 11.985 8.682 8.071 7.542 7.071 6.657 6.284 5.964 5.673 5.418 5.175 4.961 4.758 4.58 4.417 4.26 4.119 3.99 3.863 3.752 3.643 3.543 3.451 3.364 3.282 3.204 3.128 3.063 2.996 2.937 2.878 2.824 2.77 2.72 2.677 2.63 2.588 2.548 2.512 2.473 2.439 2.405 2.377 2.346 2.314 2.291 2.264 2.24 2.216 2.192 2.173 2.154 2.136 2.116 2.098 2.082 2.065 2.052 2.031 2.129 2.238 2.357 2.502 2.651 2.832 3.024 3.27 3.533 3.866 4.251 4.745 5.353 6.133 7.209 8.679 11.05 14.976 20.935 20.929 20.929 20.932 20.946 20.963 20.987 21.016 21.052 18.049 15.855 14.173 12.782 11.665 11.159 11.204 11.251 11.3 8.065 7.61 7.198 6.832 6.515 6.222 5.959 5.711
11.42 8.936 -0.400374 1.151 1.161 1.169 1.178 1.191 1.202 1.214 1.224 1.241 1.255 1.27 1.283 1.298 1.318 1.334 1.354 1.373 1.394 1.413 1.438 1.462 1.483 1.513 1.537 1.57 1.6 1.634 1.667 1.703 1.745 1.785 1.83 1.877 1.925 1.98 2.035 2.095 2.161 2.228 2.306 2.387 2.473 2.571 2.675 2.79 2.914 3.053 3.206 3.371 3.564 3.773 4.019 4.291 4.614 4.977 5.416 5.938 6.588 7.374 8.363 9.687 11.543 11.672 11.66 11.651 11.647 11.644 11.643 11.647 11.656 11.667 11.686 11.703 11.724 11.748 11.778 11.814 11.85 11.891 8.504 7.909 7.381 6.929 6.516 6.156 5.839 5.56 5.304 5.068 4.862 4.666 4.489 4.322 4.17 4.033 3.904 3.787 3.671 3.57 3.47 3.38 3.294 3.213 3.138 3.068 2.996 2.937 2.877 2.82 2.766 2.716 2.664 2.622 2.579 2.535 2.496 2.458 2.425 2.388 2.359 2.326 2.296 2.266 2.244 2.22 2.196 2.173 2.147 2.127 2.107 2.088 2.071 2.058 2.04 2.027 2.009 1.996 1.984 1.948 2.058 2.179 2.308 2.462 2.64 2.841 3.085 3.362 3.707 4.118 4.653 5.327 6.265 7.588 9.594 13.203 20.896 20.888 20.891 20.893 20.905 20.921 20.948 20.975 21.011 21.057 16.498 14.726 13.308 12.123 11.146 11.166 11.212 11.26 11.32 7.923 7.492 7.116 6.783 6.483 6.196 5.944
11.538 8.885 -0.400374 1.206 1.215 1.223 1.235 1.246 1.259 1.274 1.282 1.3 1.314 1.329 1.342 1.359 1.376 1.396 1.416 1.439 1.456 1.48 1.507 1.531 1.554 1.584 1.612 1.646 1.677 1.71 1.747 1.788 1.824 1.868 1.915 1.965 2.016 2.072 2.134 2.197 2.266 2.339 2.418 2.502 2.595 2.694 2.803 2.921 3.056 3.198 3.362 3.537 3.731 3.955 4.214 4.493 4.837 5.218 5.684 6.228 6.896 7.729 8.799 10.197 11.573 11.556 11.545 11.534 11.53 11.528 11.529 11.533 11.541 11.55 11.565 11.582 11.608 11.633 11.663 11.695 11.729 11.773 8.286 7.697 7.177 6.74 6.345 6.002 5.69 5.407 5.157 4.935 4.723 4.535 4.368 4.209 4.06 3.926 3.803 3.686 3.575 3.474 3.382 3.288 3.208 3.126 3.056 2.985 2.916 2.857 2.798 2.743 2.691 2.644 2.593 2.55 2.508 2.468 2.426 2.391 2.359 2.327 2.292 2.264 2.238 2.208 2.185 2.156 2.134 2.112 2.091 2.07 2.052 2.032 2.018 2.003 1.987 1.97 1.955 1.945 1.934 1.918 1.908 1.897 1.876 2.001 2.146 2.309 2.505 2.728 3.014 3.358 3.78 4.337 5.081 6.148 7.766 10.661 16.659 20.842 20.838 20.842 20.854 20.873 20.895 20.925 20.964 21.002 17.287 15.427 13.956 12.727 11.697 11.112 11.158 11.208 11.265 11.321 7.877 7.475 7.122 6.809 6.514 6.249
11.629 8.846 -0.400374 1.249 1.259 1.271 1.278 1.289 1.304 1.315 1.328 1.343 1.358 1.374 1.391 1.411 1.428 1.447 1.467 1.488 1.512 1.531 1.557 1.583 1.612 1.643 1.67 1.703 1.736 1.773 1.808 1.85 1.892 1.938 1.985 2.035 2.088 2.144 2.207 2.273 2.346 2.418 2.505 2.592 2.685 2.786 2.902 3.025 3.162 3.312 3.476 3.66 3.868 4.098 4.35 4.661 5.008 5.4 5.876 6.447 7.132 7.973 9.095 10.524 11.481 11.467 11.455 11.443 11.437 11.438 11.436 11.443 11.447 11.46 11.473 11.495 11.513 11.538 11.567 11.599 11.636 11.681 8.114 7.522 7.029 6.584 6.207 5.868 5.57 5.296 5.053 4.826 4.626 4.441 4.271 4.118 3.973 3.839 3.719 3.605 3.499 3.4 3.306 3.221 3.139 3.062 2.991 2.922 2.857 2.795 2.74 2.682 2.635 2.584 2.54 2.496 2.453 2.413 2.376 2.343 2.306 2.276 2.245 2.214 2.19 2.16 2.135 2.111 2.089 2.067 2.047 2.029 2.01 1.992 1.974 1.959 1.94 1.926 1.914 1.904 1.888 1.881 1.869 1.857 1.851 1.841 1.792 1.827 2.057 2.238 2.471 2.751 3.106 3.562 4.183 5.067 6.441 8.706 13.832 20.8 20.799 20.802 20.816 20.836 20.857 20.887 20.923 20.964 17.915 16.013 14.487 13.227 12.126 11.228 11.116 11.172 11.226 11.284 8.162 7.761 7.381 7.056 6.756 6.475
11.814 8.767 -0.400374 1.332 1.346 1.357 1.37 1.382 1.395 1.408 1.424 1.437 1.454 1.468 1.486 1.505 1.527 1.546 1.566 1.59 1.614 1.639 1.667 1.691 1.724 1.754 1.783 1.821 1.853 1.896 1.935 1.977 2.021 2.067 2.122 2.174 2.234 2.292 2.359 2.43 2.508 2.584 2.674 2.768 2.875 2.983 3.101 3.23 3.382 3.541 3.72 3.912 4.125 4.382 4.658 4.982 5.339 5.773 6.279 6.897 7.638 8.546 9.699 11.277 11.298 11.28 11.271 11.261 11.255 11.251 11.251 11.256 11.265 11.276 11.292 11.309 11.328 11.354 11.383 11.413 11.448 8.405 7.75 7.201 6.715 6.3 5.937 5.607 5.324 5.064 4.823 4.617 4.419 4.246 4.082 3.933 3.795 3.672 3.553 3.444 3.344 3.249 3.159 3.076 2.998 2.925 2.858 2.791 2.731 2.673 2.617 2.565 2.519 2.473 2.424 2.385 2.347 2.31 2.27 2.238 2.206 2.176 2.144 2.116 2.091 2.066 2.041 2.019 1.999 1.976 1.957 1.937 1.921 1.901 1.886 1.872 1.857 1.841 1.832 1.816 1.804 1.798 1.785 1.776 1.766 1.759 1.752 1.745 1.74 1.734 1.725 1.72 1.717 1.986 2.327 2.819 3.588 4.905 7.648 20.724 20.72 20.728 20.736 20.753 20.78 20.81 20.845 20.887 20.937 17.137 15.488 14.165 13.003 12.06 11.214 11.09 11.145 11.2 11.263 11.327 7.928 7.567 7.234 6.946
11.86 8.748 -0.400374 1.355 1.366 1.377 1.392 1.401 1.416 1.431 1.445 1.461 1.478 1.494 1.51 1.529 1.552 1.57 1.594 1.617 1.639 1.668 1.69 1.719 1.751 1.783 1.816 1.849 1.886 1.925 1.966 2.007 2.057 2.104 2.156 2.21 2.27 2.33 2.401 2.468 2.548 2.632 2.718 2.814 2.917 3.032 3.156 3.288 3.43 3.592 3.776 3.97 4.193 4.448 4.727 5.054 5.436 5.874 6.376 6.992 7.741 8.694 9.899 11.271 11.252 11.238 11.221 11.216 11.208 11.205 11.207 11.211 11.22 11.228 11.243 11.261 11.284 11.309 11.337 11.367 11.406 8.301 7.649 7.116 6.634 6.221 5.86 5.537 5.262 4.998 4.773 4.565 4.372 4.197 4.04 3.889 3.757 3.631 3.517 3.405 3.306 3.209 3.121 3.044 2.965 2.893 2.825 2.76 2.701 2.64 2.591 2.536 2.49 2.442 2.397 2.356 2.32 2.282 2.247 2.211 2.182 2.152 2.12 2.091 2.067 2.039 2.02 1.995 1.973 1.953 1.935 1.918 1.898 1.883 1.863 1.848 1.834 1.822 1.81 1.798 1.786 1.775 1.764 1.758 1.744 1.738 1.731 1.725 1.719 1.71 1.706 1.704 1.695 1.655 1.688 2.275 2.859 3.917 6.162 14.862 20.704 20.706 20.717 20.736 20.76 20.789 20.825 20.867 20.918 17.423 15.748 14.387 13.211 12.257 11.395 11.069 11.123 11.182 11.242 11.306 8.053 7.689 7.356 7.066
11.999 8.688 -0.400374 1.418 1.433 1.442 1.456 1.47 1.485 1.496 1.516 1.528 1.549 1.566 1.582 1.604 1.627 1.647 1.67 1.691 1.718 1.743 1.772 1.803 1.835 1.864 1.903 1.934 1.975 2.016 2.061 2.106 2.152 2.201 2.26 2.316 2.378 2.444 2.511 2.587 2.666 2.754 2.849 2.944 3.059 3.177 3.304 3.441 3.593 3.771 3.956 4.161 4.394 4.657 4.956 5.299 5.684 6.152 6.677 7.331 8.127 9.111 10.342 11.134 11.114 11.098 11.083 11.077 11.072 11.068 11.071 11.072 11.081 11.09 11.106 11.125 11.146 11.168 11.195 11.228 11.264 8.011 7.382 6.861 6.402 6.005 5.656 5.354 5.076 4.831 4.606 4.404 4.214 4.048 3.895 3.754 3.624 3.502 3.394 3.285 3.192 3.098 3.016 2.938 2.862 2.792 2.724 2.665 2.604 2.548 2.498 2.45 2.404 2.356 2.314 2.274 2.236 2.204 2.169 2.137 2.103 2.073 2.046 2.022 1.996 1.973 1.946 1.926 1.903 1.885 1.865 1.85 1.831 1.813 1.802 1.784 1.774 1.756 1.747 1.735 1.724 1.712 1.702 1.696 1.686 1.678 1.669 1.662 1.658 1.653 1.647 1.64 1.64 1.636 1.63 1.629 1.626 1.622 1.602 3.692 20.642 20.648 20.66 20.675 20.701 20.729 20.767 20.808 20.858 20.911 16.548 15.12 13.896 12.858 11.955 11.193 11.06 11.118 11.179 11.245 11.315 8.073 7.727 7.411
12.092 8.649 -0.400374 1.462 1.475 1.489 1.498 1.515 1.529 1.544 1.559 1.576 1.593 1.612 1.631 1.652 1.675 1.697 1.719 1.745 1.77 1.797 1.828 1.856 1.888 1.922 1.96 1.995 2.033 2.078 2.121 2.168 2.216 2.272 2.325 2.383 2.447 2.517 2.59 2.664 2.747 2.836 2.934 3.039 3.146 3.267 3.404 3.548 3.708 3.876 4.072 4.297 4.534 4.808 5.107 5.455 5.874 6.338 6.898 7.562 8.358 9.356 10.642 11.038 11.02 11.007 10.994 10.982 10.978 10.974 10.979 10.982 10.99 10.999 11.013 11.03 11.053 11.078 11.104 11.137 11.172 7.83 7.22 6.691 6.243 5.862 5.528 5.227 4.951 4.709 4.491 4.294 4.115 3.95 3.803 3.664 3.537 3.415 3.31 3.209 3.114 3.023 2.942 2.862 2.793 2.723 2.662 2.597 2.542 2.491 2.436 2.388 2.343 2.3 2.26 2.22 2.182 2.146 2.115 2.084 2.052 2.026 1.996 1.97 1.946 1.922 1.898 1.88 1.856 1.838 1.824 1.803 1.786 1.771 1.757 1.741 1.731 1.714 1.706 1.69 1.682 1.672 1.663 1.652 1.644 1.638 1.63 1.622 1.615 1.611 1.607 1.603 1.598 1.596 1.59 1.589 1.589 1.585 1.582 1.586 1.582 1.546 1.584 20.635 20.66 20.688 20.726 20.768 20.816 20.872 17.065 15.6 14.33 13.239 12.349 11.541 11.021 11.079 11.139 11.203 11.271 11.349 7.965 7.64
12.269 8.574 -0.348218 1.513 1.523 1.53 1.543 1.555 1.57 1.582 1.598 1.612 1.627 1.646 1.663 1.682 1.702 1.721 1.741 1.765 1.788 1.817 1.839 1.866 1.896 1.93 1.961 1.995 2.028 2.066 2.104 2.149 2.191 2.239 2.286 2.342 2.397 2.457 2.517 2.583 2.652 2.729 2.81 2.902 2.991 3.092 3.199 3.323 3.45 3.585 3.738 3.904 4.09 4.296 4.521 4.776 5.063 5.379 5.757 6.173 6.669 7.269 7.957 8.792 9.849 10.887 10.862 10.843 10.831 10.819 10.807 10.804 10.801 10.8 10.807 10.814 10.823 10.835 10.852 10.872 10.899 10.924 10.957 10.989 7.465 6.895 6.392 5.974 5.597 5.276 4.98 4.722 4.499 4.286 4.102 3.927 3.774 3.626 3.499 3.376 3.261 3.158 3.062 2.972 2.887 2.805 2.733 2.661 2.596 2.536 2.477 2.421 2.371 2.323 2.28 2.232 2.194 2.156 2.119 2.082 2.05 2.018 1.987 1.957 1.931 1.906 1.878 1.858 1.836 1.81 1.794 1.771 1.755 1.735 1.718 1.705 1.689 1.675 1.659 1.649 1.637 1.621 1.612 1.604 1.596 1.585 1.576 1.567 1.56 1.553 1.547 1.543 1.537 1.532 1.527 1.525 1.519 1.518 1.512 1.512 1.509 1.512 1.508 1.508 1.512 1.512 1.51 1.515 1.518 1.518 1.522 1.485 20.793 20.86 16.509 15.175 14.064 13.082 12.249 11.517 10.998 11.056 11.123 11.194
12.308 8.56 -0.296062 1.497 1.51 1.518 1.525 1.538 1.548 1.559 1.574 1.585 1.598 1.613 1.632 1.646 1.662 1.681 1.698 1.72 1.739 1.763 1.785 1.809 1.836 1.863 1.887 1.919 1.947 1.98 2.016 2.054 2.092 2.13 2.172 2.215 2.265 2.313 2.367 2.421 2.48 2.545 2.614 2.686 2.764 2.845 2.936 3.031 3.13 3.241 3.365 3.495 3.638 3.794 3.959 4.151 4.36 4.584 4.851 5.13 5.475 5.841 6.273 6.782 7.38 8.1 8.968 10.048 10.847 10.825 10.803 10.788 10.777 10.77 10.763 10.761 10.761 10.765 10.775 10.785 10.797 10.818 10.839 10.864 10.888 10.92 10.952 7.341 6.777 6.294 5.882 5.513 5.196 4.911 4.66 4.436 4.234 4.048 3.881 3.723 3.582 3.453 3.331 3.219 3.118 3.024 2.936 2.851 2.772 2.699 2.63 2.568 2.51 2.449 2.398 2.344 2.301 2.254 2.209 2.167 2.133 2.095 2.059 2.027 1.993 1.966 1.936 1.911 1.884 1.857 1.837 1.815 1.793 1.773 1.753 1.737 1.718 1.701 1.687 1.67 1.659 1.645 1.631 1.619 1.606 1.597 1.589 1.578 1.566 1.56 1.555 1.546 1.541 1.532 1.526 1.519 1.517 1.51 1.509 1.505 1.504 1.501 1.498 1.499 1.495 1.497 1.493 1.496 1.497 1.5 1.499 1.501 1.503 1.509 1.509 1.475 1.521 16.609 15.263 14.122 13.156 12.315 11.582 10.943
12.41 8.533 -0.156468 1.468 1.475 1.48 1.486 1.49 1.496 1.503 1.509 1.519 1.527 1.537 1.545 1.557 1.568 1.582 1.592 1.607 1.618 1.636 1.649 1.664 1.679 1.7 1.717 1.738 1.758 1.779 1.803 1.823 1.85 1.875 1.903 1.931 1.959 1.995 2.025 2.062 2.102 2.138 2.181 2.223 2.268 2.316 2.372 2.425 2.485 2.545 2.612 2.679 2.754 2.835 2.924 3.014 3.111 3.221 3.334 3.46 3.591 3.743 3.9 4.08 4.274 4.495 4.736 5.009 5.316 5.662 6.063 6.521 7.052 7.693 8.446 9.409 10.569 10.735 10.715 10.697 10.686 10.675 10.665 10.659 10.66 10.661 10.664 10.675 10.686 10.702 10.719 10.739 10.763 10.795 10.826 7.701 7.063 6.536 6.082 5.678 5.342 5.033 4.764 4.525 4.306 4.109 3.927 3.768 3.622 3.487 3.361 3.245 3.136 3.043 2.949 2.862 2.783 2.705 2.636 2.571 2.507 2.452 2.396 2.34 2.292 2.246 2.201 2.16 2.121 2.085 2.05 2.015 1.985 1.954 1.922 1.897 1.872 1.845 1.821 1.801 1.778 1.755 1.736 1.72 1.702 1.684 1.667 1.654 1.64 1.625 1.61 1.597 1.586 1.578 1.569 1.557 1.548 1.537 1.529 1.526 1.516 1.509 1.502 1.497 1.495 1.489 1.483 1.482 1.476 1.473 1.474 1.472 1.469 1.471 1.47 1.469 1.471 1.469 1.47 1.475 1.474 1.477 1.479 1.485
12.494 8.525 -0.016874 1.46 1.459 1.463 1.462 1.467 1.469 1.472 1.477 1.48 1.486 1.488 1.494 1.5 1.51 1.514 1.525 1.529 1.539 1.55 1.557 1.567 1.581 1.592 1.604 1.62 1.634 1.648 1.663 1.679 1.698 1.711 1.734 1.75 1.771 1.795 1.818 1.843 1.865 1.894 1.92 1.951 1.982 2.013 2.046 2.084 2.12 2.162 2.203 2.25 2.296 2.345 2.396 2.455 2.514 2.577 2.644 2.714 2.788 2.874 2.962 3.053 3.156 3.267 3.381 3.513 3.65 3.798 3.968 4.157 4.357 4.58 4.825 5.11 5.427 5.787 6.198 6.678 7.244 7.911 8.74 9.71 10.672 10.646 10.63 10.61 10.601 10.587 10.582 10.579 10.579 10.578 10.585 10.595 10.607 10.62 10.64 10.664 10.689 10.719 10.749 7.477 6.887 6.369 5.944 5.553 5.228 4.933 4.673 4.437 4.234 4.041 3.864 3.71 3.561 3.43 3.311 3.2 3.095 3 2.907 2.821 2.744 2.674 2.607 2.538 2.478 2.422 2.366 2.316 2.27 2.223 2.18 2.14 2.101 2.062 2.029 1.995 1.964 1.936 1.904 1.877 1.852 1.83 1.808 1.782 1.764 1.74 1.725 1.703 1.688 1.673 1.656 1.638 1.627 1.613 1.601 1.589 1.575 1.568 1.553 1.548 1.539 1.53 1.522 1.515 1.505 1.5 1.494 1.488 1.482 1.477 1.477 1.47 1.471 1.469 1.465 1.465 1.463 1.461 1.459 1.46
12.561 8.524 1.55016e-17 1.46 1.46 1.458 1.461 1.462 1.467 1.467 1.474 1.476 1.478 1.487 1.49 1.494 1.503 1.51 1.515 1.524 1.531 1.543 1.552 1.558 1.572 1.584 1.593 1.609 1.621 1.633 1.647 1.666 1.679 1.695 1.717 1.735 1.755 1.773 1.799 1.819 1.845 1.867 1.896 1.923 1.954 1.984 2.017 2.054 2.089 2.128 2.166 2.206 2.252 2.3 2.349 2.405 2.46 2.518 2.582 2.65 2.724 2.798 2.88 2.972 3.065 3.167 3.282 3.399 3.528 3.669 3.821 3.99 4.173 4.376 4.607 4.855 5.148 5.468 5.823 6.247 6.747 7.315 8.001 8.829 9.826 10.601 10.58 10.557 10.545 10.53 10.519 10.515 10.512 10.508 10.511 10.522 10.53 10.542 10.557 10.573 10.596 10.625 10.65 10.685 7.407 6.825 6.326 5.888 5.522 5.198 4.905 4.647 4.419 4.207 4.022 3.85 3.694 3.55 3.419 3.296 3.187 3.085 2.988 2.896 2.815 2.735 2.665 2.595 2.534 2.473 2.414 2.359 2.308 2.263 2.214 2.176 2.133 2.098 2.059 2.026 1.993 1.962 1.932 1.902 1.877 1.849 1.828 1.805 1.778 1.76 1.742 1.718 1.701 1.687 1.668 1.653 1.638 1.626 1.61 1.6 1.588 1.573 1.565 1.552 1.545 1.534 1.527 1.519 1.511 1.506 1.501 1.493 1.487 1.483 1.48 1.476 1.473 1.467 1.468 1.465 1.462 1.46 1.463 1.459
12.733 8.525 1.55016e-17 1.458 1.459 1.461 1.464 1.466 1.468 1.468 1.47 1.474 1.479 1.485 1.491 1.497 1.501 1.507 1.516 1.526 1.53 1.539 1.551 1.559 1.572 1.581 1.596 1.604 1.621 1.633 1.647 1.665 1.679 1.697 1.713 1.733 1.754 1.773 1.796 1.818 1.842 1.868 1.897 1.925 1.954 1.982 2.017 2.053 2.089 2.127 2.164 2.21 2.253 2.302 2.352 2.406 2.459 2.518 2.584 2.649 2.725 2.8 2.881 2.97 3.066 3.166 3.277 3.395 3.523 3.665 3.817 3.985 4.178 4.38 4.601 4.862 5.141 5.461 5.837 6.246 6.739 7.301 7.989 8.812 9.851 10.428 10.405 10.387 10.373 10.359 10.351 10.342 10.342 10.34 10.343 10.348 10.36 10.369 10.384 10.405 10.425 10.453 10.48 10.513 7.407 6.815 6.321 5.896 5.526 5.199 4.908 4.641 4.418 4.208 4.018 3.849 3.692 3.551 3.423 3.299 3.19 3.088 2.989 2.901 2.815 2.737 2.664 2.599 2.534 2.47 2.412 2.361 2.309 2.264 2.22 2.176 2.137 2.098 2.058 2.024 1.993 1.963 1.933 1.903 1.877 1.849 1.823 1.802 1.78 1.76 1.74 1.722 1.702 1.683 1.668 1.653 1.64 1.626 1.61 1.6 1.588 1.573 1.566 1.554 1.545 1.535 1.528 1.52 1.513 1.503 1.501 1.493 1.488 1.481 1.481 1.477 1.47 1.469 1.467 1.466 1.464 1.461 1.46 1.462
12.783 8.525 1.55016e-17 1.459 1.458 1.458 1.461 1.461 1.464 1.467 1.472 1.477 1.482 1.486 1.492 1.494 1.502 1.508 1.514 1.526 1.533 1.542 1.549 1.562 1.569 1.581 1.593 1.609 1.618 1.635 1.65 1.663 1.682 1.699 1.717 1.735 1.753 1.774 1.796 1.82 1.844 1.87 1.896 1.923 1.953 1.986 2.015 2.053 2.085 2.128 2.168 2.206 2.251 2.301 2.35 2.406 2.458 2.517 2.585 2.65 2.724 2.798 2.883 2.969 3.067 3.165 3.276 3.396 3.531 3.669 3.82 3.991 4.17 4.377 4.611 4.853 5.146 5.463 5.823 6.244 6.733 7.303 8.006 8.822 9.858 10.378 10.357 10.337 10.323 10.309 10.299 10.292 10.292 10.288 10.294 10.297 10.31 10.32 10.338 10.353 10.377 10.398 10.429 10.459 7.424 6.834 6.327 5.891 5.519 5.194 4.907 4.65 4.42 4.209 4.018 3.853 3.691 3.554 3.421 3.297 3.186 3.085 2.991 2.9 2.816 2.738 2.664 2.598 2.529 2.473 2.416 2.364 2.309 2.263 2.216 2.174 2.137 2.096 2.06 2.024 1.994 1.96 1.933 1.904 1.877 1.849 1.827 1.801 1.779 1.761 1.738 1.719 1.701 1.683 1.668 1.654 1.636 1.624 1.609 1.6 1.585 1.575 1.564 1.554 1.543 1.535 1.526 1.519 1.514 1.506 1.499 1.491 1.49 1.485 1.48 1.474 1.47 1.467 1.468 1.462 1.461 1.461 1.459 1.46
12.985 8.525 1.55016e-17 1.46 1.458 1.461 1.462 1.465 1.465 1.469 1.47 1.474 1.478 1.487 1.49 1.495 1.501 1.507 1.514 1.522 1.532 1.54 1.548 1.561 1.571 1.581 1.591 1.608 1.617 1.634 1.647 1.662 1.681 1.695 1.717 1.736 1.752 1.776 1.797 1.82 1.842 1.867 1.896 1.924 1.955 1.986 2.018 2.049 2.089 2.123 2.165 2.207 2.252 2.301 2.348 2.402 2.457 2.519 2.584 2.648 2.721 2.803 2.884 2.969 3.065 3.167 3.274 3.398 3.522 3.667 3.82 3.988 4.171 4.379 4.6 4.863 5.138 5.458 5.836 6.24 6.734 7.318 7.99 8.832 9.835 10.176 10.158 10.137 10.122 10.108 10.098 10.094 10.089 10.09 10.094 10.101 10.109 10.118 10.136 10.155 10.176 10.2 10.226 10.257 10.291 6.823 6.319 5.899 5.527 5.199 4.906 4.645 4.419 4.212 4.023 3.849 3.698 3.551 3.419 3.303 3.189 3.089 2.988 2.899 2.817 2.741 2.666 2.597 2.534 2.472 2.417 2.364 2.31 2.264 2.217 2.178 2.134 2.099 2.061 2.023 1.992 1.962 1.93 1.902 1.875 1.849 1.824 1.802 1.78 1.761 1.741 1.722 1.704 1.685 1.668 1.654 1.637 1.625 1.614 1.598 1.585 1.578 1.566 1.556 1.546 1.534 1.529 1.52 1.515 1.504 1.498 1.492 1.488 1.486 1.479 1.473 1.472 1.471 1.465 1.464 1.463 1.461 1.461 1.459
13.035 8.525 1.55016e-17 1.46 1.46 1.46 1.464 1.465 1.464 1.47 1.472 1.476 1.477 1.486 1.49 1.496 1.502 1.507 1.515 1.521 1.529 1.541 1.548 1.561 1.572 1.58 1.595 1.607 1.621 1.633 1.646 1.662 1.678 1.699 1.717 1.734 1.755 1.774 1.796 1.818 1.843 1.867 1.893 1.923 1.955 1.981 2.017 2.052 2.086 2.125 2.164 2.206 2.252 2.299 2.35 2.404 2.457 2.518 2.585 2.651 2.724 2.801 2.88 2.971 3.064 3.167 3.276 3.395 3.526 3.665 3.82 3.985 4.176 4.38 4.602 4.861 5.146 5.465 5.823 6.246 6.731 7.32 7.995 8.828 9.826 10.129 10.105 10.088 10.073 10.06 10.052 10.041 10.038 10.038 10.044 10.047 10.06 10.068 10.085 10.103 10.123 10.149 10.178 10.208 10.24 6.825 6.33 5.896 5.527 5.188 4.902 4.647 4.419 4.21 4.023 3.853 3.695 3.553 3.419 3.301 3.191 3.084 2.988 2.898 2.818 2.739 2.664 2.596 2.531 2.469 2.417 2.364 2.314 2.265 2.217 2.176 2.134 2.097 2.058 2.024 1.995 1.961 1.932 1.902 1.877 1.85 1.827 1.805 1.779 1.761 1.741 1.721 1.702 1.686 1.668 1.653 1.636 1.623 1.611 1.6 1.588 1.573 1.563 1.556 1.547 1.538 1.53 1.522 1.515 1.504 1.499 1.492 1.491 1.485 1.477 1.476 1.474 1.469 1.465 1.466 1.463 1.461 1.46 1.463
13.539 8.526 1.55016e-17 1.458 1.457 1.457 1.46 1.464 1.463 1.47 1.471 1.475 1.481 1.484 1.487 1.497 1.502 1.506 1.514 1.522 1.53 1.539 1.551 1.559 1.568 1.583 1.591 1.607 1.617 1.633 1.646 1.66 1.68 1.698 1.715 1.735 1.752 1.774 1.796 1.816 1.844 1.868 1.896 1.923 1.951 1.985 2.013 2.051 2.086 2.124 2.162 2.209 2.251 2.296 2.35 2.4 2.46 2.518 2.583 2.648 2.723 2.795 2.881 2.968 3.062 3.165 3.276 3.392 3.521 3.663 3.815 3.986 4.169 4.373 4.602 4.851 5.134 5.464 5.832 6.243 6.732 7.314 7.992 8.817 9.646 9.623 9.601 9.584 9.57 9.556 9.55 9.541 9.539 9.541 9.542 9.547 9.555 9.566 9.585 9.597 9.619 9.643 9.668 9.701 9.728 9.765 6.329 5.897 5.529 5.2 4.904 4.653 4.418 4.208 4.023 3.847 3.698 3.552 3.42 3.303 3.192 3.088 2.99 2.901 2.816 2.739 2.665 2.6 2.536 2.473 2.418 2.362 2.312 2.265 2.219 2.178 2.134 2.096 2.062 2.026 1.994 1.96 1.931 1.905 1.88 1.851 1.829 1.804 1.78 1.763 1.741 1.724 1.703 1.685 1.668 1.652 1.638 1.626 1.614 1.6 1.585 1.574 1.567 1.556 1.548 1.536 1.528 1.519 1.511 1.506 1.503 1.495 1.488 1.484 1.481 1.474 1.472 1.472 1.465 1.466 1.464 1.464 1.462 1.463
13.69 8.526 1.55016e-17 1.456 1.456 1.457 1.462 1.462 1.466 1.469 1.469 1.473 1.479 1.486 1.487 1.496 1.502 1.509 1.517 1.525 1.529 1.537 1.548 1.56 1.568 1.581 1.593 1.607 1.621 1.634 1.648 1.662 1.678 1.694 1.711 1.733 1.75 1.775 1.793 1.818 1.84 1.866 1.892 1.921 1.952 1.982 2.013 2.051 2.086 2.124 2.164 2.208 2.252 2.302 2.35 2.404 2.457 2.519 2.582 2.648 2.719 2.795 2.879 2.971 3.064 3.163 3.275 3.394 3.527 3.662 3.819 3.988 4.169 4.376 4.596 4.854 5.135 5.467 5.831 6.242 6.732 7.315 7.986 8.825 9.496 9.473 9.451 9.436 9.419 9.41 9.4 9.393 9.392 9.39 9.393 9.398 9.406 9.417 9.433 9.448 9.468 9.489 9.517 9.546 9.58 9.612 6.339 5.906 5.523 5.193 4.911 4.648 4.423 4.215 4.023 3.853 3.697 3.556 3.423 3.3 3.188 3.086 2.991 2.898 2.821 2.739 2.668 2.598 2.535 2.474 2.417 2.365 2.312 2.267 2.22 2.177 2.137 2.1 2.06 2.029 1.992 1.964 1.934 1.905 1.877 1.853 1.828 1.805 1.781 1.759 1.739 1.72 1.706 1.688 1.669 1.653 1.641 1.624 1.615 1.6 1.588 1.575 1.567 1.553 1.548 1.536 1.528 1.519 1.512 1.506 1.499 1.492 1.489 1.485 1.482 1.474 1.471 1.47 1.47 1.466 1.464 1.464 1.462 1.46
13.791 8.526 1.55016e-17 1.456 1.456 1.458 1.46 1.465 1.467 1.466 1.47 1.477 1.477 1.483 1.49 1.495 1.503 1.506 1.513 1.523 1.532 1.54 1.548 1.558 1.571 1.578 1.592 1.607 1.616 1.631 1.649 1.665 1.68 1.694 1.714 1.733 1.753 1.773 1.796 1.82 1.84 1.866 1.892 1.923 1.952 1.983 2.016 2.052 2.085 2.121 2.166 2.206 2.249 2.297 2.349 2.402 2.459 2.518 2.58 2.651 2.718 2.799 2.881 2.965 3.064 3.163 3.274 3.396 3.522 3.661 3.818 3.986 4.166 4.375 4.606 4.851 5.136 5.456 5.822 6.238 6.732 7.312 7.994 8.812 9.392 9.37 9.353 9.332 9.317 9.307 9.301 9.292 9.292 9.289 9.294 9.3 9.304 9.315 9.329 9.346 9.365 9.391 9.415 9.442 9.477 9.512 6.332 5.894 5.526 5.195 4.906 4.647 4.423 4.216 4.02 3.854 3.694 3.553 3.424 3.299 3.191 3.087 2.992 2.902 2.819 2.741 2.668 2.598 2.536 2.473 2.419 2.363 2.313 2.264 2.222 2.179 2.138 2.097 2.06 2.026 1.992 1.963 1.935 1.904 1.879 1.851 1.829 1.805 1.784 1.76 1.739 1.725 1.703 1.687 1.671 1.654 1.64 1.625 1.614 1.597 1.59 1.575 1.566 1.557 1.546 1.538 1.526 1.519 1.515 1.509 1.502 1.497 1.488 1.486 1.482 1.476 1.472 1.472 1.468 1.466 1.466 1.465 1.464 1.461
13.891 8.526 1.55016e-17 1.458 1.458 1.459 1.461 1.463 1.467 1.469 1.473 1.474 1.478 1.482 1.49 1.496 1.499 1.505 1.517 1.521 1.53 1.538 1.55 1.557 1.57 1.582 1.591 1.603 1.618 1.633 1.648 1.661 1.679 1.695 1.712 1.732 1.755 1.773 1.794 1.82 1.844 1.868 1.894 1.921 1.952 1.981 2.015 2.047 2.084 2.125 2.164 2.205 2.253 2.297 2.348 2.401 2.456 2.516 2.578 2.65 2.722 2.797 2.88 2.967 3.062 3.165 3.276 3.395 3.527 3.664 3.816 3.98 4.171 4.372 4.599 4.85 5.13 5.458 5.822 6.243 6.732 7.314 7.987 8.824 9.292 9.27 9.249 9.232 9.218 9.208 9.198 9.193 9.192 9.189 9.194 9.198 9.205 9.217 9.233 9.248 9.268 9.288 9.315 9.34 9.376 9.41 6.333 5.896 5.527 5.191 4.913 4.647 4.424 4.208 4.022 3.851 3.693 3.555 3.423 3.298 3.192 3.086 2.992 2.898 2.817 2.74 2.666 2.601 2.533 2.475 2.414 2.365 2.311 2.265 2.218 2.178 2.139 2.096 2.061 2.025 1.995 1.96 1.935 1.905 1.876 1.852 1.83 1.807 1.783 1.761 1.743 1.722 1.705 1.686 1.669 1.654 1.64 1.627 1.613 1.6 1.589 1.578 1.567 1.555 1.544 1.539 1.531 1.523 1.515 1.507 1.503 1.497 1.49 1.485 1.483 1.477 1.473 1.471 1.469 1.464 1.466 1.463 1.463 1.462
14.043 8.526 1.55016e-17 1.458 1.456 1.457 1.458 1.463 1.465 1.467 1.469 1.473 1.481 1.484 1.489 1.496 1.499 1.507 1.513 1.523 1.53 1.539 1.547 1.56 1.571 1.578 1.589 1.602 1.619 1.63 1.648 1.661 1.679 1.695 1.714 1.733 1.754 1.771 1.796 1.817 1.843 1.868 1.893 1.922 1.952 1.982 2.013 2.05 2.086 2.122 2.163 2.206 2.253 2.298 2.348 2.402 2.457 2.517 2.583 2.645 2.717 2.794 2.876 2.968 3.061 3.164 3.272 3.394 3.524 3.666 3.815 3.988 4.169 4.376 4.598 4.858 5.138 5.464 5.824 6.237 6.722 7.305 7.986 8.819 9.141 9.117 9.1 9.08 9.071 9.056 9.051 9.042 9.038 9.041 9.045 9.045 9.058 9.068 9.082 9.095 9.114 9.136 9.164 9.191 9.221 9.256 9.29 5.902 5.524 5.205 4.911 4.647 4.416 4.214 4.026 3.856 3.701 3.559 3.427 3.303 3.189 3.091 2.989 2.9 2.821 2.742 2.667 2.601 2.536 2.477 2.419 2.366 2.312 2.268 2.22 2.176 2.139 2.1 2.062 2.028 1.996 1.963 1.932 1.907 1.88 1.85 1.83 1.807 1.782 1.761 1.744 1.724 1.706 1.689 1.67 1.657 1.64 1.627 1.611 1.601 1.59 1.575 1.566 1.554 1.544 1.539 1.53 1.521 1.513 1.506 1.499 1.496 1.488 1.483 1.478 1.476 1.474 1.47 1.469 1.468 1.467 1.465 1.465 1.46
14.194 8.526 1.55016e-17 1.455 1.456 1.458 1.46 1.461 1.462 1.465 1.468 1.472 1.48 1.485 1.487 1.492 1.502 1.509 1.513 1.523 1.528 1.536 1.551 1.56 1.567 1.581 1.594 1.605 1.618 1.63 1.646 1.66 1.679 1.696 1.714 1.733 1.752 1.774 1.792 1.819 1.841 1.865 1.895 1.921 1.948 1.98 2.014 2.05 2.086 2.124 2.164 2.205 2.252 2.299 2.346 2.398 2.459 2.515 2.578 2.646 2.72 2.797 2.878 2.967 3.061 3.163 3.273 3.392 3.519 3.664 3.819 3.985 4.165 4.377 4.601 4.855 5.135 5.457 5.82 6.242 6.737 7.317 7.987 8.8 8.987 8.966 8.95 8.932 8.919 8.905 8.901 8.892 8.891 8.891 8.891 8.899 8.903 8.916 8.929 8.945 8.964 8.985 9.01 9.039 9.07 9.102 9.135 5.906 5.523 5.2 4.91 4.65 4.416 4.208 4.023 3.854 3.701 3.555 3.426 3.305 3.19 3.089 2.992 2.901 2.819 2.74 2.668 2.601 2.536 2.475 2.418 2.364 2.311 2.268 2.22 2.179 2.137 2.097 2.062 2.028 1.995 1.963 1.932 1.903 1.879 1.854 1.829 1.807 1.785 1.763 1.744 1.723 1.704 1.686 1.669 1.656 1.64 1.625 1.611 1.601 1.587 1.578 1.564 1.553 1.548 1.536 1.528 1.519 1.513 1.507 1.501 1.496 1.491 1.484 1.483 1.476 1.474 1.473 1.468 1.468 1.465 1.463 1.461 1.464
14.244 8.527 1.55016e-17 1.458 1.457 1.458 1.46 1.461 1.463 1.466 1.472 1.477 1.48 1.484 1.488 1.495 1.499 1.508 1.515 1.522 1.531 1.54 1.55 1.558 1.567 1.579 1.593 1.603 1.62 1.629 1.649 1.663 1.68 1.694 1.714 1.731 1.751 1.772 1.793 1.819 1.839 1.867 1.894 1.92 1.95 1.98 2.014 2.047 2.084 2.124 2.16 2.205 2.248 2.299 2.349 2.402 2.454 2.515 2.579 2.65 2.718 2.794 2.881 2.968 3.061 3.163 3.274 3.393 3.518 3.662 3.817 3.983 4.165 4.375 4.601 4.855 5.133 5.457 5.818 6.253 6.718 7.307 7.975 8.796 8.939 8.919 8.898 8.882 8.869 8.857 8.847 8.841 8.838 8.84 8.844 8.85 8.855 8.868 8.879 8.897 8.913 8.933 8.959 8.987 9.016 9.05 9.087 5.904 5.528 5.207 4.913 4.657 4.423 4.215 4.022 3.856 3.694 3.553 3.426 3.304 3.195 3.09 2.99 2.904 2.823 2.74 2.669 2.597 2.535 2.472 2.417 2.365 2.313 2.269 2.218 2.178 2.139 2.099 2.062 2.027 1.993 1.964 1.935 1.903 1.876 1.854 1.83 1.806 1.781 1.761 1.743 1.725 1.702 1.689 1.672 1.656 1.643 1.627 1.614 1.6 1.589 1.578 1.565 1.554 1.546 1.538 1.531 1.521 1.516 1.508 1.503 1.496 1.492 1.484 1.482 1.477 1.471 1.469 1.471 1.464 1.464 1.461 1.462 1.461
14.446 8.527 1.55016e-17 1.456 1.457 1.46 1.459 1.462 1.462 1.468 1.469 1.473 1.477 1.485 1.488 1.495 1.499 1.507 1.513 1.524 1.529 1.538 1.547 1.557 1.569 1.578 1.593 1.603 1.616 1.632 1.644 1.664 1.676 1.693 1.712 1.732 1.753 1.774 1.792 1.817 1.839 1.867 1.892 1.92 1.95 1.983 2.013 2.047 2.083 2.121 2.163 2.204 2.249 2.296 2.346 2.403 2.454 2.514 2.579 2.647 2.717 2.796 2.875 2.965 3.063 3.161 3.272 3.392 3.523 3.664 3.819 3.987 4.166 4.375 4.597 4.851 5.131 5.458 5.824 6.235 6.727 7.293 7.991 8.758 8.736 8.715 8.699 8.681 8.668 8.656 8.646 8.643 8.642 8.642 8.643 8.648 8.656 8.667 8.68 8.695 8.713 8.732 8.757 8.783 8.814 8.845 8.878 5.904 5.522 5.203 4.913 4.647 4.423 4.211 4.029 3.856 3.699 3.553 3.424 3.3 3.193 3.087 2.992 2.906 2.818 2.743 2.667 2.6 2.535 2.475 2.416 2.362 2.315 2.264 2.221 2.177 2.137 2.1 2.062 2.025 1.996 1.963 1.932 1.905 1.88 1.852 1.829 1.805 1.785 1.763 1.743 1.721 1.707 1.689 1.672 1.656 1.641 1.628 1.613 1.598 1.59 1.576 1.568 1.555 1.546 1.539 1.531 1.524 1.515 1.509 1.502 1.497 1.491 1.488 1.48 1.48 1.475 1.47 1.467 1.466 1.463 1.466 1.462 1.464
14.597 8.527 1.55016e-17 1.458 1.456 1.46 1.458 1.459 1.462 1.464 1.468 1.473 1.476 1.482 1.487 1.495 1.5 1.506 1.515 1.522 1.531 1.539 1.546 1.555 1.568 1.578 1.593 1.606 1.617 1.633 1.647 1.66 1.679 1.692 1.715 1.733 1.751 1.77 1.792 1.817 1.839 1.864 1.891 1.92 1.95 1.979 2.014 2.049 2.085 2.121 2.162 2.205 2.248 2.294 2.348 2.399 2.455 2.515 2.576 2.647 2.717 2.797 2.879 2.966 3.06 3.165 3.274 3.394 3.521 3.659 3.812 3.983 4.166 4.373 4.6 4.854 5.139 5.453 5.814 6.234 6.726 7.289 7.971 8.608 8.585 8.563 8.545 8.53 8.519 8.506 8.5 8.495 8.491 8.489 8.49 8.496 8.505 8.515 8.526 8.541 8.562 8.583 8.605 8.631 8.658 8.692 8.723 8.762 5.532 5.196 4.914 4.648 4.422 4.217 4.024 3.854 3.698 3.56 3.425 3.301 3.192 3.088 2.991 2.903 2.823 2.744 2.672 2.602 2.533 2.477 2.42 2.366 2.314 2.269 2.223 2.179 2.136 2.1 2.06 2.028 1.998 1.962 1.936 1.903 1.877 1.851 1.83 1.805 1.786 1.761 1.74 1.721 1.706 1.686 1.672 1.657 1.639 1.626 1.613 1.599 1.59 1.575 1.569 1.554 1.548 1.541 1.532 1.519 1.514 1.507 1.501 1.494 1.488 1.486 1.482 1.478 1.472 1.47 1.471 1.468 1.466 1.465 1.464 1.462
14.798 8.527 1.55016e-17 1.456 1.457 1.455 1.458 1.464 1.463 1.467 1.471 1.472 1.477 1.482 1.487 1.494 1.5 1.504 1.514 1.521 1.528 1.537 1.549 1.559 1.568 1.581 1.592 1.605 1.615 1.632 1.644 1.659 1.679 1.696 1.713 1.729 1.749 1.769 1.792 1.816 1.841 1.867 1.892 1.919 1.95 1.98 2.013 2.046 2.084 2.121 2.163 2.204 2.249 2.298 2.348 2.396 2.457 2.516 2.579 2.648 2.717 2.798 2.878 2.965 3.06 3.161 3.268 3.394 3.521 3.656 3.814 3.98 4.161 4.373 4.598 4.855 5.128 5.462 5.82 6.239 6.72 7.293 7.984 8.405 8.381 8.362 8.343 8.327 8.315 8.306 8.298 8.292 8.289 8.29 8.294 8.297 8.306 8.314 8.325 8.341 8.358 8.38 8.399 8.427 8.457 8.484 8.522 8.557 5.535 5.206 4.916 4.655 4.426 4.219 4.024 3.859 3.699 3.558 3.425 3.302 3.193 3.091 2.994 2.906 2.823 2.741 2.668 2.603 2.537 2.478 2.416 2.365 2.315 2.27 2.222 2.178 2.138 2.1 2.064 2.028 1.996 1.964 1.933 1.904 1.88 1.855 1.829 1.804 1.784 1.761 1.742 1.721 1.705 1.687 1.671 1.658 1.64 1.625 1.612 1.603 1.587 1.58 1.567 1.557 1.547 1.537 1.532 1.521 1.517 1.506 1.502 1.494 1.491 1.486 1.48 1.479 1.474 1.47 1.47 1.469 1.464 1.464 1.464 1.461
14.949 8.527 1.55016e-17 1.454 1.457 1.459 1.46 1.463 1.461 1.464 1.469 1.473 1.479 1.48 1.487 1.491 1.498 1.503 1.511 1.519 1.53 1.539 1.547 1.555 1.566 1.58 1.589 1.602 1.619 1.633 1.643 1.662 1.676 1.693 1.714 1.731 1.748 1.772 1.792 1.816 1.839 1.867 1.89 1.922 1.951 1.983 2.013 2.046 2.083 2.12 2.163 2.203 2.25 2.296 2.347 2.397 2.455 2.514 2.579 2.646 2.719 2.792 2.879 2.963 3.06 3.159 3.271 3.39 3.519 3.657 3.812 3.979 4.164 4.37 4.595 4.843 5.131 5.457 5.825 6.245 6.722 7.311 7.967 8.252 8.231 8.21 8.192 8.177 8.163 8.154 8.146 8.141 8.138 8.138 8.143 8.147 8.154 8.166 8.175 8.189 8.206 8.228 8.25 8.273 8.302 8.334 8.365 8.4 8.443 5.2 4.915 4.656 4.419 4.217 4.026 3.857 3.702 3.559 3.426 3.303 3.192 3.091 2.994 2.907 2.823 2.743 2.67 2.604 2.537 2.477 2.42 2.366 2.314 2.265 2.225 2.18 2.139 2.101 2.064 2.027 1.994 1.964 1.932 1.904 1.88 1.852 1.831 1.807 1.784 1.762 1.74 1.723 1.706 1.688 1.672 1.657 1.639 1.629 1.616 1.599 1.59 1.576 1.566 1.559 1.547 1.54 1.531 1.522 1.517 1.51 1.5 1.497 1.493 1.488 1.484 1.479 1.472 1.473 1.471 1.468 1.465 1.465 1.464 1.462
15.05 8.528 1.55016e-17 1.453 1.454 1.459 1.457 1.463 1.464 1.465 1.471 1.471 1.476 1.482 1.485 1.492 1.498 1.505 1.514 1.523 1.53 1.536 1.547 1.555 1.567 1.581 1.592 1.602 1.614 1.629 1.646 1.659 1.677 1.696 1.713 1.733 1.748 1.771 1.792 1.818 1.839 1.868 1.894 1.919 1.948 1.98 2.013 2.047 2.082 2.122 2.16 2.204 2.246 2.295 2.345 2.398 2.452 2.517 2.576 2.645 2.718 2.795 2.873 2.963 3.06 3.162 3.27 3.395 3.519 3.662 3.813 3.979 4.168 4.37 4.597 4.85 5.13 5.453 5.811 6.241 6.725 7.302 7.977 8.151 8.129 8.108 8.092 8.076 8.067 8.058 8.047 8.044 8.039 8.038 8.041 8.045 8.052 8.066 8.073 8.091 8.108 8.124 8.147 8.176 8.203 8.228 8.262 8.298 8.335 5.21 4.915 4.656 4.425 4.215 4.028 3.859 3.7 3.556 3.425 3.306 3.193 3.092 2.994 2.902 2.822 2.744 2.669 2.602 2.54 2.477 2.419 2.366 2.315 2.265 2.22 2.179 2.138 2.102 2.066 2.032 1.994 1.964 1.937 1.905 1.879 1.853 1.831 1.807 1.786 1.764 1.745 1.725 1.707 1.691 1.673 1.657 1.643 1.625 1.614 1.604 1.588 1.579 1.567 1.558 1.55 1.537 1.528 1.523 1.513 1.508 1.502 1.496 1.493 1.487 1.48 1.476 1.474 1.472 1.472 1.469 1.467 1.466 1.465 1.463
15.252 8.528 1.55016e-17 1.456 1.455 1.459 1.46 1.46 1.465 1.465 1.471 1.474 1.477 1.483 1.488 1.494 1.498 1.507 1.51 1.521 1.528 1.536 1.549 1.556 1.569 1.58 1.593 1.604 1.616 1.632 1.645 1.66 1.678 1.695 1.71 1.729 1.749 1.772 1.795 1.818 1.842 1.867 1.893 1.919 1.949 1.983 2.013 2.046 2.081 2.119 2.159 2.205 2.249 2.294 2.346 2.398 2.453 2.515 2.577 2.642 2.715 2.793 2.873 2.968 3.057 3.162 3.269 3.393 3.518 3.655 3.811 3.983 4.166 4.37 4.596 4.844 5.134 5.459 5.82 6.23 6.714 7.307 7.976 7.947 7.926 7.91 7.89 7.879 7.867 7.856 7.848 7.843 7.841 7.839 7.84 7.847 7.851 7.861 7.876 7.89 7.903 7.922 7.947 7.968 7.998 8.028 8.058 8.091 8.131 8.168 4.911 4.655 4.424 4.218 4.03 3.857 3.701 3.555 3.429 3.304 3.195 3.091 2.995 2.905 2.818 2.746 2.672 2.605 2.538 2.477 2.419 2.365 2.317 2.269 2.219 2.179 2.141 2.102 2.064 2.028 1.996 1.967 1.938 1.908 1.882 1.854 1.831 1.806 1.784 1.761 1.742 1.722 1.705 1.691 1.671 1.655 1.644 1.625 1.612 1.601 1.591 1.579 1.569 1.556 1.547 1.54 1.531 1.523 1.518 1.507 1.502 1.497 1.493 1.488 1.481 1.48 1.476 1.471 1.47 1.469 1.467 1.463 1.466 1.464
15.554 8.528 1.55016e-17 1.457 1.455 1.459 1.457 1.462 1.463 1.467 1.469 1.471 1.479 1.481 1.488 1.491 1.496 1.507 1.512 1.521 1.53 1.537 1.547 1.556 1.57 1.577 1.589 1.602 1.618 1.629 1.645 1.66 1.674 1.695 1.713 1.731 1.747 1.772 1.791 1.817 1.837 1.864 1.891 1.917 1.951 1.982 2.013 2.047 2.08 2.121 2.162 2.201 2.248 2.296 2.345 2.399 2.452 2.516 2.578 2.644 2.718 2.792 2.873 2.964 3.055 3.164 3.27 3.391 3.519 3.657 3.809 3.98 4.163 4.371 4.6 4.841 5.126 5.456 5.814 6.229 6.719 7.287 7.667 7.647 7.623 7.605 7.59 7.577 7.563 7.557 7.549 7.542 7.542 7.538 7.541 7.546 7.553 7.564 7.575 7.589 7.605 7.621 7.643 7.668 7.691 7.719 7.749 7.784 7.818 7.857 7.897 4.657 4.427 4.219 4.029 3.86 3.702 3.559 3.429 3.31 3.191 3.094 2.992 2.905 2.823 2.743 2.674 2.601 2.537 2.478 2.421 2.37 2.316 2.268 2.223 2.182 2.142 2.1 2.065 2.029 1.998 1.964 1.937 1.909 1.882 1.854 1.83 1.806 1.782 1.762 1.744 1.723 1.705 1.687 1.675 1.658 1.642 1.628 1.616 1.6 1.588 1.58 1.568 1.558 1.551 1.541 1.533 1.523 1.517 1.51 1.504 1.498 1.493 1.488 1.48 1.481 1.475 1.471 1.47 1.466 1.469 1.467 1.466 1.466
15.755 8.528 1.55016e-17 1.453 1.456 1.458 1.457 1.458 1.462 1.465 1.467 1.47 1.479 1.48 1.485 1.494 1.498 1.504 1.514 1.521 1.527 1.539 1.545 1.555 1.565 1.576 1.59 1.602 1.617 1.629 1.643 1.657 1.677 1.691 1.71 1.731 1.751 1.77 1.793 1.813 1.841 1.862 1.89 1.917 1.949 1.981 2.011 2.046 2.082 2.12 2.161 2.2 2.247 2.293 2.343 2.396 2.456 2.514 2.578 2.643 2.714 2.794 2.877 2.965 3.058 3.163 3.267 3.391 3.521 3.658 3.811 3.977 4.166 4.364 4.594 4.845 5.127 5.445 5.819 6.228 6.714 7.304 7.463 7.443 7.424 7.402 7.388 7.373 7.363 7.354 7.347 7.344 7.34 7.342 7.344 7.346 7.354 7.361 7.374 7.383 7.403 7.418 7.44 7.46 7.487 7.513 7.546 7.575 7.612 7.646 7.687 4.651 4.425 4.217 4.033 3.859 3.7 3.559 3.427 3.305 3.192 3.092 2.995 2.903 2.821 2.743 2.67 2.602 2.54 2.476 2.42 2.369 2.316 2.27 2.225 2.182 2.141 2.102 2.067 2.031 1.995 1.967 1.935 1.907 1.879 1.855 1.831 1.808 1.787 1.765 1.746 1.725 1.705 1.689 1.675 1.657 1.641 1.63 1.614 1.602 1.59 1.579 1.567 1.556 1.549 1.541 1.532 1.525 1.518 1.507 1.501 1.498 1.49 1.488 1.48 1.479 1.474 1.474 1.47 1.47 1.464 1.466 1.466 1.465
15.906 8.529 1.55016e-17 1.455 1.457 1.456 1.459 1.458 1.462 1.466 1.467 1.472 1.478 1.483 1.485 1.491 1.496 1.504 1.512 1.519 1.527 1.534 1.547 1.555 1.566 1.578 1.59 1.604 1.615 1.631 1.642 1.66 1.674 1.693 1.709 1.73 1.749 1.771 1.79 1.816 1.841 1.864 1.891 1.917 1.949 1.98 2.011 2.045 2.084 2.119 2.161 2.205 2.244 2.294 2.347 2.397 2.452 2.514 2.579 2.645 2.715 2.795 2.875 2.965 3.061 3.16 3.273 3.388 3.52 3.658 3.81 3.976 4.162 4.369 4.589 4.849 5.137 5.449 5.813 6.237 6.719 7.302 7.311 7.291 7.273 7.251 7.238 7.222 7.215 7.204 7.199 7.195 7.189 7.191 7.192 7.197 7.202 7.211 7.222 7.236 7.252 7.266 7.285 7.31 7.334 7.36 7.39 7.423 7.454 7.494 7.534 7.575 4.428 4.215 4.029 3.855 3.702 3.558 3.429 3.305 3.197 3.093 2.995 2.905 2.823 2.747 2.671 2.605 2.538 2.479 2.421 2.37 2.316 2.268 2.224 2.182 2.141 2.102 2.067 2.032 2 1.968 1.934 1.911 1.881 1.854 1.83 1.807 1.787 1.763 1.745 1.727 1.709 1.691 1.673 1.66 1.643 1.629 1.613 1.602 1.592 1.577 1.571 1.558 1.548 1.538 1.533 1.521 1.516 1.507 1.502 1.498 1.49 1.488 1.481 1.481 1.477 1.471 1.469 1.469 1.466 1.466 1.464 1.466
16.108 8.529 1.55016e-17 1.454 1.456 1.458 1.457 1.459 1.463 1.463 1.47 1.471 1.477 1.479 1.484 1.489 1.496 1.506 1.514 1.52 1.528 1.538 1.548 1.558 1.568 1.576 1.592 1.603 1.618 1.631 1.644 1.658 1.675 1.693 1.713 1.73 1.748 1.77 1.793 1.816 1.84 1.863 1.889 1.919 1.95 1.98 2.009 2.046 2.082 2.12 2.158 2.202 2.245 2.295 2.343 2.398 2.456 2.513 2.576 2.642 2.713 2.795 2.874 2.961 3.061 3.157 3.27 3.388 3.52 3.657 3.806 3.978 4.165 4.368 4.592 4.847 5.128 5.446 5.818 6.237 6.723 7.132 7.109 7.09 7.07 7.049 7.033 7.023 7.01 7.003 6.998 6.992 6.988 6.991 6.992 6.997 7.004 7.009 7.021 7.032 7.049 7.066 7.084 7.104 7.127 7.155 7.186 7.212 7.247 7.284 7.323 7.363 7.406 4.223 4.033 3.859 3.704 3.559 3.432 3.309 3.198 3.096 2.996 2.905 2.823 2.747 2.672 2.603 2.536 2.481 2.421 2.37 2.32 2.269 2.226 2.181 2.143 2.102 2.067 2.03 1.996 1.965 1.936 1.909 1.881 1.857 1.828 1.807 1.787 1.763 1.743 1.723 1.709 1.689 1.674 1.657 1.645 1.626 1.617 1.603 1.592 1.578 1.567 1.556 1.551 1.539 1.533 1.522 1.519 1.511 1.502 1.497 1.49 1.488 1.481 1.48 1.476 1.474 1.47 1.467 1.467 1.468 1.465 1.463
16.309 8.529 1.55016e-17 1.456 1.454 1.456 1.456 1.459 1.463 1.465 1.469 1.471 1.477 1.483 1.487 1.493 1.497 1.506 1.511 1.519 1.527 1.538 1.544 1.554 1.564 1.575 1.588 1.603 1.617 1.631 1.643 1.661 1.674 1.694 1.711 1.727 1.749 1.768 1.792 1.814 1.837 1.862 1.891 1.916 1.949 1.978 2.013 2.043 2.084 2.117 2.159 2.201 2.245 2.292 2.342 2.399 2.454 2.513 2.576 2.642 2.718 2.792 2.874 2.961 3.056 3.157 3.268 3.386 3.515 3.657 3.808 3.972 4.163 4.361 4.594 4.84 5.125 5.449 5.807 6.224 6.718 6.927 6.907 6.887 6.863 6.848 6.834 6.822 6.813 6.801 6.796 6.794 6.789 6.791 6.794 6.797 6.802 6.809 6.818 6.831 6.848 6.865 6.883 6.904 6.927 6.952 6.98 7.01 7.041 7.078 7.113 7.153 7.196 7.242 4.034 3.861 3.702 3.561 3.432 3.307 3.196 3.097 2.999 2.905 2.824 2.744 2.674 2.605 2.54 2.479 2.422 2.369 2.321 2.271 2.223 2.18 2.141 2.104 2.065 2.029 1.995 1.966 1.936 1.91 1.883 1.858 1.832 1.81 1.786 1.764 1.745 1.726 1.71 1.69 1.671 1.657 1.641 1.63 1.617 1.601 1.59 1.58 1.567 1.557 1.548 1.54 1.534 1.525 1.518 1.509 1.504 1.499 1.491 1.49 1.484 1.479 1.474 1.475 1.472 1.467 1.468 1.467 1.467 1.467
16.461 8.529 1.55016e-17 1.454 1.456 1.456 1.455 1.458 1.46 1.467 1.469 1.473 1.477 1.481 1.484 1.491 1.496 1.504 1.512 1.521 1.528 1.536 1.546 1.554 1.567 1.578 1.591 1.602 1.615 1.627 1.643 1.658 1.676 1.693 1.708 1.728 1.746 1.77 1.789 1.812 1.837 1.865 1.888 1.916 1.947 1.979 2.008 2.047 2.081 2.119 2.161 2.204 2.245 2.296 2.344 2.394 2.453 2.512 2.573 2.642 2.714 2.794 2.872 2.962 3.055 3.156 3.268 3.386 3.513 3.66 3.813 3.976 4.16 4.362 4.591 4.849 5.128 5.454 5.812 6.228 6.723 6.776 6.751 6.732 6.716 6.696 6.681 6.672 6.66 6.654 6.647 6.641 6.642 6.639 6.64 6.644 6.65 6.66 6.671 6.684 6.697 6.709 6.732 6.75 6.771 6.796 6.825 6.853 6.883 6.921 6.955 6.997 7.036 7.078 7.128 3.86 3.701 3.558 3.43 3.309 3.199 3.093 2.999 2.905 2.827 2.746 2.675 2.603 2.538 2.481 2.424 2.369 2.316 2.27 2.222 2.179 2.141 2.103 2.066 2.032 2 1.968 1.937 1.911 1.883 1.853 1.832 1.809 1.784 1.765 1.747 1.726 1.706 1.691 1.673 1.66 1.643 1.628 1.614 1.603 1.59 1.581 1.568 1.558 1.548 1.538 1.53 1.523 1.515 1.508 1.502 1.498 1.495 1.488 1.486 1.479 1.474 1.474 1.47 1.468 1.469 1.466 1.464 1.463
16.712 8.53 1.55016e-17 1.454 1.452 1.456 1.456 1.459 1.461 1.466 1.47 1.471 1.476 1.478 1.484 1.492 1.499 1.503 1.512 1.519 1.527 1.535 1.546 1.554 1.564 1.576 1.591 1.6 1.614 1.63 1.643 1.658 1.673 1.692 1.709 1.729 1.749 1.77 1.79 1.812 1.836 1.863 1.889 1.917 1.948 1.979 2.012 2.043 2.079 2.12 2.157 2.201 2.246 2.293 2.344 2.397 2.45 2.509 2.577 2.639 2.712 2.792 2.873 2.961 3.055 3.156 3.267 3.382 3.517 3.658 3.808 3.973 4.161 4.358 4.589 4.845 5.118 5.448 5.812 6.222 6.542 6.52 6.498 6.481 6.459 6.446 6.431 6.42 6.409 6.402 6.396 6.392 6.39 6.388 6.391 6.395 6.403 6.408 6.42 6.432 6.442 6.46 6.477 6.495 6.518 6.541 6.565 6.595 6.629 6.657 6.691 6.731 6.774 6.816 6.857 6.908 3.705 3.561 3.428 3.312 3.195 3.092 2.997 2.909 2.822 2.746 2.671 2.605 2.543 2.478 2.423 2.368 2.319 2.271 2.223 2.183 2.144 2.103 2.065 2.03 1.997 1.966 1.938 1.909 1.88 1.855 1.834 1.81 1.784 1.767 1.745 1.726 1.709 1.692 1.673 1.656 1.642 1.631 1.618 1.603 1.592 1.579 1.568 1.559 1.55 1.542 1.534 1.523 1.518 1.512 1.503 1.497 1.492 1.488 1.484 1.482 1.478 1.472 1.473 1.471 1.468 1.466 1.468 1.468
16.864 8.53 1.55016e-17 1.451 1.456 1.453 1.459 1.46 1.459 1.466 1.465 1.469 1.477 1.478 1.485 1.491 1.495 1.503 1.512 1.518 1.529 1.535 1.544 1.556 1.564 1.576 1.587 1.601 1.612 1.627 1.641 1.657 1.674 1.691 1.708 1.726 1.747 1.768 1.789 1.812 1.837 1.864 1.888 1.918 1.947 1.978 2.009 2.046 2.082 2.12 2.16 2.199 2.248 2.294 2.344 2.395 2.453 2.512 2.575 2.641 2.714 2.786 2.872 2.96 3.051 3.157 3.263 3.385 3.515 3.654 3.808 3.973 4.155 4.367 4.583 4.841 5.12 5.452 5.811 6.224 6.393 6.367 6.346 6.325 6.312 6.293 6.279 6.267 6.26 6.25 6.246 6.24 6.241 6.239 6.242 6.245 6.249 6.257 6.267 6.279 6.291 6.308 6.322 6.346 6.363 6.387 6.412 6.439 6.471 6.504 6.535 6.572 6.612 6.656 6.698 6.746 6.792 3.564 3.434 3.313 3.201 3.094 2.999 2.911 2.825 2.749 2.673 2.605 2.539 2.48 2.425 2.372 2.317 2.269 2.223 2.182 2.143 2.105 2.067 2.033 1.996 1.966 1.939 1.91 1.88 1.855 1.832 1.808 1.785 1.764 1.745 1.725 1.708 1.69 1.675 1.661 1.643 1.628 1.618 1.603 1.591 1.582 1.57 1.557 1.551 1.543 1.535 1.523 1.518 1.51 1.504 1.5 1.494 1.489 1.484 1.482 1.474 1.476 1.473 1.468 1.469 1.467 1.464 1.466
17.015 8.53 1.55016e-17 1.453 1.455 1.456 1.458 1.456 1.458 1.462 1.469 1.47 1.476 1.478 1.486 1.489 1.499 1.503 1.51 1.521 1.524 1.534 1.543 1.553 1.567 1.576 1.586 1.599 1.612 1.626 1.641 1.66 1.676 1.692 1.711 1.73 1.748 1.766 1.789 1.815 1.836 1.862 1.889 1.916 1.947 1.977 2.011 2.044 2.081 2.117 2.158 2.2 2.246 2.29 2.343 2.396 2.451 2.509 2.574 2.64 2.712 2.791 2.874 2.96 3.056 3.155 3.266 3.385 3.518 3.652 3.807 3.974 4.159 4.365 4.588 4.839 5.127 5.45 5.801 6.225 6.237 6.214 6.193 6.173 6.157 6.141 6.128 6.117 6.107 6.103 6.094 6.094 6.091 6.089 6.092 6.095 6.099 6.108 6.116 6.13 6.141 6.154 6.174 6.19 6.213 6.235 6.259 6.288 6.318 6.344 6.381 6.415 6.453 6.493 6.539 6.585 6.629 6.682 3.431 3.31 3.198 3.097 3 2.908 2.824 2.749 2.674 2.608 2.539 2.48 2.421 2.372 2.318 2.272 2.223 2.182 2.145 2.105 2.068 2.031 2.001 1.966 1.936 1.91 1.882 1.858 1.833 1.807 1.785 1.763 1.744 1.724 1.707 1.693 1.673 1.658 1.646 1.628 1.616 1.604 1.593 1.578 1.57 1.558 1.548 1.539 1.535 1.526 1.518 1.509 1.503 1.497 1.494 1.488 1.485 1.479 1.478 1.472 1.472 1.471 1.47 1.469 1.467 1.466
17.115 8.53 1.55016e-17 1.452 1.452 1.455 1.458 1.461 1.46 1.462 1.467 1.47 1.474 1.479 1.485 1.491 1.499 1.502 1.509 1.518 1.528 1.536 1.547 1.553 1.563 1.574 1.59 1.601 1.613 1.626 1.642 1.657 1.675 1.688 1.71 1.73 1.747 1.767 1.788 1.814 1.839 1.86 1.887 1.917 1.946 1.979 2.007 2.044 2.081 2.119 2.159 2.199 2.243 2.292 2.343 2.395 2.45 2.513 2.573 2.641 2.712 2.792 2.873 2.959 3.05 3.154 3.266 3.385 3.513 3.653 3.81 3.977 4.156 4.359 4.589 4.845 5.127 5.448 5.809 6.16 6.136 6.113 6.09 6.075 6.056 6.04 6.027 6.018 6.008 6.001 5.997 5.992 5.99 5.992 5.994 5.997 6.002 6.009 6.015 6.025 6.04 6.052 6.073 6.091 6.11 6.132 6.158 6.181 6.21 6.24 6.276 6.312 6.349 6.388 6.43 6.475 6.519 6.574 6.624 3.315 3.195 3.095 2.996 2.907 2.823 2.747 2.672 2.605 2.54 2.482 2.426 2.373 2.32 2.271 2.229 2.182 2.144 2.106 2.068 2.034 2.002 1.969 1.94 1.91 1.882 1.858 1.832 1.81 1.785 1.765 1.748 1.728 1.71 1.691 1.674 1.66 1.642 1.628 1.616 1.606 1.593 1.581 1.572 1.559 1.55 1.542 1.531 1.524 1.517 1.512 1.506 1.497 1.493 1.487 1.486 1.483 1.479 1.472 1.472 1.468 1.468 1.465 1.467 1.466
17.267 8.53 1.55016e-17 1.451 1.454 1.455 1.457 1.459 1.46 1.465 1.469 1.469 1.475 1.478 1.482 1.491 1.494 1.504 1.51 1.519 1.526 1.534 1.544 1.554 1.564 1.578 1.587 1.601 1.615 1.629 1.643 1.657 1.673 1.69 1.709 1.726 1.747 1.766 1.792 1.813 1.836 1.863 1.89 1.915 1.946 1.976 2.008 2.043 2.082 2.117 2.156 2.201 2.242 2.292 2.341 2.396 2.452 2.507 2.573 2.64 2.713 2.787 2.873 2.959 3.053 3.157 3.265 3.386 3.511 3.657 3.807 3.974 4.154 4.359 4.592 4.836 5.123 5.441 5.809 6.005 5.983 5.962 5.937 5.921 5.904 5.889 5.876 5.869 5.856 5.849 5.846 5.842 5.839 5.838 5.842 5.843 5.85 5.856 5.867 5.878 5.889 5.902 5.917 5.937 5.956 5.977 6.004 6.029 6.056 6.083 6.118 6.152 6.191 6.225 6.266 6.313 6.359 6.406 6.459 6.515 3.199 3.095 2.998 2.908 2.826 2.746 2.675 2.605 2.54 2.483 2.423 2.372 2.322 2.271 2.226 2.182 2.144 2.105 2.066 2.031 1.998 1.969 1.939 1.909 1.885 1.857 1.832 1.809 1.786 1.766 1.744 1.727 1.707 1.691 1.673 1.659 1.646 1.632 1.615 1.604 1.59 1.581 1.572 1.56 1.549 1.541 1.535 1.523 1.517 1.511 1.503 1.498 1.494 1.487 1.486 1.482 1.477 1.472 1.473 1.471 1.469 1.469 1.468 1.468
17.468 8.53 1.55016e-17 1.454 1.454 1.453 1.456 1.456 1.46 1.463 1.468 1.471 1.472 1.478 1.482 1.491 1.496 1.501 1.512 1.517 1.525 1.534 1.543 1.556 1.563 1.574 1.585 1.599 1.615 1.628 1.639 1.659 1.672 1.689 1.709 1.73 1.746 1.766 1.792 1.812 1.836 1.86 1.891 1.915 1.946 1.976 2.008 2.045 2.078 2.118 2.156 2.197 2.242 2.29 2.341 2.393 2.449 2.508 2.575 2.638 2.711 2.786 2.871 2.959 3.049 3.153 3.265 3.382 3.514 3.654 3.809 3.978 4.156 4.362 4.589 4.839 5.116 5.441 5.801 5.801 5.776 5.753 5.735 5.717 5.702 5.689 5.676 5.668 5.66 5.652 5.644 5.641 5.64 5.641 5.642 5.644 5.649 5.657 5.664 5.675 5.686 5.702 5.714 5.735 5.753 5.772 5.794 5.823 5.85 5.878 5.909 5.944 5.978 6.014 6.053 6.098 6.14 6.186 6.238 6.288 6.344 3.096 2.997 2.909 2.828 2.747 2.676 2.606 2.543 2.483 2.425 2.37 2.322 2.272 2.227 2.183 2.142 2.103 2.067 2.034 2 1.968 1.938 1.911 1.885 1.857 1.833 1.808 1.79 1.766 1.745 1.726 1.711 1.692 1.677 1.661 1.646 1.628 1.619 1.605 1.59 1.582 1.572 1.561 1.55 1.541 1.532 1.525 1.516 1.513 1.507 1.501 1.494 1.491 1.482 1.48 1.478 1.475 1.47 1.472 1.467 1.47 1.465 1.466
17.569 8.531 1.55016e-17 1.454 1.454 1.456 1.454 1.456 1.459 1.465 1.466 1.472 1.476 1.481 1.486 1.49 1.498 1.504 1.508 1.518 1.525 1.536 1.545 1.555 1.566 1.576 1.588 1.599 1.614 1.629 1.644 1.657 1.672 1.689 1.71 1.729 1.746 1.77 1.789 1.812 1.838 1.864 1.888 1.918 1.948 1.974 2.006 2.045 2.08 2.118 2.156 2.2 2.243 2.288 2.343 2.394 2.452 2.509 2.574 2.639 2.712 2.791 2.874 2.957 3.053 3.155 3.267 3.384 3.516 3.654 3.804 3.97 4.161 4.36 4.586 4.841 5.121 5.445 5.723 5.694 5.675 5.654 5.634 5.616 5.604 5.588 5.576 5.566 5.557 5.548 5.544 5.541 5.542 5.54 5.539 5.544 5.551 5.559 5.565 5.573 5.585 5.602 5.617 5.631 5.65 5.67 5.697 5.719 5.742 5.771 5.806 5.836 5.87 5.908 5.943 5.989 6.03 6.079 6.128 6.18 6.233 6.29 2.999 2.913 2.829 2.748 2.678 2.606 2.543 2.483 2.425 2.37 2.319 2.271 2.229 2.184 2.141 2.106 2.065 2.032 2.002 1.968 1.938 1.912 1.882 1.858 1.833 1.808 1.789 1.768 1.747 1.728 1.71 1.691 1.674 1.66 1.643 1.633 1.619 1.603 1.592 1.579 1.568 1.559 1.549 1.544 1.533 1.524 1.519 1.513 1.507 1.499 1.495 1.489 1.485 1.484 1.479 1.474 1.471 1.469 1.468 1.469 1.465 1.467
17.72 8.531 1.55016e-17 1.453 1.451 1.454 1.455 1.458 1.461 1.464 1.467 1.467 1.476 1.479 1.482 1.491 1.498 1.504 1.507 1.518 1.525 1.532 1.541 1.552 1.563 1.577 1.589 1.598 1.612 1.625 1.641 1.656 1.675 1.688 1.706 1.726 1.748 1.767 1.791 1.815 1.835 1.862 1.887 1.917 1.946 1.977 2.01 2.042 2.082 2.116 2.155 2.2 2.243 2.289 2.342 2.394 2.447 2.506 2.572 2.641 2.713 2.786 2.867 2.959 3.053 3.154 3.266 3.38 3.511 3.655 3.802 3.972 4.153 4.354 4.587 4.841 5.124 5.443 5.568 5.542 5.52 5.5 5.483 5.467 5.448 5.434 5.425 5.414 5.406 5.4 5.394 5.392 5.389 5.387 5.391 5.393 5.399 5.403 5.413 5.422 5.436 5.449 5.461 5.481 5.497 5.519 5.542 5.565 5.588 5.618 5.648 5.677 5.711 5.747 5.783 5.826 5.867 5.912 5.961 6.013 6.064 6.121 6.177 6.239 2.829 2.748 2.673 2.607 2.542 2.483 2.424 2.372 2.319 2.272 2.228 2.186 2.144 2.104 2.067 2.035 2 1.969 1.937 1.912 1.884 1.856 1.833 1.81 1.79 1.769 1.745 1.73 1.71 1.691 1.675 1.659 1.644 1.629 1.617 1.605 1.594 1.583 1.568 1.561 1.55 1.54 1.533 1.523 1.517 1.51 1.503 1.5 1.493 1.491 1.487 1.481 1.476 1.473 1.474 1.472 1.469 1.47 1.469 1.465
17.921 8.531 1.55016e-17 1.454 1.451 1.454 1.457 1.459 1.462 1.464 1.466 1.468 1.475 1.479 1.484 1.491 1.494 1.505 1.509 1.517 1.524 1.535 1.542 1.553 1.564 1.576 1.585 1.6 1.614 1.626 1.64 1.658 1.673 1.69 1.708 1.728 1.747 1.765 1.787 1.811 1.836 1.863 1.885 1.913 1.946 1.974 2.007 2.042 2.078 2.119 2.155 2.199 2.245 2.293 2.338 2.39 2.451 2.51 2.574 2.641 2.71 2.787 2.867 2.959 3.054 3.152 3.263 3.38 3.511 3.655 3.802 3.969 4.158 4.358 4.584 4.834 5.115 5.388 5.359 5.339 5.314 5.296 5.279 5.264 5.249 5.236 5.224 5.214 5.207 5.199 5.194 5.192 5.19 5.192 5.191 5.192 5.197 5.203 5.211 5.223 5.233 5.245 5.26 5.277 5.292 5.311 5.335 5.356 5.379 5.409 5.435 5.465 5.5 5.535 5.572 5.61 5.653 5.692 5.74 5.791 5.837 5.893 5.948 6.007 6.072 6.135 2.68 2.606 2.543 2.483 2.424 2.371 2.323 2.272 2.226 2.185 2.144 2.104 2.066 2.035 1.999 1.967 1.94 1.909 1.881 1.858 1.833 1.812 1.787 1.768 1.748 1.726 1.711 1.693 1.678 1.659 1.645 1.63 1.62 1.603 1.595 1.579 1.572 1.559 1.552 1.544 1.536 1.527 1.517 1.513 1.504 1.5 1.493 1.491 1.488 1.479 1.48 1.474 1.474 1.471 1.471 1.47 1.468 1.465
18.073 8.531 1.55016e-17 1.452 1.452 1.454 1.453 1.458 1.459 1.465 1.465 1.469 1.475 1.48 1.483 1.49 1.493 1.503 1.509 1.517 1.524 1.533 1.546 1.553 1.566 1.575 1.588 1.6 1.612 1.625 1.643 1.659 1.672 1.69 1.71 1.729 1.745 1.769 1.788 1.81 1.837 1.859 1.889 1.916 1.947 1.977 2.008 2.043 2.078 2.114 2.158 2.199 2.244 2.289 2.34 2.394 2.448 2.508 2.575 2.641 2.708 2.787 2.869 2.957 3.052 3.151 3.259 3.383 3.513 3.649 3.804 3.968 4.157 4.356 4.586 4.835 5.124 5.227 5.208 5.184 5.16 5.141 5.125 5.11 5.094 5.086 5.073 5.063 5.057 5.052 5.047 5.043 5.038 5.039 5.043 5.043 5.047 5.053 5.063 5.069 5.08 5.095 5.109 5.123 5.141 5.16 5.181 5.204 5.226 5.252 5.277 5.309 5.342 5.373 5.411 5.447 5.488 5.531 5.574 5.622 5.671 5.724 5.775 5.835 5.893 5.96 6.025 6.097 2.543 2.484 2.424 2.37 2.32 2.273 2.229 2.183 2.146 2.106 2.071 2.034 1.999 1.971 1.938 1.909 1.884 1.861 1.835 1.808 1.79 1.767 1.748 1.729 1.712 1.693 1.675 1.662 1.643 1.634 1.616 1.605 1.592 1.582 1.572 1.559 1.549 1.544 1.534 1.525 1.52 1.511 1.504 1.498 1.493 1.49 1.487 1.481 1.479 1.478 1.471 1.472 1.469 1.468 1.469 1.468
18.375 8.532 1.55016e-17 1.452 1.453 1.456 1.455 1.456 1.457 1.462 1.465 1.467 1.475 1.476 1.483 1.488 1.493 1.501 1.51 1.517 1.523 1.535 1.542 1.554 1.564 1.575 1.584 1.598 1.613 1.626 1.643 1.654 1.673 1.689 1.71 1.728 1.745 1.767 1.789 1.812 1.836 1.86 1.886 1.914 1.944 1.976 2.007 2.042 2.077 2.114 2.157 2.195 2.243 2.287 2.338 2.393 2.449 2.509 2.571 2.636 2.711 2.785 2.87 2.957 3.05 3.152 3.265 3.378 3.513 3.647 3.803 3.969 4.151 4.359 4.589 4.838 4.942 4.918 4.897 4.876 4.856 4.835 4.821 4.808 4.792 4.782 4.77 4.762 4.756 4.747 4.746 4.742 4.739 4.74 4.743 4.746 4.748 4.751 4.763 4.769 4.778 4.79 4.804 4.816 4.834 4.851 4.873 4.892 4.912 4.94 4.965 4.996 5.024 5.057 5.086 5.121 5.16 5.199 5.244 5.287 5.331 5.383 5.434 5.491 5.543 5.607 5.667 5.731 5.804 5.875 5.955 6.034 2.321 2.275 2.229 2.186 2.146 2.104 2.068 2.033 2.001 1.969 1.942 1.911 1.884 1.858 1.835 1.812 1.788 1.767 1.747 1.73 1.71 1.693 1.679 1.661 1.648 1.631 1.619 1.606 1.593 1.581 1.57 1.563 1.551 1.54 1.535 1.527 1.521 1.514 1.507 1.499 1.496 1.488 1.484 1.48 1.479 1.476 1.474 1.471 1.471 1.469 1.47 1.465
18.526 8.532 1.55016e-17 1.449 1.453 1.453 1.454 1.456 1.458 1.464 1.464 1.468 1.474 1.478 1.484 1.489 1.497 1.504 1.507 1.517 1.526 1.532 1.544 1.552 1.564 1.575 1.588 1.598 1.611 1.628 1.64 1.656 1.673 1.689 1.709 1.727 1.746 1.767 1.788 1.812 1.836 1.859 1.889 1.913 1.944 1.975 2.006 2.04 2.077 2.115 2.154 2.196 2.241 2.29 2.337 2.395 2.449 2.507 2.571 2.638 2.713 2.786 2.865 2.955 3.052 3.152 3.262 3.381 3.51 3.646 3.801 3.969 4.151 4.36 4.586 4.81 4.784 4.764 4.739 4.721 4.703 4.686 4.666 4.653 4.641 4.629 4.621 4.61 4.605 4.601 4.593 4.591 4.589 4.589 4.592 4.596 4.6 4.602 4.608 4.617 4.63 4.641 4.651 4.665 4.683 4.698 4.716 4.74 4.759 4.782 4.808 4.837 4.862 4.893 4.928 4.961 4.996 5.035 5.077 5.119 5.163 5.211 5.263 5.314 5.368 5.429 5.488 5.551 5.62 5.688 5.766 5.84 5.926 6.012 2.229 2.184 2.145 2.106 2.071 2.033 2.001 1.973 1.942 1.91 1.885 1.858 1.834 1.81 1.789 1.769 1.748 1.729 1.71 1.693 1.677 1.66 1.646 1.633 1.617 1.608 1.595 1.583 1.571 1.56 1.553 1.541 1.537 1.528 1.521 1.512 1.505 1.501 1.498 1.493 1.486 1.48 1.481 1.476 1.472 1.473 1.469 1.47 1.467 1.468
18.677 8.532 1.55016e-17 1.451 1.453 1.453 1.454 1.458 1.459 1.462 1.466 1.469 1.472 1.477 1.484 1.489 1.495 1.503 1.508 1.517 1.526 1.535 1.543 1.555 1.566 1.573 1.584 1.601 1.612 1.626 1.64 1.656 1.67 1.688 1.705 1.724 1.746 1.768 1.786 1.81 1.832 1.86 1.888 1.914 1.945 1.974 2.009 2.04 2.079 2.114 2.155 2.195 2.243 2.289 2.34 2.392 2.45 2.507 2.571 2.641 2.709 2.787 2.867 2.957 3.05 3.154 3.265 3.382 3.51 3.645 3.8 3.969 4.152 4.355 4.585 4.656 4.631 4.607 4.586 4.566 4.55 4.529 4.517 4.504 4.49 4.478 4.466 4.462 4.453 4.446 4.444 4.439 4.441 4.442 4.439 4.441 4.45 4.455 4.461 4.465 4.477 4.488 4.499 4.515 4.527 4.546 4.565 4.582 4.604 4.626 4.652 4.676 4.702 4.734 4.768 4.801 4.834 4.87 4.913 4.953 4.996 5.039 5.087 5.142 5.195 5.251 5.306 5.368 5.437 5.504 5.577 5.648 5.729 5.816 5.902 5.993 6.093 2.108 2.069 2.037 2.004 1.969 1.94 1.91 1.885 1.859 1.832 1.81 1.788 1.767 1.75 1.726 1.712 1.695 1.678 1.66 1.645 1.632 1.618 1.607 1.596 1.584 1.569 1.559 1.55 1.541 1.537 1.527 1.518 1.514 1.505 1.503 1.498 1.492 1.485 1.484 1.478 1.477 1.472 1.469 1.471 1.471 1.47 1.466
18.828 8.532 1.55016e-17 1.449 1.454 1.452 1.455 1.459 1.458 1.461 1.467 1.467 1.471 1.479 1.48 1.486 1.496 1.502 1.506 1.514 1.524 1.532 1.541 1.551 1.564 1.574 1.588 1.6 1.614 1.627 1.639 1.656 1.669 1.689 1.706 1.725 1.744 1.767 1.788 1.809 1.834 1.86 1.884 1.914 1.944 1.977 2.009 2.039 2.078 2.116 2.153 2.197 2.241 2.289 2.337 2.388 2.446 2.504 2.568 2.637 2.711 2.785 2.867 2.957 3.053 3.15 3.26 3.38 3.508 3.647 3.802 3.969 4.153 4.351 4.524 4.495 4.471 4.451 4.429 4.411 4.397 4.376 4.364 4.348 4.337 4.328 4.319 4.308 4.304 4.3 4.292 4.29 4.291 4.288 4.291 4.292 4.299 4.305 4.307 4.318 4.328 4.337 4.348 4.362 4.374 4.393 4.408 4.429 4.447 4.471 4.496 4.521 4.546 4.575 4.604 4.637 4.672 4.707 4.745 4.785 4.827 4.873 4.917 4.966 5.019 5.074 5.131 5.191 5.251 5.32 5.386 5.458 5.534 5.616 5.701 5.793 5.886 5.982 6.089 6.198 2.001 1.97 1.939 1.915 1.886 1.86 1.836 1.81 1.789 1.771 1.748 1.73 1.712 1.692 1.679 1.663 1.646 1.634 1.621 1.609 1.594 1.584 1.575 1.561 1.554 1.542 1.536 1.529 1.52 1.515 1.508 1.502 1.496 1.491 1.486 1.481 1.477 1.474 1.472 1.471 1.472 1.47 1.469 1.466
18.979 8.532 1.55016e-17 1.453 1.453 1.453 1.453 1.454 1.46 1.459 1.466 1.469 1.47 1.48 1.482 1.489 1.494 1.501 1.507 1.515 1.523 1.535 1.541 1.553 1.561 1.573 1.583 1.597 1.61 1.625 1.639 1.657 1.674 1.687 1.704 1.726 1.744 1.767 1.789 1.81 1.836 1.859 1.887 1.914 1.945 1.973 2.007 2.041 2.075 2.116 2.154 2.2 2.242 2.29 2.337 2.389 2.45 2.508 2.568 2.638 2.707 2.788 2.869 2.955 3.049 3.15 3.256 3.378 3.509 3.647 3.796 3.97 4.153 4.354 4.364 4.34 4.315 4.296 4.276 4.256 4.241 4.224 4.208 4.196 4.186 4.175 4.169 4.16 4.154 4.146 4.146 4.142 4.138 4.14 4.139 4.145 4.146 4.151 4.156 4.164 4.174 4.186 4.194 4.207 4.225 4.239 4.257 4.274 4.292 4.315 4.337 4.362 4.388 4.414 4.444 4.472 4.507 4.541 4.576 4.619 4.656 4.703 4.747 4.791 4.841 4.893 4.951 5.008 5.07 5.134 5.198 5.268 5.344 5.421 5.505 5.586 5.679 5.772 5.874 5.976 6.089 6.206 6.332 1.913 1.885 1.858 1.836 1.81 1.791 1.768 1.747 1.731 1.713 1.692 1.675 1.663 1.646 1.632 1.62 1.608 1.596 1.582 1.572 1.563 1.552 1.545 1.537 1.527 1.519 1.514 1.509 1.501 1.498 1.491 1.485 1.484 1.48 1.475 1.476 1.47 1.472 1.467 1.468 1.47
19.181 8.533 1.55016e-17 1.452 1.454 1.45 1.454 1.454 1.458 1.462 1.464 1.467 1.474 1.475 1.48 1.488 1.495 1.5 1.509 1.516 1.522 1.532 1.544 1.55 1.561 1.572 1.583 1.596 1.614 1.624 1.638 1.656 1.673 1.69 1.704 1.727 1.745 1.765 1.786 1.81 1.835 1.858 1.884 1.914 1.945 1.973 2.004 2.039 2.078 2.114 2.152 2.195 2.241 2.288 2.339 2.39 2.448 2.505 2.567 2.637 2.706 2.786 2.869 2.957 3.05 3.15 3.26 3.379 3.508 3.642 3.804 3.968 4.149 4.18 4.153 4.131 4.111 4.09 4.069 4.054 4.034 4.02 4.006 3.997 3.982 3.974 3.966 3.959 3.953 3.948 3.946 3.941 3.938 3.94 3.939 3.945 3.947 3.951 3.959 3.965 3.973 3.982 3.992 4.005 4.02 4.032 4.051 4.064 4.086 4.105 4.126 4.15 4.175 4.201 4.229 4.259 4.289 4.321 4.355 4.394 4.434 4.473 4.514 4.562 4.607 4.659 4.708 4.766 4.822 4.884 4.948 5.016 5.085 5.156 5.238 5.319 5.402 5.492 5.587 5.692 5.799 5.906 6.026 6.146 6.283 6.417 6.566 6.725 1.789 1.77 1.748 1.731 1.711 1.692 1.676 1.664 1.647 1.635 1.618 1.607 1.592 1.585 1.572 1.564 1.554 1.543 1.535 1.529 1.519 1.512 1.505 1.502 1.498 1.493 1.489 1.482 1.479 1.478 1.472 1.47 1.47 1.471 1.467 1.466
19.382 8.533 1.55016e-17 1.45 1.449 1.453 1.453 1.457 1.46 1.462 1.465 1.469 1.474 1.477 1.48 1.487 1.493 1.5 1.51 1.517 1.525 1.53 1.54 1.553 1.563 1.572 1.586 1.597 1.611 1.625 1.639 1.653 1.672 1.688 1.705 1.722 1.743 1.763 1.784 1.809 1.833 1.857 1.887 1.913 1.945 1.972 2.005 2.04 2.078 2.115 2.156 2.197 2.241 2.286 2.336 2.39 2.445 2.505 2.571 2.637 2.708 2.786 2.865 2.953 3.049 3.152 3.262 3.38 3.505 3.647 3.8 3.966 3.992 3.964 3.941 3.922 3.902 3.883 3.865 3.848 3.829 3.816 3.802 3.794 3.78 3.771 3.766 3.756 3.753 3.747 3.744 3.74 3.74 3.741 3.739 3.745 3.748 3.752 3.758 3.764 3.771 3.782 3.79 3.802 3.813 3.83 3.846 3.859 3.878 3.898 3.916 3.942 3.963 3.989 4.012 4.041 4.073 4.101 4.136 4.169 4.206 4.249 4.289 4.328 4.377 4.422 4.47 4.525 4.577 4.637 4.698 4.762 4.828 4.896 4.969 5.048 5.129 5.213 5.305 5.403 5.502 5.607 5.72 5.834 5.96 6.092 6.235 6.386 6.539 6.711 6.889 7.079 7.286 7.499 1.676 1.662 1.648 1.633 1.619 1.605 1.594 1.582 1.574 1.561 1.555 1.546 1.537 1.528 1.518 1.512 1.506 1.502 1.497 1.493 1.486 1.482 1.481 1.479 1.473 1.474 1.472 1.469 1.468 1.47
19.533 8.533 1.55016e-17 1.449 1.451 1.453 1.455 1.456 1.459 1.46 1.462 1.465 1.474 1.479 1.481 1.489 1.492 1.501 1.506 1.513 1.524 1.534 1.542 1.55 1.564 1.574 1.587 1.599 1.608 1.622 1.637 1.652 1.668 1.687 1.705 1.723 1.744 1.762 1.788 1.809 1.834 1.858 1.886 1.915 1.943 1.973 2.006 2.038 2.074 2.115 2.154 2.194 2.24 2.286 2.339 2.388 2.445 2.503 2.568 2.634 2.707 2.781 2.864 2.95 3.049 3.151 3.258 3.379 3.506 3.651 3.794 3.858 3.832 3.806 3.786 3.762 3.743 3.725 3.706 3.69 3.676 3.665 3.65 3.64 3.63 3.62 3.612 3.608 3.601 3.594 3.594 3.592 3.592 3.589 3.589 3.592 3.597 3.602 3.605 3.611 3.621 3.628 3.64 3.649 3.661 3.673 3.688 3.706 3.725 3.741 3.76 3.781 3.805 3.827 3.854 3.877 3.907 3.939 3.97 4.004 4.039 4.075 4.116 4.156 4.201 4.246 4.294 4.344 4.395 4.452 4.507 4.571 4.631 4.7 4.768 4.845 4.921 5.006 5.094 5.182 5.28 5.382 5.487 5.602 5.723 5.85 5.981 6.128 6.279 6.439 6.612 6.799 6.99 7.206 7.428 7.67 7.93 8.21 1.618 1.608 1.594 1.583 1.57 1.565 1.555 1.546 1.536 1.527 1.521 1.515 1.506 1.503 1.494 1.489 1.488 1.482 1.479 1.479 1.473 1.472 1.47 1.469 1.471 1.468
19.685 8.533 1.55016e-17 1.45 1.453 1.45 1.455 1.456 1.46 1.462 1.463 1.468 1.474 1.478 1.48 1.487 1.494 1.5 1.508 1.515 1.525 1.531 1.542 1.551 1.561 1.571 1.583 1.595 1.612 1.624 1.641 1.655 1.668 1.689 1.706 1.725 1.745 1.762 1.786 1.811 1.833 1.859 1.885 1.914 1.941 1.972 2.006 2.039 2.077 2.111 2.152 2.195 2.242 2.287 2.335 2.388 2.443 2.503 2.569 2.634 2.705 2.784 2.864 2.952 3.048 3.146 3.256 3.38 3.505 3.646 3.72 3.695 3.67 3.649 3.629 3.606 3.586 3.571 3.553 3.538 3.524 3.508 3.499 3.488 3.477 3.468 3.461 3.457 3.449 3.445 3.444 3.439 3.439 3.438 3.442 3.444 3.446 3.45 3.457 3.461 3.47 3.476 3.488 3.497 3.506 3.523 3.533 3.55 3.568 3.586 3.605 3.626 3.644 3.668 3.693 3.717 3.744 3.771 3.806 3.836 3.872 3.906 3.944 3.98 4.021 4.066 4.114 4.159 4.21 4.262 4.318 4.378 4.44 4.503 4.572 4.644 4.718 4.797 4.882 4.966 5.059 5.157 5.26 5.371 5.486 5.605 5.732 5.867 6.017 6.174 6.332 6.51 6.701 6.9 7.121 7.349 7.6 7.869 8.159 8.475 8.818 9.202 9.617 1.564 1.552 1.542 1.537 1.531 1.519 1.514 1.507 1.5 1.498 1.489 1.486 1.485 1.481 1.48 1.475 1.472 1.471 1.471 1.467 1.467
20.088 8.534 1.55016e-17 1.452 1.448 1.452 1.454 1.454 1.458 1.459 1.466 1.467 1.471 1.474 1.483 1.488 1.493 1.497 1.508 1.514 1.524 1.53 1.539 1.553 1.563 1.573 1.584 1.597 1.611 1.625 1.64 1.656 1.671 1.686 1.704 1.722 1.742 1.765 1.787 1.807 1.83 1.859 1.881 1.91 1.943 1.973 2.004 2.039 2.074 2.111 2.152 2.193 2.242 2.285 2.335 2.39 2.445 2.504 2.565 2.632 2.705 2.782 2.864 2.953 3.045 3.15 3.26 3.367 3.341 3.314 3.29 3.266 3.246 3.225 3.203 3.187 3.172 3.153 3.141 3.127 3.112 3.103 3.09 3.081 3.072 3.066 3.058 3.056 3.049 3.046 3.044 3.041 3.041 3.041 3.042 3.04 3.045 3.049 3.055 3.06 3.065 3.071 3.08 3.089 3.101 3.11 3.124 3.139 3.153 3.17 3.184 3.204 3.223 3.24 3.261 3.288 3.31 3.334 3.364 3.393 3.418 3.451 3.484 3.522 3.555 3.594 3.633 3.677 3.724 3.769 3.818 3.872 3.924 3.979 4.042 4.1 4.169 4.241 4.313 4.392 4.47 4.559 4.647 4.742 4.847 4.952 5.07 5.188 5.319 5.456 5.6 5.754 5.919 6.093 6.292 6.494 6.716 6.958 7.217 7.495 7.796 8.127 8.498 8.902 9.362 9.849 10.406 11.055 11.742 12.565 13.509 14.623 15.915 17.511 19.428 20.69 20.643 20.604 1.474 1.474 1.473 1.472 1.47 1.468
20.339 8.534 1.55016e-17 1.452 1.451 1.451 1.453 1.454 1.459 1.462 1.465 1.466 1.472 1.474 1.479 1.487 1.494 1.499 1.507 1.516 1.521 1.532 1.539 1.552 1.562 1.572 1.585 1.597 1.61 1.624 1.64 1.656 1.671 1.688 1.705 1.724 1.74 1.762 1.783 1.808 1.832 1.857 1.883 1.913 1.942 1.973 2.004 2.037 2.075 2.113 2.152 2.192 2.24 2.287 2.336 2.388 2.445 2.504 2.566 2.631 2.707 2.784 2.867 2.954 3.045 3.141 3.116 3.087 3.067 3.043 3.017 2.998 2.975 2.958 2.943 2.923 2.909 2.893 2.881 2.867 2.856 2.847 2.837 2.83 2.822 2.812 2.806 2.804 2.797 2.795 2.791 2.791 2.788 2.789 2.791 2.793 2.793 2.797 2.803 2.806 2.815 2.819 2.827 2.838 2.845 2.856 2.866 2.88 2.893 2.909 2.923 2.94 2.957 2.973 2.992 3.014 3.036 3.062 3.086 3.112 3.14 3.169 3.198 3.233 3.262 3.299 3.338 3.377 3.416 3.46 3.505 3.551 3.6 3.654 3.707 3.766 3.826 3.891 3.959 4.029 4.105 4.184 4.268 4.353 4.447 4.543 4.649 4.758 4.879 5.002 5.139 5.284 5.434 5.6 5.775 5.963 6.164 6.386 6.619 6.882 7.16 7.46 7.801 8.172 8.582 9.042 9.552 10.126 10.782 11.536 12.408 13.431 14.62 16.032 17.795 20.014 20.646 20.605 20.571 20.54 20.518 20.503 20.494 20.489
20.541 8.534 1.55016e-17 1.448 1.449 1.45 1.454 1.455 1.455 1.458 1.462 1.468 1.472 1.475 1.48 1.487 1.491 1.499 1.505 1.515 1.523 1.533 1.54 1.55 1.56 1.57 1.581 1.595 1.611 1.625 1.636 1.654 1.671 1.688 1.706 1.725 1.741 1.765 1.785 1.81 1.831 1.857 1.884 1.911 1.943 1.972 2.004 2.038 2.075 2.111 2.153 2.194 2.236 2.286 2.336 2.39 2.442 2.503 2.566 2.636 2.705 2.785 2.865 2.949 2.943 2.919 2.894 2.867 2.843 2.821 2.8 2.781 2.762 2.745 2.729 2.715 2.703 2.685 2.674 2.664 2.653 2.643 2.634 2.624 2.617 2.613 2.606 2.604 2.6 2.595 2.59 2.591 2.592 2.591 2.589 2.595 2.593 2.598 2.603 2.607 2.61 2.616 2.623 2.634 2.644 2.649 2.66 2.674 2.688 2.701 2.713 2.726 2.744 2.762 2.78 2.801 2.82 2.842 2.866 2.886 2.913 2.943 2.968 2.996 3.03 3.062 3.096 3.132 3.172 3.212 3.253 3.296 3.343 3.394 3.445 3.496 3.552 3.608 3.672 3.739 3.808 3.881 3.958 4.044 4.128 4.219 4.318 4.418 4.528 4.648 4.773 4.901 5.043 5.199 5.357 5.535 5.719 5.923 6.144 6.378 6.642 6.932 7.24 7.587 7.967 8.398 8.861 9.418 10.028 10.714 11.523 12.464 13.573 14.887 16.529 18.553 20.645 20.603 20.572 20.54 20.52 20.504 20.493 20.492
20.642 8.534 1.55016e-17 1.448 1.451 1.453 1.452 1.456 1.457 1.459 1.464 1.468 1.469 1.473 1.481 1.484 1.495 1.497 1.506 1.515 1.521 1.529 1.542 1.55 1.561 1.574 1.581 1.596 1.608 1.621 1.64 1.653 1.669 1.684 1.702 1.723 1.742 1.76 1.787 1.805 1.83 1.857 1.884 1.909 1.939 1.97 2.003 2.04 2.074 2.109 2.15 2.194 2.239 2.288 2.334 2.39 2.443 2.504 2.566 2.632 2.705 2.783 2.863 2.859 2.83 2.807 2.779 2.757 2.736 2.714 2.696 2.676 2.659 2.639 2.625 2.609 2.594 2.581 2.57 2.559 2.552 2.539 2.531 2.522 2.52 2.509 2.504 2.503 2.496 2.496 2.492 2.492 2.489 2.488 2.493 2.492 2.495 2.498 2.502 2.507 2.511 2.516 2.526 2.532 2.537 2.551 2.559 2.571 2.581 2.595 2.609 2.623 2.641 2.656 2.674 2.692 2.71 2.733 2.752 2.777 2.802 2.826 2.852 2.882 2.911 2.943 2.975 3.012 3.047 3.084 3.127 3.168 3.217 3.262 3.306 3.359 3.415 3.471 3.532 3.594 3.664 3.734 3.809 3.884 3.969 4.056 4.152 4.253 4.354 4.471 4.585 4.717 4.847 4.991 5.15 5.319 5.499 5.699 5.903 6.135 6.392 6.66 6.959 7.299 7.665 8.073 8.53 9.044 9.625 10.307 11.07 11.952 13.024 14.325 15.854 17.85 20.347 20.604 20.573 20.539 20.522 20.501 20.496 20.491
20.84 8.535 -0.016874 1.451 1.449 1.453 1.456 1.458 1.457 1.464 1.466 1.47 1.474 1.48 1.485 1.493 1.498 1.505 1.516 1.524 1.533 1.541 1.549 1.559 1.57 1.581 1.596 1.608 1.625 1.635 1.655 1.671 1.687 1.705 1.721 1.743 1.761 1.785 1.806 1.832 1.856 1.884 1.912 1.941 1.971 2.002 2.038 2.074 2.112 2.155 2.195 2.239 2.286 2.334 2.39 2.447 2.504 2.567 2.634 2.706 2.685 2.659 2.63 2.604 2.583 2.56 2.539 2.516 2.498 2.482 2.461 2.449 2.434 2.416 2.402 2.393 2.378 2.367 2.358 2.349 2.338 2.33 2.326 2.32 2.313 2.308 2.304 2.3 2.299 2.297 2.294 2.294 2.295 2.293 2.293 2.295 2.3 2.301 2.31 2.312 2.32 2.325 2.33 2.337 2.348 2.357 2.366 2.379 2.391 2.4 2.418 2.429 2.446 2.461 2.479 2.497 2.515 2.536 2.558 2.579 2.602 2.63 2.657 2.683 2.714 2.742 2.776 2.807 2.846 2.88 2.919 2.958 3.005 3.048 3.095 3.146 3.2 3.253 3.31 3.375 3.441 3.506 3.581 3.658 3.741 3.822 3.919 4.012 4.115 4.227 4.343 4.464 4.604 4.746 4.902 5.071 5.253 5.446 5.66 5.893 6.146 6.421 6.726 7.062 7.445 7.863 8.337 8.894 9.504 10.204 11.037 12.02 13.217 14.651 16.477 18.857 20.605 20.571 20.54 20.521 20.502 20.492 20.489 20.495
20.998 8.522 -0.208624 1.498 1.505 1.511 1.517 1.523 1.532 1.54 1.552 1.559 1.571 1.582 1.594 1.606 1.62 1.632 1.648 1.664 1.682 1.698 1.713 1.734 1.75 1.773 1.797 1.82 1.843 1.868 1.893 1.921 1.95 1.982 2.012 2.045 2.086 2.123 2.16 2.203 2.25 2.296 2.342 2.396 2.455 2.512 2.574 2.564 2.536 2.509 2.482 2.457 2.431 2.412 2.391 2.369 2.349 2.33 2.315 2.297 2.283 2.268 2.255 2.243 2.23 2.217 2.209 2.2 2.187 2.181 2.173 2.169 2.162 2.153 2.152 2.145 2.143 2.139 2.14 2.134 2.135 2.134 2.137 2.137 2.14 2.142 2.144 2.15 2.155 2.159 2.165 2.17 2.175 2.184 2.192 2.203 2.214 2.222 2.233 2.249 2.263 2.275 2.288 2.303 2.324 2.341 2.356 2.379 2.397 2.422 2.445 2.468 2.494 2.519 2.546 2.578 2.607 2.641 2.673 2.714 2.748 2.787 2.831 2.877 2.922 2.967 3.02 3.072 3.127 3.189 3.25 3.321 3.389 3.467 3.544 3.632 3.721 3.812 3.912 4.02 4.134 4.26 4.392 4.532 4.688 4.855 5.026 5.224 5.438 5.669 5.915 6.2 6.511 6.856 7.234 7.673 8.153 8.71 9.359 10.105 10.982 12.042 13.321 14.925 17.01 19.692 20.566 20.536 20.51 20.495 20.482 20.479 20.479 20.486 17.027 12.418 9.757 8.083 6.878 5.99 5.33 4.774 4.34 3.972
21.104 8.493 -0.400374 1.635 1.648 1.662 1.677 1.691 1.705 1.722 1.744 1.763 1.778 1.8 1.825 1.844 1.872 1.898 1.921 1.952 1.978 2.008 2.042 2.075 2.111 2.148 2.193 2.236 2.276 2.327 2.372 2.428 2.481 2.508 2.478 2.445 2.417 2.391 2.365 2.341 2.322 2.3 2.279 2.256 2.237 2.222 2.208 2.189 2.172 2.158 2.147 2.134 2.123 2.11 2.101 2.094 2.084 2.078 2.07 2.061 2.056 2.051 2.047 2.04 2.04 2.033 2.031 2.033 2.029 2.033 2.03 2.029 2.032 2.035 2.04 2.041 2.043 2.05 2.054 2.062 2.068 2.075 2.084 2.093 2.102 2.108 2.121 2.13 2.144 2.157 2.172 2.185 2.201 2.217 2.238 2.255 2.273 2.293 2.317 2.34 2.364 2.389 2.413 2.439 2.468 2.502 2.534 2.567 2.6 2.638 2.676 2.716 2.76 2.805 2.856 2.903 2.96 3.016 3.07 3.134 3.201 3.273 3.344 3.423 3.504 3.591 3.686 3.785 3.896 4.012 4.131 4.264 4.407 4.56 4.726 4.904 5.097 5.316 5.549 5.801 6.092 6.404 6.754 7.137 7.584 8.097 8.677 9.35 10.159 11.107 12.236 13.627 15.453 17.726 20.545 20.515 20.491 20.468 20.459 20.452 20.451 20.456 20.466 15.506 11.898 9.724 8.212 7.104 6.249 5.606 5.057 4.622 4.263 3.941 3.674 3.441 3.239 3.054 2.898 2.75 2.621 2.503 2.397 2.299
21.15 8.471 -0.558376 1.801 1.821 1.844 1.867 1.894 1.92 1.946 1.971 2.003 2.032 2.066 2.101 2.133 2.173 2.21 2.254 2.302 2.345 2.395 2.445 2.49 2.46 2.429 2.399 2.371 2.346 2.322 2.296 2.275 2.254 2.232 2.211 2.196 2.176 2.16 2.142 2.13 2.115 2.105 2.091 2.08 2.066 2.055 2.048 2.04 2.031 2.023 2.017 2.013 2.005 1.999 1.995 1.993 1.992 1.988 1.988 1.986 1.987 1.987 1.988 1.986 1.989 1.99 1.993 1.998 2.004 2.007 2.012 2.017 2.026 2.034 2.042 2.052 2.062 2.072 2.081 2.092 2.106 2.118 2.132 2.148 2.167 2.183 2.201 2.218 2.237 2.258 2.279 2.302 2.33 2.352 2.377 2.408 2.436 2.467 2.501 2.533 2.569 2.61 2.647 2.686 2.731 2.778 2.828 2.88 2.934 2.991 3.048 3.112 3.178 3.253 3.328 3.404 3.49 3.579 3.679 3.779 3.891 4.005 4.135 4.272 4.413 4.577 4.753 4.932 5.141 5.359 5.609 5.883 6.181 6.519 6.884 7.308 7.778 8.332 8.968 9.704 10.621 11.654 12.974 14.622 16.751 19.587 20.501 20.471 20.452 20.439 20.429 20.425 20.432 20.44 20.458 13.265 10.73 8.953 7.736 6.764 6.028 5.439 4.974 4.558 4.22 3.93 3.673 3.448 3.256 3.078 2.924 2.791 2.657 2.545 2.441 2.347 2.256 2.177 2.1 2.032 1.972 1.911 1.853 1.803
21.185 8.445 -0.714844 2.018 2.047 2.081 2.113 2.15 2.187 2.228 2.269 2.313 2.359 2.409 2.461 2.467 2.436 2.405 2.376 2.348 2.321 2.301 2.276 2.251 2.229 2.208 2.19 2.172 2.152 2.14 2.124 2.11 2.094 2.08 2.067 2.055 2.047 2.033 2.025 2.019 2.011 2 1.995 1.988 1.983 1.977 1.976 1.968 1.967 1.962 1.965 1.962 1.964 1.962 1.96 1.961 1.963 1.968 1.972 1.975 1.978 1.981 1.989 1.993 2.001 2.005 2.017 2.024 2.035 2.044 2.053 2.063 2.075 2.092 2.103 2.122 2.133 2.148 2.17 2.188 2.206 2.224 2.249 2.269 2.292 2.316 2.344 2.373 2.402 2.432 2.463 2.493 2.527 2.565 2.607 2.643 2.688 2.732 2.779 2.83 2.886 2.941 2.995 3.058 3.123 3.191 3.265 3.342 3.423 3.513 3.611 3.709 3.815 3.931 4.053 4.183 4.33 4.48 4.643 4.83 5.021 5.236 5.476 5.742 6.023 6.348 6.701 7.112 7.567 8.093 8.698 9.403 10.226 11.255 12.441 13.961 15.972 18.587 20.489 20.464 20.438 20.423 20.416 20.41 20.412 20.42 20.435 14.557 11.508 9.583 8.208 7.173 6.365 5.719 5.213 4.767 4.406 4.101 3.828 3.594 3.387 3.201 3.038 2.889 2.757 2.638 2.529 2.428 2.335 2.252 2.171 2.1 2.034 1.975 1.914 1.859 1.807 1.693 1.69 1.712 1.737 1.756 1.779 1.805
21.25 8.389 -0.714844 2.126 2.16 2.196 2.233 2.274 2.314 2.357 2.405 2.456 2.446 2.407 2.378 2.346 2.316 2.289 2.262 2.238 2.212 2.189 2.169 2.146 2.129 2.11 2.092 2.074 2.056 2.043 2.026 2.017 2.003 1.991 1.976 1.966 1.959 1.949 1.939 1.933 1.926 1.917 1.914 1.905 1.903 1.897 1.895 1.894 1.888 1.886 1.888 1.884 1.885 1.887 1.886 1.887 1.89 1.892 1.898 1.903 1.907 1.911 1.918 1.923 1.93 1.936 1.945 1.952 1.963 1.975 1.985 1.997 2.009 2.024 2.039 2.052 2.067 2.083 2.1 2.119 2.141 2.158 2.18 2.204 2.226 2.25 2.28 2.307 2.335 2.362 2.399 2.431 2.466 2.503 2.539 2.579 2.626 2.669 2.72 2.768 2.823 2.876 2.937 3 3.064 3.134 3.208 3.288 3.376 3.465 3.554 3.662 3.769 3.885 4.013 4.147 4.295 4.456 4.626 4.812 5.015 5.245 5.497 5.767 6.066 6.409 6.804 7.225 7.731 8.305 8.97 9.771 10.703 11.869 13.321 15.122 17.623 20.431 20.403 20.38 20.36 20.353 20.347 20.346 20.358 20.37 15.979 12.674 10.474 8.936 7.792 6.926 6.231 5.655 5.18 4.777 4.443 4.147 3.885 3.664 3.465 3.289 3.121 2.98 2.854 2.729 2.619 2.526 2.431 2.346 2.272 2.198 2.129 2.07 2.011 1.955 1.904 1.854 1.809 1.768 1.676 1.695 1.721 1.745
21.323 8.327 -0.714844 2.212 2.249 2.283 2.323 2.364 2.407 2.45 2.421 2.381 2.349 2.317 2.286 2.255 2.225 2.2 2.175 2.152 2.128 2.107 2.085 2.063 2.045 2.027 2.009 1.994 1.98 1.966 1.95 1.937 1.927 1.912 1.904 1.894 1.883 1.874 1.865 1.86 1.85 1.843 1.837 1.833 1.829 1.825 1.821 1.822 1.819 1.814 1.817 1.812 1.816 1.814 1.816 1.817 1.819 1.823 1.822 1.829 1.834 1.838 1.845 1.85 1.856 1.865 1.872 1.88 1.891 1.9 1.911 1.92 1.932 1.945 1.959 1.972 1.988 2.004 2.023 2.039 2.059 2.075 2.098 2.12 2.142 2.163 2.192 2.219 2.247 2.277 2.307 2.339 2.369 2.406 2.441 2.483 2.525 2.567 2.615 2.662 2.716 2.767 2.821 2.882 2.946 3.013 3.089 3.164 3.244 3.329 3.423 3.519 3.628 3.738 3.858 3.989 4.13 4.281 4.448 4.626 4.833 5.043 5.283 5.552 5.843 6.163 6.538 6.965 7.442 7.985 8.629 9.401 10.3 11.415 12.811 14.597 16.935 20.111 20.337 20.316 20.297 20.287 20.285 20.284 20.296 20.307 17.119 13.478 11.228 9.556 8.344 7.389 6.644 6.044 5.532 5.101 4.746 4.43 4.16 3.915 3.7 3.512 3.34 3.187 3.051 2.921 2.807 2.694 2.602 2.509 2.429 2.346 2.278 2.21 2.147 2.088 2.033 1.98 1.933 1.888 1.843 1.806 1.765 1.67
21.417 8.246 -0.714844 2.317 2.355 2.392 2.436 2.408 2.368 2.332 2.294 2.26 2.231 2.196 2.169 2.138 2.113 2.088 2.063 2.039 2.019 1.995 1.976 1.959 1.939 1.921 1.908 1.892 1.878 1.861 1.851 1.84 1.827 1.814 1.803 1.797 1.786 1.779 1.77 1.761 1.756 1.752 1.747 1.74 1.735 1.731 1.729 1.726 1.725 1.721 1.72 1.721 1.723 1.719 1.72 1.722 1.725 1.727 1.73 1.733 1.738 1.743 1.748 1.753 1.76 1.766 1.775 1.781 1.794 1.8 1.81 1.82 1.833 1.844 1.857 1.869 1.887 1.902 1.916 1.934 1.949 1.972 1.989 2.008 2.031 2.055 2.078 2.104 2.13 2.159 2.185 2.217 2.248 2.284 2.317 2.355 2.394 2.434 2.477 2.527 2.575 2.623 2.679 2.736 2.797 2.86 2.927 2.999 3.079 3.156 3.246 3.341 3.437 3.543 3.659 3.784 3.917 4.063 4.224 4.389 4.582 4.783 5.015 5.264 5.538 5.855 6.205 6.609 7.062 7.583 8.206 8.92 9.789 10.845 12.165 13.827 16.019 19.107 20.258 20.234 20.218 20.21 20.203 20.208 20.213 20.23 20.251 14.679 12.079 10.344 9.013 8.021 7.191 6.532 5.995 5.539 5.134 4.792 4.501 4.239 4.005 3.799 3.613 3.452 3.296 3.166 3.033 2.923 2.814 2.717 2.625 2.542 2.464 2.395 2.325 2.258 2.2 2.146 2.095 2.046 1.996 1.953 1.91 1.871
21.567 8.117 -0.714844 2.37 2.324 2.279 2.237 2.203 2.164 2.131 2.097 2.063 2.033 2.007 1.982 1.955 1.928 1.904 1.885 1.862 1.843 1.821 1.803 1.786 1.774 1.753 1.74 1.729 1.713 1.701 1.69 1.676 1.669 1.656 1.65 1.641 1.632 1.621 1.615 1.609 1.602 1.597 1.593 1.589 1.583 1.582 1.578 1.576 1.576 1.575 1.572 1.57 1.571 1.57 1.572 1.574 1.577 1.58 1.578 1.581 1.588 1.59 1.597 1.6 1.606 1.613 1.62 1.63 1.634 1.645 1.652 1.665 1.675 1.686 1.697 1.707 1.722 1.735 1.75 1.763 1.782 1.8 1.818 1.835 1.857 1.878 1.9 1.919 1.946 1.97 1.995 2.026 2.051 2.083 2.117 2.153 2.187 2.225 2.265 2.306 2.352 2.393 2.445 2.498 2.552 2.613 2.673 2.742 2.809 2.887 2.965 3.05 3.141 3.241 3.341 3.458 3.576 3.707 3.855 4.012 4.177 4.368 4.576 4.805 5.064 5.341 5.662 6.03 6.435 6.922 7.471 8.141 8.917 9.89 11.069 12.582 14.608 17.412 20.129 20.108 20.092 20.08 20.075 20.08 20.085 20.102 20.118 16.414 13.6 11.592 10.131 8.974 8.095 7.338 6.731 6.216 5.773 5.379 5.045 4.755 4.503 4.271 4.062 3.872 3.705 3.551 3.408 3.279 3.16 3.052 2.952 2.856 2.767 2.689 2.609 2.537 2.473 2.409 2.35 2.293 2.244 2.195 2.147 2.101
21.72 7.986 -0.714844 2.139 2.098 2.058 2.022 1.987 1.954 1.922 1.895 1.863 1.84 1.811 1.788 1.765 1.742 1.724 1.703 1.683 1.665 1.649 1.633 1.614 1.602 1.585 1.575 1.562 1.55 1.537 1.524 1.513 1.506 1.495 1.489 1.481 1.472 1.467 1.463 1.455 1.45 1.445 1.437 1.435 1.43 1.429 1.427 1.425 1.42 1.422 1.418 1.421 1.417 1.419 1.418 1.421 1.422 1.425 1.426 1.431 1.435 1.439 1.441 1.446 1.452 1.455 1.463 1.472 1.48 1.485 1.496 1.502 1.51 1.52 1.532 1.542 1.557 1.567 1.581 1.592 1.608 1.623 1.643 1.659 1.675 1.696 1.712 1.734 1.758 1.778 1.803 1.829 1.853 1.882 1.913 1.942 1.973 2.008 2.044 2.085 2.121 2.166 2.207 2.255 2.304 2.359 2.415 2.475 2.539 2.606 2.677 2.757 2.834 2.924 3.02 3.119 3.235 3.349 3.481 3.625 3.778 3.947 4.137 4.343 4.567 4.828 5.122 5.441 5.825 6.257 6.76 7.359 8.059 8.921 10.007 11.417 13.251 15.767 19.527 19.975 19.96 19.952 19.947 19.95 19.958 19.971 19.991 20.017 15.152 12.925 11.289 9.978 8.983 8.143 7.472 6.895 6.398 5.984 5.611 5.291 5.003 4.744 4.514 4.306 4.117 3.944 3.785 3.642 3.511 3.391 3.275 3.172 3.074 2.987 2.899 2.819 2.745 2.675 2.614 2.549 2.491 2.437 2.384 2.335
21.866 7.86 -0.767 1.817 1.786 1.753 1.725 1.699 1.675 1.65 1.627 1.605 1.587 1.566 1.544 1.529 1.511 1.492 1.478 1.462 1.449 1.436 1.426 1.411 1.4 1.389 1.381 1.37 1.36 1.353 1.344 1.338 1.33 1.325 1.316 1.312 1.308 1.302 1.296 1.291 1.29 1.287 1.285 1.279 1.279 1.277 1.278 1.275 1.274 1.274 1.274 1.277 1.275 1.28 1.282 1.281 1.283 1.289 1.293 1.295 1.302 1.304 1.311 1.317 1.32 1.326 1.336 1.343 1.352 1.356 1.369 1.378 1.386 1.398 1.407 1.419 1.433 1.447 1.46 1.472 1.489 1.507 1.523 1.541 1.56 1.577 1.599 1.62 1.64 1.669 1.691 1.719 1.743 1.773 1.802 1.838 1.871 1.906 1.942 1.984 2.027 2.072 2.118 2.169 2.222 2.28 2.342 2.408 2.472 2.547 2.625 2.712 2.807 2.908 3.013 3.127 3.256 3.395 3.544 3.713 3.898 4.108 4.343 4.603 4.898 5.23 5.612 6.074 6.609 7.254 8.022 9.006 10.274 11.905 14.183 17.676 19.852 19.837 19.826 19.82 19.822 19.829 19.843 19.864 19.89 16.533 14.095 12.309 10.934 9.808 8.924 8.175 7.536 7.013 6.549 6.145 5.779 5.472 5.189 4.938 4.709 4.5 4.315 4.143 3.988 3.84 3.71 3.586 3.474 3.367 3.267 3.173 3.089 3.006 2.93 2.857 2.791 2.728 2.67 2.611 2.56 2.509 2.461 2.413
21.945 7.778 -0.906594 1.49 1.475 1.453 1.438 1.423 1.408 1.394 1.376 1.363 1.35 1.341 1.329 1.316 1.309 1.295 1.288 1.282 1.27 1.263 1.257 1.248 1.244 1.235 1.234 1.226 1.221 1.219 1.212 1.209 1.207 1.203 1.2 1.198 1.197 1.199 1.195 1.196 1.198 1.197 1.199 1.197 1.199 1.198 1.204 1.205 1.208 1.212 1.212 1.217 1.222 1.228 1.233 1.24 1.245 1.251 1.255 1.266 1.272 1.278 1.292 1.301 1.31 1.319 1.328 1.341 1.356 1.368 1.381 1.393 1.41 1.423 1.44 1.456 1.476 1.494 1.515 1.534 1.555 1.581 1.608 1.632 1.656 1.684 1.714 1.748 1.779 1.819 1.854 1.89 1.936 1.979 2.025 2.072 2.128 2.183 2.239 2.304 2.374 2.446 2.524 2.612 2.7 2.803 2.907 3.026 3.153 3.293 3.45 3.612 3.803 4.012 4.25 4.525 4.824 5.186 5.59 6.066 6.654 7.345 8.219 9.313 10.74 12.678 15.55 19.774 19.758 19.744 19.739 19.741 19.748 19.76 19.779 19.803 19.829 15.351 13.275 11.771 10.524 9.544 8.736 8.067 7.48 6.963 6.531 6.15 5.805 5.503 5.236 4.986 4.77 4.561 4.384 4.211 4.057 3.919 3.784 3.664 3.551 3.448 3.343 3.256 3.167 3.087 3.013 2.938 2.872 2.811 2.75 2.695 2.64 2.587 2.542 2.496 2.453 2.41 2.372 2.336 2.3 2.267 2.232 2.202
21.995 7.706 -1.0646 1.301 1.288 1.275 1.263 1.256 1.245 1.238 1.229 1.218 1.215 1.207 1.202 1.193 1.188 1.184 1.178 1.172 1.166 1.165 1.163 1.156 1.155 1.155 1.15 1.148 1.148 1.146 1.148 1.148 1.146 1.147 1.148 1.15 1.148 1.151 1.152 1.157 1.158 1.163 1.165 1.171 1.175 1.18 1.183 1.189 1.198 1.204 1.209 1.217 1.228 1.235 1.242 1.25 1.26 1.273 1.283 1.296 1.308 1.321 1.335 1.346 1.364 1.376 1.393 1.412 1.427 1.446 1.464 1.486 1.512 1.531 1.558 1.583 1.611 1.638 1.665 1.7 1.731 1.769 1.803 1.841 1.885 1.928 1.978 2.023 2.077 2.135 2.19 2.258 2.328 2.399 2.484 2.567 2.658 2.762 2.87 2.986 3.121 3.265 3.426 3.599 3.794 4.023 4.26 4.546 4.878 5.248 5.687 6.215 6.864 7.632 8.65 9.919 11.668 14.131 17.911 19.689 19.675 19.669 19.669 19.674 19.684 19.7 19.727 19.754 16.334 14.161 12.45 11.122 10.057 9.197 8.448 7.833 7.294 6.833 6.414 6.052 5.73 5.451 5.194 4.96 4.75 4.55 4.372 4.212 4.068 3.927 3.8 3.683 3.569 3.465 3.369 3.282 3.196 3.114 3.044 2.972 2.906 2.846 2.783 2.728 2.678 2.622 2.579 2.531 2.489 2.449 2.409 2.373 2.341 2.306 2.275 2.244 2.218 2.187 2.163 2.139 2.112 2.09 2.07 2.052
22.024 7.647 -1.20419 1.19 1.185 1.178 1.172 1.165 1.157 1.156 1.147 1.146 1.141 1.134 1.134 1.131 1.127 1.127 1.124 1.12 1.122 1.118 1.119 1.116 1.117 1.116 1.119 1.117 1.121 1.125 1.126 1.126 1.131 1.133 1.137 1.139 1.143 1.15 1.156 1.157 1.168 1.169 1.181 1.183 1.191 1.201 1.21 1.217 1.229 1.239 1.247 1.259 1.271 1.283 1.296 1.308 1.324 1.34 1.357 1.371 1.386 1.408 1.427 1.447 1.467 1.491 1.512 1.534 1.563 1.589 1.62 1.649 1.683 1.714 1.748 1.786 1.829 1.868 1.915 1.96 2.012 2.067 2.125 2.187 2.252 2.325 2.398 2.485 2.569 2.668 2.771 2.887 3.011 3.142 3.296 3.462 3.651 3.857 4.097 4.367 4.673 5.028 5.431 5.921 6.53 7.248 8.162 9.299 10.889 13.061 16.409 19.636 19.619 19.611 19.61 19.616 19.621 19.64 19.659 19.685 19.718 14.841 13.059 11.604 10.463 9.55 8.77 8.107 7.525 7.051 6.618 6.245 5.909 5.603 5.331 5.092 4.876 4.672 4.491 4.321 4.167 4.027 3.894 3.767 3.655 3.544 3.447 3.356 3.27 3.188 3.107 3.036 2.969 2.906 2.842 2.786 2.731 2.679 2.631 2.582 2.539 2.497 2.459 2.422 2.386 2.352 2.321 2.286 2.259 2.231 2.202 2.178 2.154 2.133 2.111 2.089 2.069 2.049 2.03 2.017 1.998 1.982 1.969 1.953
22.08 7.498 -1.22106 1.124 1.121 1.114 1.107 1.101 1.099 1.091 1.088 1.086 1.081 1.078 1.074 1.071 1.07 1.068 1.066 1.063 1.065 1.062 1.06 1.059 1.06 1.064 1.064 1.063 1.067 1.069 1.073 1.075 1.075 1.08 1.084 1.088 1.091 1.095 1.101 1.106 1.112 1.118 1.123 1.13 1.139 1.147 1.156 1.164 1.175 1.186 1.195 1.205 1.217 1.23 1.243 1.254 1.268 1.287 1.301 1.316 1.334 1.354 1.373 1.393 1.411 1.434 1.456 1.484 1.508 1.535 1.561 1.593 1.627 1.657 1.694 1.729 1.773 1.815 1.856 1.905 1.959 2.009 2.069 2.135 2.198 2.271 2.348 2.43 2.52 2.618 2.728 2.842 2.97 3.112 3.274 3.449 3.647 3.868 4.11 4.404 4.725 5.124 5.573 6.121 6.798 7.647 8.726 10.144 12.155 15.107 19.49 19.474 19.466 19.461 19.464 19.475 19.486 19.509 19.534 19.563 15.575 13.671 12.1 10.909 9.939 9.126 8.429 7.826 7.317 6.865 6.467 6.123 5.803 5.537 5.281 5.043 4.839 4.647 4.471 4.316 4.162 4.028 3.9 3.778 3.667 3.564 3.466 3.377 3.29 3.215 3.138 3.064 3 2.935 2.88 2.82 2.767 2.717 2.668 2.624 2.579 2.537 2.498 2.461 2.428 2.394 2.359 2.329 2.302 2.273 2.245 2.22 2.201 2.176 2.155 2.134 2.114 2.097 2.08 2.063 2.044 2.03 2.014 2.003
22.124 7.379 -1.23794 1.072 1.066 1.061 1.056 1.052 1.044 1.04 1.038 1.033 1.034 1.03 1.029 1.022 1.02 1.023 1.019 1.021 1.02 1.016 1.019 1.02 1.02 1.019 1.02 1.023 1.026 1.026 1.027 1.032 1.035 1.04 1.044 1.047 1.053 1.058 1.061 1.066 1.073 1.079 1.087 1.091 1.101 1.111 1.117 1.127 1.134 1.144 1.156 1.167 1.177 1.192 1.204 1.217 1.231 1.249 1.262 1.278 1.298 1.313 1.333 1.354 1.377 1.396 1.423 1.444 1.471 1.498 1.527 1.558 1.589 1.622 1.662 1.7 1.737 1.781 1.828 1.876 1.929 1.985 2.044 2.11 2.179 2.251 2.334 2.42 2.515 2.617 2.73 2.855 2.992 3.143 3.311 3.495 3.711 3.95 4.23 4.546 4.904 5.363 5.879 6.525 7.343 8.373 9.734 11.698 14.598 19.276 19.355 19.348 19.346 19.346 19.353 19.368 19.392 19.416 19.447 15.957 13.914 12.404 11.153 10.148 9.31 8.598 8.009 7.484 7.016 6.614 6.255 5.943 5.662 5.398 5.16 4.947 4.754 4.574 4.41 4.258 4.118 3.987 3.869 3.755 3.649 3.549 3.455 3.369 3.287 3.207 3.136 3.069 3.006 2.946 2.885 2.83 2.779 2.731 2.687 2.637 2.596 2.559 2.517 2.481 2.446 2.417 2.385 2.353 2.329 2.299 2.275 2.25 2.228 2.207 2.183 2.162 2.147 2.128 2.107 2.093 2.079 2.064 2.052 2.037
22.161 7.25 -1.41281 0.991 0.986 0.984 0.983 0.985 0.982 0.981 0.981 0.982 0.98 0.983 0.983 0.985 0.984 0.987 0.987 0.991 0.993 0.996 1 1.004 1.007 1.013 1.016 1.024 1.027 1.035 1.039 1.044 1.051 1.059 1.065 1.075 1.084 1.094 1.102 1.112 1.124 1.136 1.144 1.158 1.171 1.185 1.198 1.212 1.228 1.247 1.265 1.281 1.298 1.319 1.34 1.365 1.39 1.411 1.439 1.464 1.498 1.529 1.561 1.593 1.629 1.669 1.707 1.751 1.801 1.848 1.9 1.959 2.02 2.086 2.154 2.231 2.312 2.404 2.499 2.605 2.723 2.849 2.995 3.152 3.33 3.532 3.752 4.013 4.302 4.652 5.061 5.541 6.128 6.867 7.844 9.065 10.803 13.327 17.388 19.229 19.223 19.215 19.219 19.227 19.236 19.258 19.28 19.313 19.35 14.624 12.966 11.628 10.546 9.661 8.916 8.289 7.727 7.252 6.839 6.451 6.119 5.829 5.552 5.316 5.091 4.885 4.699 4.528 4.375 4.227 4.092 3.967 3.848 3.738 3.636 3.544 3.452 3.365 3.292 3.215 3.144 3.073 3.015 2.952 2.898 2.843 2.792 2.746 2.702 2.658 2.615 2.577 2.536 2.504 2.47 2.438 2.409 2.379 2.35 2.322 2.3 2.272 2.251 2.227 2.208 2.19 2.171 2.154 2.137 2.12 2.107 2.092 2.078 2.068 2.052 2.043 2.033 2.023 2.014 2.009 2.001 1.992 1.984 1.982
22.169 7.165 -1.62297 0.974 0.977 0.981 0.981 0.982 0.988 0.987 0.992 0.996 1 1.005 1.007 1.015 1.02 1.021 1.03 1.036 1.043 1.047 1.055 1.065 1.075 1.082 1.09 1.1 1.109 1.124 1.132 1.144 1.16 1.172 1.184 1.202 1.215 1.229 1.251 1.265 1.283 1.302 1.327 1.349 1.371 1.392 1.42 1.445 1.475 1.506 1.536 1.571 1.603 1.641 1.684 1.725 1.77 1.819 1.871 1.927 1.985 2.047 2.115 2.189 2.268 2.354 2.446 2.551 2.666 2.79 2.92 3.074 3.241 3.429 3.644 3.891 4.166 4.502 4.883 5.336 5.886 6.565 7.424 8.538 10.042 12.31 15.694 19.149 19.138 19.135 19.132 19.138 19.149 19.166 19.189 19.217 19.251 15.297 13.533 12.093 10.933 9.982 9.199 8.517 7.932 7.431 6.998 6.605 6.252 5.941 5.661 5.408 5.184 4.975 4.776 4.603 4.437 4.291 4.15 4.019 3.898 3.786 3.688 3.587 3.494 3.409 3.327 3.252 3.177 3.106 3.047 2.987 2.925 2.873 2.822 2.771 2.724 2.681 2.636 2.6 2.56 2.525 2.489 2.458 2.426 2.395 2.368 2.339 2.317 2.289 2.266 2.246 2.226 2.203 2.187 2.168 2.152 2.134 2.12 2.102 2.09 2.078 2.065 2.053 2.044 2.034 2.024 2.015 2.009 2 1.997 1.99 1.986 1.978 1.974 1.971 1.972 2.095 3.127 5.893 32 32 32 32
22.163 7.115 -1.72728 0.992 0.997 1.001 1.004 1.005 1.014 1.015 1.024 1.027 1.034 1.037 1.044 1.054 1.062 1.069 1.078 1.087 1.096 1.103 1.116 1.125 1.134 1.15 1.163 1.175 1.19 1.203 1.217 1.232 1.253 1.266 1.288 1.305 1.329 1.348 1.373 1.396 1.42 1.446 1.474 1.505 1.533 1.57 1.606 1.642 1.68 1.72 1.766 1.815 1.866 1.921 1.979 2.043 2.107 2.182 2.26 2.346 2.438 2.535 2.649 2.767 2.896 3.048 3.217 3.398 3.606 3.844 4.118 4.426 4.79 5.235 5.768 6.404 7.215 8.273 9.678 11.662 14.767 19.107 19.091 19.084 19.08 19.084 19.094 19.109 19.13 19.157 19.192 15.798 13.885 12.402 11.161 10.184 9.376 8.668 8.069 7.545 7.09 6.685 6.329 6.007 5.719 5.46 5.223 5.008 4.81 4.635 4.471 4.316 4.174 4.046 3.921 3.806 3.704 3.6 3.509 3.417 3.336 3.259 3.189 3.118 3.054 2.993 2.934 2.877 2.828 2.779 2.729 2.684 2.642 2.601 2.565 2.528 2.491 2.46 2.428 2.4 2.37 2.34 2.316 2.29 2.269 2.244 2.224 2.205 2.185 2.167 2.148 2.131 2.119 2.102 2.087 2.076 2.064 2.054 2.044 2.033 2.024 2.013 2.007 1.998 1.992 1.987 1.981 1.977 1.974 1.971 1.964 1.964 1.922 2.699 10.022 32 32 32 32 32 29.124 24.84 21.599 19.085
22.142 6.972 -1.72728 1.015 1.017 1.021 1.026 1.029 1.033 1.039 1.045 1.051 1.053 1.063 1.067 1.074 1.081 1.09 1.1 1.106 1.116 1.13 1.137 1.15 1.162 1.176 1.187 1.201 1.215 1.23 1.245 1.258 1.279 1.294 1.316 1.333 1.356 1.375 1.4 1.426 1.451 1.479 1.509 1.537 1.569 1.606 1.637 1.678 1.718 1.762 1.807 1.854 1.907 1.961 2.021 2.085 2.152 2.229 2.309 2.399 2.492 2.594 2.707 2.828 2.965 3.115 3.289 3.477 3.683 3.93 4.202 4.532 4.904 5.355 5.884 6.538 7.36 8.457 9.917 11.907 15.047 18.964 18.952 18.943 18.941 18.943 18.952 18.967 18.992 19.017 19.047 15.685 13.746 12.249 11.064 10.064 9.259 8.557 7.959 7.446 7.012 6.606 6.251 5.936 5.663 5.399 5.171 4.955 4.761 4.584 4.418 4.268 4.128 4.001 3.878 3.77 3.662 3.56 3.468 3.38 3.305 3.227 3.152 3.086 3.018 2.96 2.901 2.846 2.797 2.746 2.698 2.655 2.613 2.572 2.534 2.499 2.463 2.43 2.402 2.374 2.341 2.318 2.293 2.264 2.242 2.218 2.198 2.178 2.162 2.141 2.124 2.108 2.096 2.081 2.064 2.051 2.042 2.028 2.018 2.008 1.999 1.992 1.985 1.977 1.971 1.966 1.957 1.954 1.951 1.948 1.944 1.942 1.942 1.938 1.937 1.937 1.94 32 32 32 30.693 25.961 22.636 20.054
22.116 6.803 -1.72728 1.039 1.044 1.047 1.051 1.057 1.059 1.065 1.068 1.077 1.085 1.088 1.095 1.103 1.11 1.121 1.128 1.139 1.146 1.157 1.167 1.177 1.193 1.203 1.215 1.229 1.243 1.258 1.276 1.292 1.309 1.329 1.35 1.37 1.389 1.411 1.438 1.462 1.486 1.516 1.547 1.576 1.611 1.644 1.68 1.718 1.764 1.805 1.853 1.901 1.953 2.013 2.074 2.14 2.208 2.284 2.363 2.458 2.552 2.657 2.777 2.901 3.039 3.193 3.368 3.561 3.781 4.033 4.319 4.643 5.029 5.494 6.033 6.72 7.572 8.664 10.124 12.213 15.372 18.795 18.779 18.775 18.774 18.775 18.786 18.8 18.821 18.847 18.88 15.461 13.551 12.113 10.894 9.934 9.15 8.454 7.856 7.363 6.919 6.515 6.178 5.862 5.576 5.331 5.104 4.891 4.7 4.527 4.36 4.211 4.076 3.948 3.829 3.713 3.612 3.517 3.423 3.338 3.258 3.182 3.111 3.046 2.979 2.918 2.866 2.811 2.76 2.711 2.662 2.619 2.579 2.542 2.503 2.468 2.43 2.398 2.368 2.341 2.314 2.285 2.262 2.238 2.215 2.193 2.168 2.148 2.13 2.112 2.098 2.08 2.068 2.051 2.037 2.026 2.015 2.004 1.994 1.981 1.972 1.964 1.96 1.95 1.946 1.938 1.936 1.927 1.927 1.924 1.919 1.918 1.917 1.915 1.912 1.914 1.916 1.915 1.919 1.918 1.921 1.924 23.838 21.124
22.086 6.604 -1.72728 1.069 1.074 1.075 1.083 1.087 1.092 1.096 1.1 1.108 1.114 1.118 1.127 1.136 1.143 1.151 1.16 1.17 1.178 1.188 1.202 1.213 1.223 1.24 1.25 1.268 1.28 1.299 1.313 1.333 1.351 1.369 1.386 1.409 1.429 1.454 1.479 1.503 1.533 1.558 1.592 1.621 1.656 1.69 1.728 1.768 1.815 1.855 1.907 1.959 2.009 2.068 2.133 2.2 2.276 2.352 2.435 2.523 2.627 2.737 2.854 2.985 3.132 3.288 3.465 3.667 3.892 4.149 4.443 4.78 5.181 5.648 6.206 6.919 7.78 8.902 10.467 12.541 15.789 18.599 18.584 18.576 18.575 18.577 18.586 18.603 18.621 18.646 18.68 15.2 13.374 11.89 10.737 9.797 8.994 8.322 7.751 7.235 6.805 6.426 6.08 5.767 5.491 5.251 5.019 4.813 4.621 4.45 4.296 4.151 4.011 3.888 3.766 3.657 3.557 3.459 3.369 3.287 3.208 3.135 3.063 2.999 2.931 2.873 2.819 2.765 2.717 2.669 2.62 2.577 2.539 2.501 2.463 2.428 2.396 2.363 2.333 2.303 2.276 2.252 2.226 2.201 2.179 2.159 2.136 2.12 2.1 2.079 2.064 2.05 2.033 2.022 2.006 1.993 1.985 1.97 1.963 1.954 1.945 1.935 1.925 1.922 1.916 1.908 1.901 1.9 1.896 1.892 1.89 1.887 1.887 1.882 1.882 1.883 1.886 1.885 1.888 1.887 1.892 1.894 1.902 1.903
22.052 6.335 -1.56928 1.087 1.091 1.092 1.091 1.091 1.094 1.099 1.099 1.104 1.104 1.11 1.114 1.117 1.12 1.128 1.129 1.138 1.146 1.148 1.155 1.166 1.175 1.182 1.189 1.201 1.207 1.221 1.228 1.243 1.255 1.265 1.281 1.292 1.308 1.324 1.34 1.358 1.376 1.394 1.413 1.435 1.454 1.479 1.504 1.531 1.555 1.582 1.614 1.646 1.681 1.714 1.751 1.79 1.831 1.877 1.923 1.972 2.025 2.081 2.142 2.208 2.279 2.353 2.436 2.521 2.616 2.723 2.834 2.956 3.095 3.247 3.411 3.602 3.806 4.043 4.307 4.614 4.972 5.398 5.889 6.474 7.204 8.146 9.337 10.943 13.335 16.824 18.327 18.316 18.307 18.308 18.314 18.32 18.335 18.359 18.386 18.417 14.706 12.913 11.571 10.421 9.515 8.749 8.114 7.548 7.067 6.636 6.262 5.932 5.637 5.37 5.122 4.91 4.709 4.528 4.357 4.2 4.058 3.928 3.802 3.687 3.581 3.483 3.388 3.3 3.217 3.141 3.07 3.003 2.934 2.875 2.819 2.763 2.711 2.661 2.615 2.574 2.529 2.488 2.451 2.415 2.381 2.35 2.318 2.288 2.258 2.231 2.208 2.18 2.161 2.137 2.116 2.096 2.079 2.061 2.042 2.028 2.011 1.999 1.983 1.969 1.956 1.945 1.937 1.926 1.918 1.908 1.899 1.893 1.888 1.877 1.874 1.867 1.864 1.861 1.858 1.855 1.85 1.853 1.851 1.852
22.053 6.212 -1.67513 1.095 1.101 1.103 1.106 1.105 1.109 1.117 1.121 1.123 1.129 1.133 1.141 1.148 1.154 1.16 1.169 1.178 1.187 1.196 1.204 1.215 1.226 1.239 1.25 1.264 1.278 1.292 1.303 1.318 1.335 1.354 1.368 1.387 1.409 1.43 1.452 1.474 1.498 1.521 1.547 1.579 1.61 1.638 1.671 1.705 1.741 1.783 1.82 1.864 1.912 1.961 2.014 2.069 2.133 2.197 2.264 2.336 2.419 2.51 2.601 2.702 2.818 2.934 3.067 3.213 3.377 3.566 3.769 3.998 4.252 4.555 4.906 5.314 5.787 6.367 7.074 7.973 9.116 10.669 12.833 16.151 18.207 18.196 18.185 18.187 18.19 18.195 18.211 18.229 18.256 18.289 15.03 13.211 11.781 10.628 9.68 8.864 8.203 7.639 7.149 6.716 6.335 5.992 5.685 5.414 5.172 4.943 4.743 4.556 4.383 4.226 4.083 3.951 3.825 3.708 3.603 3.497 3.403 3.318 3.232 3.158 3.084 3.014 2.949 2.889 2.827 2.773 2.72 2.672 2.625 2.58 2.537 2.497 2.457 2.423 2.386 2.353 2.323 2.293 2.263 2.236 2.212 2.186 2.163 2.14 2.119 2.099 2.082 2.066 2.046 2.03 2.016 2.002 1.988 1.975 1.959 1.948 1.94 1.929 1.916 1.908 1.901 1.896 1.886 1.879 1.875 1.872 1.864 1.862 1.859 1.855 1.851 1.85 1.849 1.849 1.851 1.851 1.85 1.856 1.855 1.86
22.044 6.153 -1.81472 1.135 1.142 1.15 1.158 1.161 1.171 1.175 1.184 1.192 1.202 1.212 1.221 1.236 1.245 1.257 1.267 1.282 1.299 1.31 1.327 1.344 1.357 1.378 1.394 1.414 1.434 1.454 1.478 1.501 1.528 1.555 1.581 1.611 1.643 1.677 1.71 1.748 1.783 1.826 1.869 1.914 1.963 2.015 2.071 2.133 2.195 2.264 2.337 2.414 2.505 2.6 2.695 2.807 2.925 3.057 3.201 3.364 3.54 3.747 3.967 4.228 4.514 4.845 5.243 5.701 6.276 6.943 7.778 8.86 10.276 12.333 15.186 18.154 18.138 18.129 18.126 18.127 18.136 18.15 18.167 18.189 18.221 18.253 13.566 12.015 10.822 9.838 9.01 8.318 7.741 7.218 6.783 6.39 6.039 5.731 5.458 5.205 4.977 4.77 4.582 4.409 4.247 4.101 3.959 3.842 3.72 3.612 3.509 3.414 3.327 3.241 3.161 3.086 3.016 2.948 2.889 2.83 2.773 2.721 2.67 2.621 2.579 2.537 2.494 2.458 2.421 2.383 2.351 2.322 2.288 2.263 2.235 2.206 2.181 2.161 2.135 2.114 2.095 2.076 2.056 2.039 2.025 2.009 1.995 1.979 1.967 1.954 1.945 1.932 1.92 1.91 1.902 1.897 1.886 1.88 1.873 1.868 1.865 1.86 1.853 1.85 1.846 1.846 1.844 1.844 1.84 1.844 1.843 1.841 1.847 1.846 1.852 1.853 1.857 1.862 1.865 1.874 1.88 1.885 1.891 1.901
22.021 6.082 -1.91903 1.199 1.209 1.216 1.225 1.234 1.243 1.258 1.27 1.279 1.29 1.305 1.321 1.332 1.347 1.365 1.382 1.398 1.42 1.44 1.46 1.478 1.502 1.529 1.553 1.582 1.609 1.639 1.666 1.7 1.738 1.77 1.81 1.854 1.893 1.941 1.993 2.041 2.1 2.161 2.222 2.292 2.367 2.446 2.53 2.624 2.725 2.836 2.954 3.087 3.229 3.39 3.565 3.766 3.99 4.236 4.523 4.857 5.236 5.679 6.221 6.874 7.695 8.734 10.091 11.934 14.597 18.089 18.073 18.061 18.056 18.055 18.061 18.074 18.091 18.113 18.142 18.177 13.898 12.238 11 9.965 9.113 8.408 7.802 7.274 6.817 6.406 6.052 5.746 5.457 5.203 4.973 4.766 4.569 4.394 4.236 4.087 3.953 3.827 3.707 3.597 3.488 3.399 3.304 3.22 3.138 3.065 2.999 2.934 2.87 2.81 2.753 2.701 2.648 2.603 2.56 2.513 2.476 2.438 2.397 2.365 2.33 2.299 2.272 2.239 2.216 2.19 2.165 2.139 2.116 2.097 2.077 2.056 2.038 2.019 2.005 1.99 1.973 1.961 1.946 1.934 1.923 1.91 1.899 1.892 1.884 1.876 1.867 1.86 1.854 1.846 1.842 1.837 1.831 1.83 1.827 1.825 1.822 1.821 1.822 1.82 1.82 1.819 1.82 1.826 1.827 1.831 1.834 1.835 1.843 1.847 1.853 1.86 1.867 1.876 1.884 1.894 1.903 1.912 1.925 1.936
21.98 5.967 -1.91903 1.244 1.252 1.261 1.269 1.281 1.292 1.304 1.312 1.325 1.342 1.356 1.366 1.382 1.399 1.418 1.434 1.454 1.473 1.492 1.514 1.533 1.558 1.584 1.608 1.638 1.666 1.696 1.73 1.764 1.802 1.838 1.88 1.922 1.967 2.012 2.067 2.118 2.178 2.241 2.303 2.375 2.451 2.535 2.627 2.72 2.822 2.939 3.065 3.201 3.346 3.509 3.697 3.908 4.138 4.394 4.691 5.032 5.441 5.902 6.455 7.123 7.994 9.027 10.446 12.344 15.106 17.976 17.959 17.948 17.942 17.942 17.951 17.96 17.979 17.999 18.028 18.058 13.534 12.003 10.755 9.723 8.895 8.203 7.611 7.093 6.661 6.267 5.922 5.616 5.335 5.091 4.863 4.657 4.465 4.298 4.14 3.99 3.861 3.732 3.617 3.512 3.414 3.318 3.228 3.151 3.067 2.997 2.93 2.864 2.805 2.747 2.693 2.637 2.59 2.546 2.501 2.455 2.419 2.381 2.345 2.312 2.278 2.246 2.217 2.189 2.163 2.136 2.112 2.091 2.067 2.048 2.029 2.009 1.992 1.973 1.958 1.941 1.928 1.914 1.902 1.889 1.875 1.87 1.855 1.846 1.84 1.828 1.823 1.815 1.81 1.802 1.799 1.795 1.79 1.787 1.782 1.784 1.782 1.778 1.777 1.778 1.777 1.78 1.779 1.781 1.787 1.786 1.791 1.793 1.799 1.807 1.811 1.816 1.824 1.834 1.839 1.851 1.857 1.869 1.882 1.892
21.937 5.851 -1.91903 1.291 1.297 1.305 1.317 1.325 1.336 1.35 1.36 1.376 1.388 1.402 1.418 1.433 1.449 1.469 1.487 1.503 1.525 1.547 1.567 1.589 1.614 1.643 1.671 1.695 1.726 1.76 1.791 1.829 1.866 1.904 1.944 1.988 2.039 2.088 2.142 2.198 2.255 2.321 2.388 2.462 2.542 2.624 2.721 2.818 2.928 3.042 3.174 3.316 3.467 3.637 3.831 4.045 4.281 4.549 4.863 5.213 5.628 6.112 6.691 7.404 8.256 9.363 10.819 12.831 15.728 17.86 17.843 17.834 17.826 17.827 17.832 17.844 17.863 17.883 17.912 17.947 13.24 11.69 10.499 9.506 8.699 8.011 7.435 6.934 6.492 6.113 5.781 5.475 5.215 4.964 4.742 4.549 4.363 4.195 4.042 3.901 3.766 3.646 3.536 3.431 3.333 3.241 3.155 3.075 2.999 2.928 2.86 2.796 2.74 2.681 2.628 2.576 2.53 2.482 2.438 2.403 2.362 2.323 2.29 2.258 2.227 2.192 2.167 2.138 2.112 2.088 2.062 2.042 2.018 1.999 1.98 1.961 1.946 1.928 1.913 1.897 1.881 1.872 1.859 1.846 1.834 1.825 1.814 1.805 1.796 1.785 1.78 1.776 1.77 1.762 1.758 1.752 1.746 1.742 1.741 1.742 1.737 1.735 1.734 1.737 1.736 1.735 1.74 1.74 1.745 1.747 1.749 1.752 1.759 1.762 1.769 1.774 1.779 1.791 1.795 1.805 1.815 1.823 1.834 1.848
21.887 5.712 -1.91903 1.341 1.35 1.362 1.372 1.38 1.392 1.405 1.416 1.434 1.447 1.462 1.477 1.494 1.508 1.526 1.546 1.567 1.588 1.61 1.63 1.658 1.682 1.711 1.737 1.768 1.797 1.832 1.868 1.904 1.944 1.985 2.029 2.071 2.121 2.172 2.229 2.288 2.352 2.419 2.49 2.567 2.646 2.737 2.832 2.937 3.045 3.168 3.307 3.45 3.611 3.79 3.985 4.212 4.465 4.74 5.059 5.44 5.859 6.376 6.96 7.717 8.63 9.753 11.307 13.36 16.313 17.719 17.703 17.695 17.69 17.688 17.697 17.708 17.725 17.747 17.775 14.787 12.832 11.369 10.18 9.221 8.448 7.771 7.215 6.724 6.317 5.944 5.609 5.312 5.059 4.824 4.608 4.415 4.234 4.075 3.926 3.79 3.658 3.547 3.433 3.33 3.235 3.146 3.064 2.984 2.91 2.844 2.777 2.719 2.659 2.606 2.55 2.504 2.455 2.413 2.372 2.329 2.293 2.257 2.221 2.191 2.163 2.133 2.101 2.078 2.052 2.026 2.005 1.984 1.96 1.94 1.921 1.907 1.886 1.872 1.859 1.843 1.83 1.817 1.804 1.791 1.781 1.772 1.762 1.754 1.745 1.738 1.731 1.722 1.717 1.712 1.707 1.701 1.696 1.697 1.69 1.689 1.688 1.689 1.684 1.686 1.684 1.689 1.689 1.688 1.691 1.693 1.701 1.702 1.705 1.709 1.717 1.726 1.731 1.737 1.747 1.754 1.764 1.77 1.781 1.794
21.81 5.492 -1.81472 1.377 1.385 1.389 1.396 1.408 1.416 1.423 1.433 1.445 1.457 1.466 1.481 1.492 1.505 1.52 1.537 1.551 1.568 1.583 1.602 1.621 1.641 1.661 1.688 1.71 1.735 1.76 1.787 1.813 1.844 1.876 1.909 1.946 1.98 2.021 2.06 2.105 2.154 2.201 2.252 2.311 2.369 2.426 2.493 2.568 2.643 2.726 2.814 2.91 3.01 3.12 3.234 3.371 3.51 3.665 3.839 4.033 4.24 4.472 4.743 5.048 5.377 5.774 6.247 6.77 7.431 8.194 9.169 10.386 12.013 14.263 17.432 17.501 17.484 17.475 17.468 17.471 17.476 17.49 17.505 17.526 17.556 14.024 12.183 10.826 9.682 8.796 8.035 7.4 6.881 6.417 6.003 5.656 5.346 5.071 4.823 4.599 4.395 4.206 4.037 3.883 3.743 3.614 3.491 3.376 3.275 3.173 3.082 3.002 2.922 2.851 2.777 2.709 2.648 2.59 2.536 2.486 2.434 2.388 2.343 2.3 2.261 2.222 2.188 2.152 2.122 2.093 2.063 2.032 2.008 1.984 1.957 1.934 1.913 1.892 1.874 1.853 1.835 1.82 1.804 1.788 1.771 1.759 1.743 1.732 1.72 1.708 1.699 1.692 1.683 1.671 1.666 1.658 1.652 1.643 1.64 1.631 1.631 1.626 1.62 1.62 1.616 1.611 1.613 1.611 1.61 1.61 1.607 1.609 1.613 1.612 1.618 1.617 1.622 1.623 1.631 1.634 1.64 1.646 1.654 1.661
21.76 5.254 -1.76257 1.41 1.415 1.421 1.431 1.434 1.446 1.452 1.461 1.469 1.478 1.491 1.502 1.514 1.525 1.534 1.551 1.563 1.578 1.593 1.609 1.631 1.648 1.668 1.687 1.706 1.732 1.751 1.78 1.805 1.831 1.857 1.886 1.917 1.95 1.987 2.027 2.065 2.102 2.147 2.195 2.242 2.29 2.344 2.406 2.468 2.534 2.603 2.673 2.756 2.843 2.934 3.032 3.142 3.258 3.382 3.52 3.673 3.837 4.02 4.215 4.44 4.685 4.972 5.289 5.655 6.081 6.556 7.142 7.825 8.66 9.709 11.042 12.799 15.304 17.281 17.261 17.245 17.238 17.235 17.238 17.243 17.253 17.271 17.292 17.323 13.239 11.591 10.237 9.211 8.375 7.677 7.094 6.579 6.144 5.769 5.424 5.136 4.866 4.632 4.419 4.221 4.045 3.889 3.744 3.604 3.481 3.359 3.256 3.153 3.063 2.973 2.894 2.818 2.745 2.679 2.615 2.558 2.501 2.447 2.4 2.35 2.309 2.265 2.225 2.188 2.15 2.117 2.085 2.052 2.023 1.991 1.967 1.939 1.916 1.892 1.869 1.848 1.831 1.81 1.792 1.777 1.762 1.745 1.727 1.715 1.7 1.691 1.677 1.666 1.658 1.647 1.637 1.627 1.619 1.611 1.602 1.596 1.595 1.588 1.582 1.576 1.574 1.57 1.565 1.566 1.561 1.56 1.558 1.558 1.559 1.559 1.562 1.564 1.564 1.568 1.571 1.574 1.576 1.578 1.583 1.589
21.72 5.057 -1.76257 1.45 1.455 1.464 1.468 1.479 1.483 1.493 1.501 1.511 1.522 1.534 1.544 1.555 1.565 1.582 1.593 1.61 1.626 1.641 1.659 1.677 1.696 1.715 1.733 1.756 1.781 1.802 1.827 1.856 1.881 1.911 1.941 1.975 2.009 2.046 2.082 2.124 2.166 2.207 2.256 2.302 2.358 2.415 2.472 2.537 2.603 2.674 2.752 2.832 2.923 3.014 3.119 3.231 3.346 3.475 3.619 3.773 3.941 4.127 4.338 4.568 4.824 5.107 5.43 5.808 6.247 6.755 7.329 8.042 8.907 9.997 11.392 13.239 15.699 17.086 17.065 17.05 17.041 17.038 17.04 17.045 17.057 17.078 17.097 17.128 12.939 11.308 9.996 8.991 8.172 7.486 6.906 6.421 5.986 5.625 5.286 5.005 4.747 4.515 4.307 4.121 3.944 3.793 3.644 3.513 3.394 3.275 3.174 3.077 2.983 2.901 2.824 2.745 2.679 2.616 2.553 2.496 2.436 2.387 2.339 2.291 2.247 2.207 2.166 2.129 2.096 2.061 2.028 1.999 1.969 1.941 1.916 1.891 1.87 1.846 1.824 1.802 1.786 1.764 1.749 1.73 1.715 1.698 1.687 1.674 1.658 1.649 1.636 1.626 1.612 1.605 1.594 1.588 1.579 1.574 1.567 1.556 1.554 1.547 1.542 1.54 1.537 1.53 1.528 1.525 1.526 1.52 1.522 1.521 1.522 1.521 1.52 1.524 1.527 1.529 1.528 1.531 1.538 1.54 1.545 1.549
21.652 4.711 -1.76257 1.521 1.528 1.535 1.538 1.548 1.554 1.565 1.576 1.583 1.595 1.607 1.615 1.629 1.643 1.658 1.671 1.685 1.7 1.721 1.736 1.753 1.778 1.798 1.819 1.842 1.862 1.887 1.917 1.941 1.97 2.003 2.032 2.068 2.107 2.141 2.183 2.224 2.265 2.312 2.361 2.415 2.471 2.53 2.591 2.659 2.728 2.805 2.887 2.97 3.064 3.162 3.269 3.386 3.511 3.647 3.789 3.953 4.137 4.328 4.539 4.788 5.053 5.358 5.705 6.088 6.536 7.08 7.695 8.432 9.349 10.469 11.949 13.827 16.465 16.738 16.72 16.705 16.701 16.693 16.698 16.705 16.716 16.733 16.751 16.781 12.379 10.776 9.559 8.603 7.796 7.138 6.594 6.117 5.717 5.365 5.055 4.775 4.538 4.314 4.118 3.934 3.769 3.616 3.479 3.356 3.241 3.131 3.031 2.941 2.853 2.771 2.696 2.622 2.559 2.495 2.438 2.384 2.331 2.278 2.233 2.188 2.148 2.11 2.069 2.035 2 1.97 1.936 1.912 1.884 1.853 1.829 1.808 1.784 1.766 1.742 1.721 1.702 1.685 1.668 1.656 1.639 1.625 1.609 1.598 1.583 1.573 1.561 1.553 1.543 1.533 1.524 1.516 1.508 1.502 1.496 1.49 1.481 1.48 1.473 1.468 1.463 1.462 1.46 1.455 1.457 1.456 1.451 1.453 1.454 1.454 1.453 1.454 1.457 1.457 1.46 1.464 1.468 1.471 1.477 1.48
21.613 4.516 -1.74416 1.554 1.56 1.569 1.574 1.58 1.587 1.596 1.608 1.615 1.625 1.637 1.646 1.661 1.673 1.684 1.697 1.716 1.729 1.746 1.763 1.781 1.801 1.821 1.841 1.866 1.889 1.915 1.936 1.963 1.991 2.022 2.054 2.089 2.121 2.163 2.199 2.236 2.282 2.329 2.377 2.423 2.482 2.539 2.598 2.66 2.729 2.805 2.88 2.959 3.052 3.142 3.246 3.358 3.475 3.604 3.749 3.899 4.061 4.247 4.446 4.671 4.911 5.195 5.5 5.866 6.26 6.72 7.277 7.922 8.699 9.616 10.812 12.302 14.282 16.568 16.547 16.528 16.514 16.506 16.503 16.506 16.512 16.52 16.538 16.562 16.586 11.969 10.462 9.271 8.332 7.563 6.944 6.409 5.947 5.554 5.22 4.912 4.642 4.405 4.191 4.003 3.823 3.667 3.518 3.388 3.264 3.15 3.046 2.949 2.859 2.773 2.694 2.623 2.554 2.489 2.425 2.369 2.316 2.269 2.218 2.171 2.13 2.089 2.051 2.016 1.98 1.949 1.915 1.887 1.856 1.832 1.808 1.782 1.761 1.737 1.716 1.694 1.674 1.66 1.642 1.623 1.611 1.596 1.581 1.568 1.555 1.541 1.529 1.518 1.51 1.502 1.492 1.481 1.476 1.467 1.463 1.453 1.449 1.443 1.44 1.437 1.43 1.425 1.422 1.419 1.419 1.418 1.415 1.414 1.413 1.413 1.414 1.414 1.418 1.417 1.42 1.421 1.426 1.431 1.432 1.439
21.594 4.326 -1.51713 1.546 1.546 1.543 1.546 1.544 1.547 1.546 1.55 1.55 1.555 1.56 1.562 1.564 1.57 1.574 1.584 1.586 1.598 1.602 1.611 1.619 1.631 1.641 1.648 1.663 1.67 1.683 1.696 1.711 1.728 1.742 1.755 1.777 1.792 1.812 1.832 1.853 1.871 1.897 1.919 1.945 1.974 2 2.029 2.059 2.09 2.127 2.163 2.202 2.242 2.284 2.325 2.373 2.421 2.476 2.533 2.59 2.652 2.719 2.787 2.864 2.942 3.028 3.123 3.223 3.326 3.439 3.563 3.703 3.84 4.004 4.177 4.374 4.579 4.815 5.077 5.372 5.705 6.076 6.514 6.992 7.579 8.27 9.095 10.14 11.447 13.071 15.293 16.37 16.347 16.331 16.322 16.313 16.313 16.315 16.324 16.336 16.356 16.378 12.997 11.181 9.862 8.773 7.935 7.241 6.655 6.145 5.721 5.357 5.026 4.749 4.494 4.271 4.069 3.881 3.712 3.564 3.422 3.295 3.175 3.074 2.969 2.872 2.789 2.708 2.631 2.561 2.497 2.435 2.375 2.318 2.269 2.218 2.171 2.13 2.09 2.049 2.01 1.978 1.944 1.912 1.88 1.849 1.823 1.796 1.775 1.751 1.729 1.706 1.684 1.666 1.65 1.629 1.612 1.595 1.583 1.568 1.553 1.54 1.531 1.518 1.506 1.498 1.485 1.478 1.466 1.46 1.455 1.445 1.439 1.435 1.425 1.421 1.417 1.413 1.412 1.407 1.402 1.399 1.401 1.396
21.605 4.21 -1.56928 1.532 1.533 1.534 1.535 1.535 1.54 1.541 1.544 1.549 1.552 1.558 1.567 1.57 1.577 1.581 1.59 1.599 1.605 1.618 1.626 1.635 1.648 1.659 1.669 1.685 1.696 1.71 1.725 1.746 1.758 1.779 1.798 1.816 1.838 1.859 1.88 1.902 1.932 1.955 1.985 2.011 2.044 2.076 2.106 2.143 2.18 2.219 2.26 2.307 2.351 2.401 2.451 2.507 2.566 2.627 2.693 2.761 2.84 2.914 2.999 3.092 3.189 3.298 3.408 3.528 3.657 3.807 3.957 4.136 4.325 4.525 4.76 5.02 5.301 5.631 5.996 6.422 6.896 7.471 8.158 8.981 9.965 11.198 12.854 15.044 16.255 16.235 16.219 16.205 16.201 16.198 16.201 16.211 16.22 16.241 16.264 16.291 11.458 10.043 8.935 8.077 7.332 6.736 6.24 5.797 5.426 5.095 4.814 4.551 4.319 4.112 3.925 3.758 3.603 3.464 3.332 3.213 3.103 3.002 2.905 2.816 2.739 2.661 2.587 2.522 2.46 2.397 2.343 2.288 2.239 2.193 2.147 2.108 2.066 2.029 1.995 1.959 1.928 1.898 1.867 1.839 1.813 1.789 1.766 1.745 1.72 1.701 1.679 1.662 1.645 1.63 1.614 1.597 1.582 1.566 1.553 1.544 1.533 1.52 1.509 1.498 1.488 1.479 1.475 1.467 1.457 1.454 1.444 1.438 1.434 1.428 1.428 1.421 1.418 1.415 1.413 1.412 1.408 1.407 1.405 1.405
21.604 4.177 -1.71041 1.556 1.561 1.562 1.567 1.575 1.582 1.591 1.597 1.604 1.615 1.626 1.634 1.646 1.656 1.671 1.684 1.698 1.711 1.724 1.74 1.759 1.774 1.794 1.81 1.832 1.854 1.878 1.901 1.923 1.951 1.975 2.005 2.039 2.068 2.103 2.135 2.176 2.214 2.255 2.296 2.34 2.392 2.442 2.493 2.552 2.614 2.68 2.746 2.819 2.896 2.98 3.072 3.164 3.269 3.383 3.5 3.627 3.773 3.925 4.097 4.276 4.474 4.703 4.952 5.233 5.543 5.898 6.309 6.777 7.327 7.985 8.765 9.694 10.894 12.388 14.421 16.23 16.205 16.187 16.177 16.17 16.168 16.169 16.173 16.184 16.202 16.225 16.252 11.853 10.341 9.181 8.254 7.517 6.871 6.352 5.908 5.518 5.175 4.871 4.616 4.376 4.162 3.968 3.797 3.64 3.494 3.359 3.241 3.126 3.021 2.925 2.838 2.753 2.679 2.606 2.536 2.47 2.413 2.357 2.3 2.253 2.206 2.161 2.114 2.078 2.036 1.999 1.964 1.937 1.903 1.875 1.847 1.818 1.796 1.768 1.747 1.727 1.705 1.683 1.663 1.65 1.631 1.616 1.601 1.583 1.569 1.556 1.543 1.53 1.523 1.511 1.501 1.489 1.483 1.473 1.466 1.46 1.454 1.444 1.441 1.436 1.428 1.426 1.419 1.42 1.415 1.412 1.411 1.41 1.406 1.408 1.404 1.403 1.404 1.406 1.407 1.411 1.41 1.416 1.417 1.422
21.597 4.153 -1.91903 1.646 1.661 1.669 1.683 1.698 1.71 1.723 1.743 1.754 1.773 1.791 1.811 1.83 1.853 1.873 1.898 1.923 1.948 1.972 2.001 2.032 2.063 2.093 2.131 2.166 2.206 2.244 2.285 2.333 2.381 2.43 2.479 2.535 2.599 2.656 2.725 2.796 2.876 2.955 3.043 3.132 3.238 3.344 3.458 3.582 3.72 3.87 4.032 4.211 4.404 4.613 4.857 5.119 5.426 5.758 6.137 6.583 7.106 7.695 8.418 9.269 10.342 11.694 13.466 15.813 16.192 16.175 16.159 16.147 16.142 16.142 16.145 16.158 16.172 16.19 16.215 12.664 10.914 9.643 8.631 7.805 7.123 6.555 6.079 5.66 5.303 4.983 4.709 4.456 4.235 4.031 3.851 3.693 3.544 3.405 3.281 3.163 3.058 2.958 2.865 2.778 2.7 2.626 2.554 2.487 2.427 2.369 2.312 2.261 2.214 2.166 2.126 2.085 2.043 2.008 1.975 1.938 1.91 1.876 1.849 1.823 1.798 1.771 1.749 1.727 1.705 1.687 1.667 1.646 1.63 1.612 1.598 1.583 1.571 1.555 1.544 1.532 1.52 1.507 1.499 1.489 1.478 1.472 1.464 1.456 1.449 1.444 1.438 1.43 1.427 1.421 1.417 1.413 1.409 1.406 1.402 1.403 1.401 1.398 1.397 1.397 1.398 1.397 1.402 1.404 1.402 1.405 1.407 1.41 1.417 1.419 1.425 1.427 1.435 1.441 1.449 1.452 1.46 1.468 1.477 1.488
21.566 4.067 -1.91903 1.681 1.692 1.704 1.718 1.729 1.746 1.761 1.774 1.794 1.809 1.829 1.845 1.869 1.891 1.913 1.935 1.958 1.984 2.012 2.042 2.072 2.103 2.136 2.174 2.208 2.247 2.291 2.334 2.376 2.428 2.478 2.53 2.588 2.647 2.715 2.777 2.855 2.932 3.015 3.105 3.196 3.297 3.41 3.523 3.654 3.792 3.945 4.106 4.292 4.494 4.707 4.95 5.221 5.531 5.867 6.265 6.713 7.228 7.847 8.588 9.452 10.582 11.905 13.71 16.13 16.109 16.088 16.072 16.062 16.055 16.056 16.063 16.068 16.086 16.102 16.128 12.381 10.69 9.451 8.426 7.634 6.968 6.416 5.947 5.535 5.179 4.879 4.598 4.359 4.145 3.952 3.771 3.615 3.463 3.328 3.208 3.093 2.992 2.891 2.803 2.718 2.639 2.565 2.5 2.435 2.371 2.315 2.262 2.215 2.167 2.12 2.077 2.037 2.001 1.962 1.931 1.898 1.867 1.838 1.811 1.782 1.76 1.731 1.713 1.688 1.67 1.647 1.631 1.613 1.595 1.577 1.561 1.548 1.534 1.522 1.509 1.496 1.487 1.478 1.463 1.453 1.445 1.441 1.429 1.423 1.414 1.408 1.406 1.4 1.395 1.387 1.387 1.382 1.377 1.376 1.372 1.369 1.368 1.368 1.368 1.365 1.37 1.37 1.369 1.373 1.371 1.374 1.379 1.38 1.383 1.39 1.393 1.399 1.401 1.411 1.417 1.422 1.428 1.434 1.446 1.453
21.523 3.947 -1.91903 1.725 1.739 1.749 1.764 1.777 1.791 1.809 1.824 1.842 1.858 1.878 1.898 1.921 1.938 1.964 1.988 2.012 2.04 2.067 2.098 2.13 2.16 2.197 2.234 2.268 2.308 2.35 2.394 2.441 2.492 2.542 2.603 2.659 2.72 2.79 2.855 2.931 3.01 3.093 3.19 3.284 3.388 3.501 3.626 3.755 3.894 4.051 4.22 4.409 4.611 4.837 5.085 5.364 5.682 6.039 6.437 6.895 7.428 8.054 8.811 9.714 10.859 12.273 14.145 16.014 15.99 15.966 15.954 15.942 15.935 15.936 15.943 15.949 15.962 15.983 16.007 12.007 10.379 9.126 8.16 7.396 6.756 6.218 5.75 5.364 5.017 4.715 4.458 4.217 4.009 3.822 3.65 3.497 3.353 3.225 3.105 3 2.895 2.799 2.711 2.631 2.558 2.489 2.416 2.36 2.3 2.241 2.192 2.141 2.097 2.055 2.013 1.977 1.937 1.9 1.87 1.836 1.808 1.781 1.751 1.728 1.702 1.676 1.655 1.636 1.616 1.598 1.581 1.563 1.543 1.527 1.513 1.497 1.487 1.475 1.462 1.45 1.439 1.431 1.417 1.408 1.401 1.394 1.387 1.38 1.373 1.367 1.36 1.354 1.348 1.344 1.342 1.336 1.337 1.335 1.331 1.327 1.324 1.328 1.327 1.326 1.325 1.328 1.324 1.327 1.332 1.332 1.334 1.336 1.339 1.346 1.348 1.354 1.356 1.364 1.37 1.378 1.383 1.391 1.4 1.41
21.465 3.785 -1.90216 1.779 1.788 1.802 1.813 1.826 1.841 1.855 1.873 1.888 1.905 1.928 1.944 1.966 1.989 2.011 2.035 2.059 2.083 2.111 2.142 2.173 2.202 2.238 2.273 2.31 2.35 2.391 2.436 2.483 2.528 2.582 2.633 2.693 2.753 2.818 2.887 2.958 3.035 3.119 3.207 3.301 3.401 3.513 3.629 3.755 3.891 4.041 4.198 4.372 4.562 4.779 5.012 5.271 5.564 5.883 6.257 6.663 7.152 7.706 8.356 9.153 10.088 11.258 12.721 14.655 15.852 15.825 15.808 15.794 15.782 15.778 15.777 15.779 15.789 15.806 15.825 15.848 11.468 9.877 8.733 7.807 7.055 6.446 5.934 5.5 5.124 4.803 4.519 4.265 4.038 3.836 3.652 3.489 3.344 3.205 3.088 2.969 2.864 2.769 2.678 2.595 2.52 2.445 2.378 2.316 2.254 2.197 2.148 2.094 2.052 2.008 1.963 1.926 1.888 1.853 1.82 1.789 1.756 1.73 1.704 1.676 1.65 1.626 1.606 1.583 1.566 1.546 1.527 1.511 1.495 1.477 1.462 1.45 1.433 1.422 1.409 1.397 1.386 1.378 1.365 1.358 1.347 1.339 1.332 1.328 1.318 1.311 1.307 1.301 1.295 1.289 1.286 1.283 1.282 1.276 1.276 1.271 1.269 1.267 1.267 1.268 1.265 1.268 1.268 1.269 1.271 1.272 1.274 1.279 1.279 1.281 1.288 1.288 1.292 1.302 1.303 1.311 1.319 1.324 1.333 1.34
21.487 3.125 -1.41281 1.664 1.661 1.66 1.654 1.654 1.651 1.649 1.65 1.651 1.649 1.652 1.652 1.652 1.653 1.658 1.662 1.665 1.668 1.674 1.677 1.685 1.693 1.7 1.707 1.715 1.72 1.729 1.74 1.751 1.765 1.775 1.787 1.801 1.816 1.83 1.847 1.863 1.881 1.895 1.917 1.939 1.957 1.981 2.005 2.029 2.054 2.08 2.11 2.14 2.172 2.206 2.237 2.277 2.313 2.353 2.396 2.444 2.492 2.541 2.596 2.653 2.708 2.775 2.836 2.911 2.984 3.065 3.153 3.247 3.342 3.453 3.566 3.689 3.822 3.963 4.122 4.295 4.477 4.69 4.913 5.164 5.447 5.77 6.12 6.532 6.997 7.537 8.166 8.923 9.838 10.963 12.376 14.202 15.196 15.173 15.151 15.14 15.129 15.124 15.121 15.125 15.131 15.146 15.163 15.184 11.879 10.25 9.012 8.051 7.279 6.644 6.103 5.639 5.261 4.923 4.622 4.363 4.135 3.929 3.742 3.573 3.416 3.277 3.156 3.04 2.932 2.828 2.736 2.654 2.573 2.498 2.428 2.362 2.301 2.245 2.192 2.139 2.091 2.044 2.008 1.963 1.928 1.888 1.855 1.823 1.792 1.764 1.735 1.708 1.685 1.662 1.638 1.617 1.595 1.577 1.555 1.538 1.521 1.508 1.49 1.474 1.462 1.447 1.438 1.421 1.415 1.403 1.391 1.381 1.371 1.367 1.359 1.35 1.344 1.335 1.331 1.325 1.317 1.314 1.311 1.306
21.624 2.279 -1.41281 1.53 1.527 1.522 1.522 1.518 1.516 1.517 1.514 1.516 1.515 1.516 1.516 1.519 1.518 1.52 1.523 1.526 1.53 1.538 1.54 1.545 1.549 1.558 1.564 1.574 1.58 1.59 1.599 1.609 1.617 1.63 1.64 1.653 1.668 1.68 1.691 1.711 1.725 1.74 1.759 1.778 1.797 1.816 1.842 1.862 1.884 1.908 1.937 1.965 1.994 2.022 2.057 2.087 2.127 2.163 2.2 2.242 2.284 2.333 2.378 2.432 2.486 2.542 2.604 2.67 2.739 2.816 2.893 2.978 3.068 3.17 3.274 3.383 3.51 3.636 3.779 3.944 4.111 4.304 4.51 4.738 5.006 5.296 5.625 5.998 6.424 6.908 7.504 8.172 9.027 10.03 11.346 12.986 14.352 14.329 14.313 14.299 14.289 14.281 14.281 14.284 14.294 14.303 14.324 14.344 14.366 11.342 9.981 8.909 8.031 7.331 6.728 6.234 5.806 5.435 5.115 4.824 4.571 4.341 4.131 3.95 3.783 3.628 3.484 3.355 3.236 3.127 3.022 2.926 2.843 2.761 2.68 2.61 2.543 2.482 2.421 2.363 2.313 2.262 2.216 2.169 2.126 2.09 2.049 2.014 1.979 1.947 1.917 1.886 1.862 1.834 1.812 1.784 1.764 1.739 1.722 1.702 1.68 1.665 1.647 1.632 1.618 1.598 1.587 1.575 1.559 1.548 1.541 1.526 1.519 1.507 1.5 1.493 1.483 1.475 1.468 1.465 1.457 1.453 1.446 1.445
21.656 2.08 -1.41281 1.498 1.492 1.491 1.487 1.486 1.482 1.485 1.484 1.484 1.482 1.483 1.484 1.485 1.487 1.491 1.492 1.495 1.501 1.506 1.507 1.512 1.519 1.524 1.531 1.542 1.547 1.555 1.566 1.573 1.586 1.593 1.607 1.619 1.632 1.646 1.66 1.674 1.69 1.704 1.723 1.739 1.761 1.781 1.799 1.823 1.847 1.868 1.894 1.923 1.948 1.981 2.012 2.046 2.08 2.116 2.154 2.193 2.235 2.283 2.33 2.383 2.436 2.49 2.552 2.617 2.683 2.754 2.833 2.917 3.004 3.098 3.204 3.311 3.431 3.56 3.704 3.852 4.026 4.21 4.418 4.638 4.9 5.182 5.494 5.868 6.281 6.762 7.335 8.016 8.823 9.825 11.095 12.709 14.156 14.13 14.115 14.097 14.092 14.085 14.083 14.086 14.096 14.105 14.122 14.143 14.168 14.199 10.172 9.077 8.207 7.492 6.88 6.389 5.938 5.556 5.226 4.93 4.667 4.438 4.224 4.035 3.865 3.707 3.562 3.43 3.307 3.195 3.091 2.994 2.905 2.819 2.745 2.672 2.598 2.538 2.473 2.417 2.365 2.316 2.264 2.22 2.174 2.138 2.098 2.059 2.025 1.992 1.961 1.933 1.9 1.874 1.85 1.824 1.799 1.777 1.759 1.736 1.718 1.699 1.683 1.667 1.652 1.634 1.623 1.608 1.597 1.583 1.571 1.564 1.551 1.54 1.531 1.524 1.518 1.507 1.504 1.496 1.489 1.485 1.482 1.478
21.688 1.881 -1.41281 1.465 1.464 1.459 1.454 1.454 1.452 1.45 1.448 1.45 1.453 1.453 1.454 1.455 1.456 1.455 1.459 1.464 1.468 1.472 1.478 1.479 1.488 1.491 1.498 1.506 1.515 1.522 1.532 1.539 1.548 1.559 1.574 1.581 1.595 1.608 1.62 1.639 1.654 1.667 1.687 1.702 1.721 1.739 1.763 1.784 1.805 1.829 1.857 1.881 1.911 1.936 1.968 2.002 2.035 2.069 2.109 2.145 2.188 2.234 2.281 2.328 2.381 2.437 2.496 2.558 2.623 2.697 2.773 2.855 2.939 3.035 3.132 3.242 3.358 3.489 3.627 3.77 3.944 4.123 4.318 4.548 4.793 5.062 5.385 5.745 6.143 6.624 7.183 7.853 8.628 9.614 10.838 12.471 13.953 13.935 13.917 13.905 13.891 13.889 13.885 13.892 13.896 13.907 13.923 13.946 13.97 13.998 10.42 9.27 8.404 7.664 7.031 6.52 6.067 5.68 5.335 5.044 4.775 4.537 4.319 4.13 3.952 3.788 3.641 3.508 3.385 3.266 3.162 3.057 2.971 2.884 2.801 2.728 2.658 2.59 2.527 2.469 2.414 2.363 2.314 2.269 2.223 2.181 2.14 2.105 2.072 2.036 2.003 1.973 1.942 1.917 1.888 1.865 1.839 1.817 1.797 1.773 1.758 1.739 1.721 1.705 1.686 1.675 1.656 1.644 1.63 1.619 1.606 1.598 1.587 1.575 1.567 1.557 1.549 1.544 1.536 1.529 1.525 1.517 1.515 1.508
21.72 1.682 -1.41281 1.434 1.428 1.427 1.425 1.424 1.42 1.418 1.419 1.42 1.42 1.421 1.421 1.422 1.425 1.426 1.427 1.433 1.437 1.44 1.442 1.448 1.452 1.461 1.467 1.474 1.478 1.488 1.498 1.504 1.518 1.526 1.535 1.55 1.562 1.574 1.584 1.603 1.614 1.632 1.646 1.665 1.684 1.704 1.723 1.742 1.765 1.791 1.816 1.838 1.868 1.896 1.925 1.956 1.991 2.024 2.064 2.1 2.142 2.183 2.229 2.277 2.331 2.383 2.444 2.504 2.57 2.638 2.713 2.792 2.875 2.967 3.067 3.17 3.283 3.413 3.542 3.694 3.857 4.034 4.226 4.441 4.686 4.956 5.264 5.61 6.016 6.484 7.019 7.658 8.436 9.428 10.617 12.193 13.759 13.736 13.718 13.702 13.697 13.691 13.691 13.692 13.699 13.712 13.725 13.747 13.771 13.799 10.61 9.493 8.572 7.823 7.196 6.663 6.205 5.803 5.455 5.144 4.878 4.637 4.41 4.211 4.031 3.873 3.718 3.577 3.453 3.334 3.227 3.126 3.031 2.942 2.864 2.786 2.713 2.643 2.581 2.522 2.467 2.414 2.362 2.318 2.27 2.229 2.187 2.151 2.114 2.079 2.048 2.015 1.984 1.959 1.932 1.906 1.88 1.858 1.835 1.812 1.792 1.774 1.759 1.74 1.726 1.708 1.691 1.679 1.667 1.655 1.642 1.631 1.619 1.609 1.599 1.592 1.582 1.576 1.566 1.563 1.553 1.548 1.544 1.541
21.76 1.434 -1.41281 1.395 1.39 1.385 1.382 1.38 1.381 1.378 1.378 1.379 1.381 1.378 1.381 1.381 1.384 1.384 1.386 1.391 1.394 1.4 1.404 1.409 1.415 1.421 1.425 1.434 1.438 1.445 1.454 1.463 1.471 1.486 1.495 1.503 1.515 1.529 1.544 1.554 1.57 1.585 1.601 1.618 1.634 1.657 1.673 1.694 1.715 1.738 1.763 1.789 1.813 1.842 1.87 1.901 1.935 1.969 2.003 2.038 2.082 2.125 2.165 2.215 2.267 2.317 2.375 2.432 2.495 2.567 2.638 2.713 2.796 2.883 2.98 3.08 3.191 3.314 3.447 3.592 3.744 3.916 4.106 4.319 4.554 4.818 5.12 5.46 5.84 6.301 6.83 7.445 8.198 9.136 10.329 11.828 13.511 13.487 13.47 13.459 13.45 13.443 13.444 13.447 13.454 13.463 13.479 13.497 13.524 13.552 13.582 9.74 8.808 8.017 7.39 6.843 6.355 5.955 5.602 5.276 5.002 4.749 4.528 4.323 4.136 3.974 3.814 3.676 3.542 3.425 3.312 3.21 3.11 3.022 2.941 2.859 2.788 2.717 2.652 2.589 2.53 2.476 2.425 2.376 2.332 2.29 2.244 2.204 2.169 2.131 2.102 2.065 2.036 2.007 1.982 1.956 1.928 1.907 1.884 1.861 1.843 1.824 1.801 1.786 1.77 1.751 1.737 1.721 1.712 1.696 1.686 1.672 1.664 1.654 1.642 1.631 1.624 1.618 1.61 1.601 1.594 1.591 1.585 1.581
21.808 1.135 -1.41281 1.342 1.341 1.34 1.337 1.336 1.331 1.331 1.33 1.33 1.331 1.33 1.331 1.336 1.334 1.337 1.339 1.344 1.348 1.348 1.354 1.358 1.365 1.367 1.374 1.383 1.39 1.395 1.406 1.412 1.423 1.43 1.443 1.452 1.464 1.477 1.491 1.503 1.515 1.528 1.547 1.561 1.579 1.596 1.614 1.634 1.656 1.678 1.701 1.728 1.751 1.776 1.804 1.838 1.865 1.9 1.932 1.972 2.007 2.049 2.09 2.138 2.186 2.234 2.291 2.348 2.408 2.476 2.546 2.62 2.697 2.784 2.878 2.978 3.084 3.199 3.325 3.461 3.617 3.781 3.968 4.17 4.397 4.657 4.939 5.271 5.648 6.078 6.594 7.202 7.937 8.836 9.989 11.457 13.213 13.191 13.175 13.162 13.152 13.149 13.146 13.15 13.155 13.169 13.184 13.204 13.224 13.251 13.283 10.034 9.063 8.264 7.607 7.043 6.564 6.145 5.769 5.441 5.155 4.898 4.667 4.46 4.266 4.092 3.928 3.787 3.656 3.527 3.415 3.306 3.206 3.114 3.028 2.945 2.868 2.8 2.733 2.669 2.609 2.553 2.498 2.448 2.401 2.355 2.312 2.275 2.235 2.2 2.163 2.129 2.099 2.071 2.041 2.014 1.989 1.967 1.943 1.918 1.897 1.88 1.86 1.839 1.824 1.807 1.79 1.774 1.76 1.747 1.735 1.722 1.713 1.703 1.691 1.684 1.674 1.668 1.661 1.653 1.646 1.639 1.635 1.629
21.84 0.936 -1.41281 1.314 1.309 1.306 1.306 1.3 1.298 1.302 1.299 1.3 1.298 1.299 1.299 1.302 1.305 1.306 1.309 1.312 1.315 1.319 1.321 1.326 1.333 1.335 1.344 1.351 1.357 1.364 1.37 1.378 1.386 1.396 1.408 1.42 1.43 1.44 1.454 1.463 1.478 1.493 1.511 1.526 1.543 1.558 1.579 1.599 1.618 1.636 1.659 1.686 1.709 1.733 1.762 1.792 1.823 1.856 1.885 1.921 1.962 2.001 2.041 2.084 2.133 2.181 2.234 2.292 2.351 2.414 2.486 2.558 2.632 2.716 2.805 2.902 3.008 3.125 3.242 3.381 3.533 3.69 3.867 4.069 4.293 4.539 4.817 5.138 5.503 5.936 6.438 7.032 7.727 8.627 9.714 11.142 13.014 12.99 12.975 12.961 12.956 12.948 12.947 12.952 12.959 12.972 12.986 13.005 13.027 13.052 13.085 13.121 9.243 8.431 7.747 7.173 6.686 6.259 5.881 5.552 5.257 4.997 4.756 4.547 4.351 4.174 4.009 3.862 3.725 3.6 3.479 3.372 3.274 3.179 3.088 3.007 2.928 2.855 2.784 2.719 2.66 2.602 2.55 2.5 2.448 2.402 2.36 2.318 2.278 2.239 2.207 2.171 2.14 2.113 2.08 2.057 2.026 2 1.981 1.958 1.936 1.913 1.896 1.875 1.857 1.84 1.825 1.811 1.795 1.782 1.769 1.758 1.745 1.735 1.724 1.717 1.709 1.699 1.694 1.686 1.677 1.672 1.667 1.664
21.888 0.638 -1.41281 1.263 1.26 1.26 1.254 1.252 1.253 1.252 1.25 1.25 1.252 1.254 1.25 1.251 1.257 1.256 1.26 1.261 1.266 1.267 1.275 1.279 1.284 1.286 1.291 1.298 1.308 1.315 1.321 1.329 1.337 1.346 1.354 1.363 1.377 1.389 1.401 1.414 1.426 1.441 1.453 1.466 1.486 1.503 1.519 1.54 1.557 1.577 1.597 1.62 1.646 1.674 1.697 1.728 1.755 1.784 1.817 1.855 1.888 1.928 1.966 2.008 2.057 2.102 2.153 2.21 2.264 2.324 2.392 2.46 2.54 2.618 2.706 2.798 2.896 3.007 3.125 3.254 3.395 3.557 3.732 3.919 4.131 4.376 4.65 4.945 5.299 5.717 6.191 6.773 7.449 8.303 9.381 10.776 12.651 12.693 12.681 12.666 12.659 12.655 12.653 12.656 12.661 12.671 12.69 12.708 12.727 12.757 12.787 12.816 9.519 8.692 7.993 7.397 6.878 6.439 6.061 5.712 5.415 5.142 4.892 4.675 4.476 4.292 4.129 3.977 3.836 3.705 3.578 3.47 3.366 3.265 3.175 3.092 3.012 2.941 2.871 2.799 2.739 2.679 2.623 2.574 2.522 2.474 2.43 2.385 2.346 2.307 2.269 2.236 2.205 2.174 2.142 2.113 2.085 2.062 2.038 2.013 1.994 1.97 1.95 1.93 1.914 1.895 1.878 1.864 1.85 1.837 1.82 1.81 1.797 1.785 1.776 1.768 1.755 1.75 1.743 1.733 1.725 1.719 1.717 1.71
21.92 0.439 -1.41281 1.233 1.228 1.226 1.225 1.222 1.219 1.218 1.22 1.218 1.221 1.219 1.221 1.22 1.223 1.223 1.227 1.231 1.233 1.238 1.238 1.244 1.252 1.256 1.262 1.268 1.274 1.279 1.284 1.295 1.301 1.314 1.32 1.331 1.34 1.35 1.366 1.376 1.389 1.404 1.415 1.433 1.445 1.463 1.48 1.501 1.516 1.539 1.558 1.584 1.603 1.628 1.654 1.683 1.711 1.741 1.773 1.805 1.841 1.876 1.914 1.957 2.002 2.048 2.098 2.149 2.209 2.27 2.33 2.399 2.472 2.551 2.635 2.728 2.822 2.93 3.048 3.174 3.312 3.469 3.633 3.819 4.026 4.267 4.519 4.823 5.17 5.571 6.026 6.58 7.248 8.072 9.112 10.476 12.347 12.497 12.481 12.47 12.46 12.457 12.457 12.459 12.468 12.473 12.491 12.507 12.529 12.553 12.587 12.616 12.656 8.846 8.138 7.521 7.011 6.574 6.167 5.826 5.519 5.234 4.991 4.763 4.564 4.376 4.205 4.05 3.909 3.772 3.651 3.533 3.428 3.329 3.241 3.149 3.068 2.991 2.922 2.854 2.788 2.727 2.674 2.62 2.568 2.519 2.476 2.434 2.39 2.35 2.316 2.277 2.244 2.216 2.182 2.155 2.127 2.102 2.078 2.054 2.031 2.007 1.987 1.968 1.949 1.932 1.915 1.9 1.883 1.87 1.858 1.842 1.833 1.821 1.81 1.802 1.788 1.781 1.772 1.764 1.762 1.753 1.746 1.744
21.952 0.24 -1.41281 1.2 1.198 1.197 1.194 1.192 1.191 1.188 1.185 1.189 1.188 1.188 1.19 1.188 1.192 1.193 1.197 1.197 1.199 1.206 1.21 1.211 1.217 1.222 1.226 1.231 1.242 1.248 1.252 1.261 1.268 1.279 1.287 1.295 1.305 1.318 1.329 1.342 1.352 1.364 1.378 1.396 1.409 1.424 1.442 1.462 1.478 1.499 1.52 1.54 1.565 1.587 1.611 1.636 1.663 1.696 1.723 1.755 1.792 1.829 1.866 1.91 1.951 1.998 2.046 2.094 2.149 2.206 2.27 2.335 2.407 2.487 2.565 2.652 2.75 2.859 2.969 3.089 3.229 3.375 3.541 3.719 3.92 4.151 4.408 4.7 5.033 5.418 5.881 6.424 7.059 7.869 8.872 10.22 11.974 12.301 12.285 12.27 12.265 12.259 12.259 12.263 12.268 12.276 12.291 12.31 12.333 12.358 12.385 12.418 12.456 9.025 8.292 7.681 7.135 6.694 6.283 5.938 5.614 5.339 5.084 4.857 4.65 4.457 4.286 4.128 3.98 3.842 3.714 3.601 3.491 3.392 3.299 3.21 3.126 3.05 2.977 2.906 2.841 2.782 2.721 2.665 2.617 2.565 2.52 2.477 2.436 2.393 2.358 2.323 2.29 2.254 2.222 2.194 2.164 2.14 2.113 2.092 2.069 2.045 2.022 2.002 1.988 1.969 1.949 1.933 1.92 1.902 1.889 1.88 1.866 1.854 1.845 1.831 1.823 1.817 1.808 1.798 1.793 1.783 1.778 1.774
21.984 0.041 -1.41281 1.168 1.164 1.164 1.162 1.159 1.158 1.154 1.154 1.157 1.155 1.158 1.159 1.156 1.16 1.159 1.161 1.166 1.166 1.17 1.174 1.179 1.185 1.19 1.195 1.199 1.206 1.214 1.222 1.226 1.235 1.244 1.253 1.261 1.269 1.28 1.291 1.304 1.318 1.33 1.345 1.359 1.372 1.385 1.402 1.419 1.44 1.46 1.477 1.498 1.519 1.543 1.567 1.592 1.62 1.647 1.679 1.714 1.746 1.778 1.814 1.854 1.895 1.945 1.986 2.04 2.091 2.147 2.21 2.274 2.341 2.42 2.493 2.582 2.681 2.775 2.889 3.011 3.142 3.283 3.444 3.618 3.815 4.041 4.291 4.567 4.904 5.281 5.73 6.248 6.883 7.658 8.645 9.961 11.651 12.103 12.084 12.076 12.064 12.064 12.062 12.061 12.068 12.081 12.095 12.112 12.132 12.16 12.185 12.217 12.255 9.161 8.432 7.819 7.277 6.813 6.394 6.042 5.719 5.43 5.175 4.941 4.734 4.537 4.366 4.196 4.052 3.913 3.785 3.667 3.555 3.453 3.356 3.266 3.185 3.103 3.028 2.959 2.893 2.833 2.771 2.719 2.663 2.614 2.567 2.52 2.48 2.437 2.401 2.363 2.33 2.294 2.263 2.231 2.206 2.18 2.152 2.127 2.102 2.082 2.06 2.038 2.022 2.005 1.987 1.969 1.956 1.939 1.925 1.91 1.898 1.887 1.878 1.868 1.859 1.848 1.839 1.832 1.826 1.819 1.811 1.809
22.017 -0.158 -1.41281 1.134 1.133 1.13 1.127 1.126 1.127 1.126 1.125 1.125 1.123 1.123 1.126 1.128 1.126 1.129 1.133 1.135 1.138 1.14 1.146 1.149 1.154 1.157 1.16 1.168 1.171 1.18 1.185 1.193 1.2 1.211 1.218 1.224 1.237 1.247 1.258 1.266 1.277 1.294 1.307 1.319 1.332 1.347 1.365 1.383 1.399 1.415 1.436 1.458 1.477 1.5 1.526 1.549 1.578 1.606 1.635 1.662 1.694 1.732 1.768 1.804 1.845 1.889 1.932 1.98 2.033 2.087 2.148 2.212 2.28 2.35 2.428 2.512 2.603 2.699 2.809 2.923 3.056 3.194 3.349 3.518 3.71 3.928 4.174 4.447 4.761 5.128 5.558 6.063 6.68 7.445 8.427 9.687 11.317 11.903 11.889 11.875 11.87 11.863 11.863 11.866 11.871 11.882 11.895 11.912 11.933 11.96 11.985 12.019 12.056 12.092 8.588 7.945 7.393 6.93 6.518 6.149 5.816 5.529 5.261 5.033 4.816 4.619 4.439 4.272 4.121 3.985 3.852 3.733 3.617 3.516 3.415 3.327 3.236 3.161 3.087 3.012 2.946 2.883 2.822 2.764 2.711 2.659 2.612 2.57 2.521 2.483 2.442 2.404 2.37 2.338 2.303 2.277 2.247 2.217 2.188 2.164 2.142 2.118 2.1 2.075 2.06 2.037 2.019 2.006 1.989 1.973 1.958 1.945 1.935 1.924 1.911 1.902 1.889 1.882 1.873 1.862 1.856 1.848 1.845 1.839
22.049 -0.357 -1.41281 1.101 1.098 1.096 1.095 1.094 1.094 1.093 1.093 1.094 1.091 1.092 1.094 1.092 1.093 1.095 1.098 1.103 1.104 1.109 1.109 1.117 1.122 1.122 1.13 1.134 1.142 1.144 1.152 1.161 1.167 1.174 1.185 1.194 1.199 1.212 1.222 1.231 1.245 1.255 1.268 1.28 1.296 1.313 1.327 1.344 1.357 1.379 1.395 1.418 1.437 1.458 1.484 1.507 1.533 1.559 1.589 1.616 1.646 1.682 1.718 1.752 1.794 1.833 1.878 1.924 1.976 2.031 2.087 2.148 2.212 2.284 2.358 2.44 2.533 2.626 2.731 2.845 2.967 3.103 3.255 3.422 3.609 3.81 4.055 4.326 4.629 4.986 5.408 5.892 6.49 7.228 8.187 9.408 11.023 11.706 11.69 11.677 11.672 11.665 11.663 11.669 11.677 11.683 11.697 11.715 11.733 11.758 11.785 11.818 11.854 11.893 8.735 8.084 7.539 7.049 6.627 6.255 5.931 5.624 5.359 5.119 4.895 4.701 4.517 4.352 4.191 4.054 3.921 3.798 3.68 3.581 3.477 3.386 3.297 3.215 3.138 3.062 2.999 2.935 2.871 2.816 2.759 2.708 2.658 2.611 2.569 2.525 2.487 2.449 2.414 2.379 2.346 2.312 2.284 2.258 2.232 2.204 2.181 2.156 2.135 2.116 2.095 2.073 2.057 2.037 2.026 2.011 1.996 1.98 1.967 1.955 1.942 1.931 1.925 1.912 1.904 1.896 1.889 1.885 1.874 1.872
22.073 -0.506 -1.41281 1.078 1.077 1.072 1.071 1.073 1.072 1.069 1.07 1.067 1.069 1.071 1.069 1.069 1.073 1.075 1.075 1.077 1.079 1.082 1.086 1.093 1.096 1.099 1.102 1.107 1.115 1.12 1.128 1.132 1.14 1.147 1.158 1.164 1.174 1.186 1.194 1.206 1.216 1.229 1.241 1.256 1.269 1.283 1.296 1.311 1.328 1.348 1.365 1.386 1.407 1.428 1.452 1.472 1.499 1.522 1.554 1.581 1.613 1.644 1.681 1.717 1.752 1.794 1.837 1.883 1.933 1.983 2.043 2.102 2.162 2.233 2.306 2.388 2.473 2.564 2.67 2.78 2.898 3.031 3.182 3.348 3.527 3.733 3.961 4.226 4.529 4.878 5.276 5.766 6.35 7.077 7.986 9.183 10.782 11.556 11.54 11.528 11.523 11.521 11.52 11.518 11.526 11.537 11.548 11.567 11.584 11.608 11.639 11.671 11.701 11.743 11.782 8.184 7.633 7.149 6.716 6.33 6.001 5.698 5.431 5.187 4.96 4.762 4.575 4.407 4.248 4.102 3.968 3.847 3.734 3.624 3.522 3.43 3.342 3.256 3.181 3.104 3.033 2.968 2.907 2.85 2.796 2.743 2.693 2.644 2.602 2.556 2.52 2.477 2.446 2.406 2.376 2.345 2.316 2.287 2.256 2.23 2.208 2.185 2.164 2.142 2.122 2.102 2.081 2.067 2.049 2.034 2.021 2.004 1.991 1.981 1.971 1.96 1.946 1.936 1.929 1.921 1.917 1.908 1.902 1.895
22.129 -0.854 -1.41281 1.025 1.019 1.019 1.018 1.015 1.013 1.013 1.013 1.011 1.011 1.013 1.011 1.013 1.015 1.018 1.021 1.021 1.022 1.027 1.032 1.034 1.037 1.043 1.045 1.05 1.054 1.065 1.07 1.074 1.079 1.087 1.099 1.105 1.114 1.121 1.13 1.141 1.153 1.163 1.174 1.187 1.201 1.216 1.228 1.246 1.261 1.275 1.294 1.314 1.33 1.353 1.372 1.396 1.421 1.447 1.471 1.497 1.528 1.556 1.593 1.623 1.663 1.702 1.742 1.783 1.833 1.882 1.937 1.991 2.053 2.12 2.187 2.262 2.342 2.436 2.532 2.63 2.749 2.877 3.02 3.169 3.344 3.538 3.759 4.007 4.287 4.62 5.005 5.483 6.035 6.698 7.578 8.672 10.212 11.207 11.197 11.184 11.178 11.172 11.171 11.175 11.181 11.188 11.201 11.221 11.237 11.262 11.289 11.32 11.353 11.39 11.429 11.475 7.855 7.346 6.91 6.523 6.18 5.866 5.588 5.334 5.115 4.898 4.712 4.541 4.376 4.227 4.089 3.959 3.843 3.735 3.624 3.531 3.44 3.351 3.273 3.2 3.126 3.057 2.997 2.934 2.876 2.824 2.773 2.726 2.677 2.634 2.594 2.553 2.515 2.478 2.444 2.413 2.384 2.355 2.324 2.3 2.275 2.25 2.228 2.205 2.182 2.166 2.147 2.128 2.112 2.093 2.082 2.064 2.052 2.041 2.029 2.017 2.005 1.999 1.99 1.98 1.973 1.964 1.96 1.952
22.161 -1.053 -1.41281 0.991 0.987 0.984 0.984 0.981 0.984 0.982 0.98 0.98 0.982 0.982 0.98 0.982 0.982 0.985 0.988 0.988 0.991 0.993 0.996 1.001 1.007 1.009 1.014 1.02 1.024 1.031 1.034 1.042 1.049 1.055 1.061 1.07 1.079 1.088 1.094 1.107 1.117 1.129 1.14 1.151 1.165 1.175 1.192 1.205 1.221 1.236 1.256 1.273 1.29 1.311 1.332 1.351 1.375 1.4 1.426 1.451 1.479 1.51 1.541 1.575 1.609 1.645 1.689 1.73 1.774 1.823 1.877 1.929 1.988 2.051 2.118 2.194 2.273 2.355 2.448 2.551 2.662 2.789 2.921 3.072 3.237 3.424 3.64 3.881 4.163 4.47 4.854 5.303 5.829 6.504 7.352 8.448 9.876 11.011 10.999 10.988 10.981 10.975 10.974 10.978 10.984 10.995 11.003 11.019 11.041 11.063 11.091 11.118 11.153 11.191 11.229 11.272 7.983 7.477 7.03 6.626 6.287 5.961 5.679 5.431 5.195 4.98 4.788 4.614 4.452 4.301 4.156 4.028 3.906 3.791 3.687 3.587 3.497 3.411 3.326 3.252 3.175 3.109 3.046 2.986 2.928 2.869 2.816 2.769 2.721 2.675 2.636 2.596 2.559 2.522 2.486 2.454 2.422 2.394 2.361 2.337 2.312 2.288 2.261 2.242 2.221 2.2 2.181 2.163 2.143 2.13 2.112 2.102 2.086 2.072 2.062 2.052 2.041 2.03 2.02 2.013 2.003 1.999 1.989 1.982
22.193 -1.252 -1.41281 0.957 0.954 0.956 0.951 0.949 0.948 0.951 0.951 0.95 0.947 0.949 0.949 0.948 0.95 0.953 0.954 0.957 0.959 0.962 0.963 0.969 0.972 0.976 0.981 0.987 0.988 0.997 1 1.005 1.012 1.021 1.03 1.036 1.044 1.051 1.06 1.069 1.079 1.091 1.099 1.113 1.126 1.14 1.151 1.165 1.178 1.196 1.211 1.228 1.248 1.265 1.286 1.307 1.329 1.356 1.378 1.405 1.434 1.458 1.489 1.524 1.559 1.592 1.632 1.673 1.716 1.766 1.814 1.868 1.922 1.987 2.046 2.118 2.197 2.281 2.372 2.47 2.573 2.695 2.826 2.968 3.134 3.317 3.521 3.755 4.027 4.333 4.692 5.134 5.649 6.293 7.09 8.146 9.583 10.813 10.801 10.787 10.784 10.778 10.777 10.78 10.787 10.795 10.808 10.822 10.842 10.866 10.888 10.918 10.95 10.986 11.027 11.071 11.117 7.596 7.141 6.744 6.378 6.06 5.773 5.513 5.278 5.06 4.871 4.69 4.522 4.367 4.223 4.092 3.965 3.854 3.748 3.644 3.552 3.465 3.378 3.307 3.23 3.158 3.095 3.034 2.972 2.916 2.865 2.815 2.766 2.72 2.677 2.64 2.599 2.563 2.526 2.494 2.462 2.432 2.404 2.377 2.351 2.323 2.298 2.279 2.255 2.236 2.214 2.2 2.179 2.165 2.15 2.132 2.119 2.105 2.094 2.083 2.072 2.061 2.055 2.044 2.037 2.029 2.02 2.018
22.216 -1.676 -1.56928 0.923 0.927 0.928 0.925 0.928 0.928 0.93 0.934 0.933 0.94 0.94 0.946 0.948 0.953 0.953 0.958 0.963 0.971 0.976 0.983 0.985 0.993 1 1.009 1.014 1.026 1.032 1.043 1.049 1.06 1.073 1.082 1.093 1.109 1.121 1.132 1.148 1.163 1.181 1.195 1.212 1.23 1.252 1.274 1.292 1.316 1.339 1.365 1.391 1.416 1.447 1.481 1.51 1.544 1.585 1.621 1.664 1.708 1.756 1.808 1.862 1.92 1.985 2.053 2.124 2.204 2.292 2.383 2.488 2.599 2.726 2.865 3.019 3.187 3.383 3.6 3.86 4.147 4.493 4.891 5.375 5.986 6.731 7.671 8.983 10.392 10.382 10.368 10.361 10.358 10.356 10.356 10.362 10.372 10.38 10.396 10.411 10.435 10.457 10.486 10.515 10.547 10.584 10.627 10.672 10.72 7.335 6.905 6.536 6.212 5.909 5.634 5.39 5.168 4.965 4.785 4.61 4.45 4.304 4.168 4.044 3.925 3.819 3.712 3.616 3.524 3.438 3.36 3.284 3.214 3.144 3.083 3.02 2.964 2.908 2.86 2.812 2.764 2.721 2.677 2.638 2.599 2.565 2.529 2.5 2.466 2.439 2.41 2.381 2.358 2.334 2.312 2.286 2.266 2.248 2.226 2.213 2.191 2.179 2.164 2.15 2.135 2.124 2.112 2.098 2.09 2.08 2.069 2.064 2.053 2.05 2.044 2.038 2.03 2.028 2.025 2.018 2.017 2.015 2.017 2.012
22.218 -1.878 -1.56928 0.921 0.924 0.924 0.924 0.925 0.93 0.929 0.929 0.933 0.936 0.938 0.944 0.947 0.947 0.955 0.96 0.961 0.967 0.974 0.979 0.985 0.994 0.999 1.007 1.014 1.021 1.031 1.042 1.05 1.059 1.071 1.081 1.091 1.106 1.117 1.132 1.147 1.163 1.179 1.192 1.213 1.23 1.247 1.268 1.291 1.315 1.335 1.362 1.388 1.417 1.446 1.474 1.511 1.542 1.581 1.62 1.661 1.707 1.753 1.802 1.862 1.92 1.979 2.047 2.119 2.2 2.289 2.381 2.485 2.594 2.723 2.856 3.013 3.189 3.374 3.599 3.857 4.147 4.49 4.884 5.371 5.965 6.712 7.683 8.959 10.193 10.181 10.167 10.162 10.155 10.153 10.16 10.164 10.169 10.179 10.196 10.214 10.231 10.256 10.283 10.314 10.343 10.384 10.422 10.466 10.514 7.336 6.912 6.535 6.214 5.91 5.642 5.401 5.182 4.976 4.789 4.616 4.453 4.31 4.17 4.044 3.931 3.816 3.717 3.619 3.529 3.442 3.365 3.286 3.213 3.147 3.083 3.022 2.964 2.911 2.861 2.814 2.767 2.722 2.678 2.642 2.6 2.569 2.532 2.501 2.469 2.441 2.409 2.385 2.356 2.337 2.309 2.287 2.269 2.248 2.231 2.21 2.194 2.177 2.166 2.152 2.138 2.121 2.113 2.1 2.089 2.081 2.072 2.066 2.055 2.051 2.045 2.036 2.032 2.026 2.026 2.024 2.019 2.018 2.015 2.017
22.22 -2.13 -1.56928 0.919 0.92 0.924 0.924 0.922 0.923 0.926 0.93 0.933 0.933 0.938 0.941 0.942 0.946 0.953 0.956 0.961 0.964 0.97 0.975 0.985 0.99 0.999 1.005 1.011 1.018 1.029 1.036 1.046 1.06 1.069 1.078 1.093 1.105 1.118 1.13 1.143 1.16 1.174 1.189 1.21 1.226 1.246 1.268 1.287 1.309 1.334 1.361 1.385 1.414 1.441 1.473 1.505 1.541 1.577 1.615 1.656 1.7 1.751 1.801 1.857 1.912 1.975 2.045 2.12 2.194 2.279 2.377 2.483 2.589 2.719 2.856 3.006 3.179 3.369 3.589 3.845 4.134 4.474 4.885 5.373 5.964 6.687 7.669 8.961 9.944 9.928 9.917 9.91 9.908 9.907 9.907 9.911 9.92 9.932 9.944 9.959 9.98 10.003 10.029 10.059 10.089 10.128 10.167 10.208 10.253 10.306 6.917 6.544 6.211 5.921 5.646 5.406 5.181 4.981 4.796 4.621 4.458 4.31 4.175 4.05 3.93 3.823 3.717 3.622 3.532 3.446 3.364 3.288 3.22 3.152 3.088 3.026 2.969 2.916 2.863 2.816 2.769 2.724 2.683 2.645 2.607 2.568 2.536 2.503 2.473 2.44 2.415 2.386 2.36 2.334 2.314 2.293 2.27 2.252 2.233 2.214 2.197 2.183 2.165 2.151 2.139 2.126 2.113 2.102 2.094 2.084 2.074 2.064 2.057 2.05 2.045 2.04 2.036 2.028 2.027 2.023 2.021 2.018 2.021 2.017
22.222 -2.382 -1.56928 0.917 0.918 0.921 0.921 0.923 0.921 0.926 0.925 0.929 0.932 0.935 0.939 0.943 0.944 0.951 0.951 0.961 0.965 0.97 0.973 0.98 0.986 0.993 1.001 1.012 1.017 1.025 1.034 1.043 1.057 1.066 1.075 1.086 1.1 1.112 1.125 1.141 1.158 1.173 1.191 1.205 1.226 1.246 1.266 1.284 1.309 1.329 1.358 1.38 1.409 1.437 1.469 1.505 1.538 1.574 1.611 1.655 1.698 1.745 1.798 1.85 1.908 1.974 2.038 2.115 2.191 2.278 2.375 2.475 2.585 2.71 2.845 3 3.173 3.366 3.583 3.84 4.13 4.473 4.872 5.342 5.945 6.677 7.622 8.917 9.69 9.681 9.669 9.66 9.656 9.655 9.656 9.661 9.668 9.68 9.694 9.707 9.73 9.752 9.777 9.804 9.837 9.868 9.91 9.95 9.996 10.042 6.937 6.551 6.225 5.917 5.65 5.414 5.186 4.987 4.795 4.627 4.467 4.316 4.179 4.054 3.936 3.829 3.72 3.628 3.535 3.447 3.366 3.29 3.22 3.153 3.093 3.028 2.972 2.917 2.867 2.816 2.77 2.729 2.686 2.646 2.609 2.57 2.54 2.507 2.472 2.442 2.415 2.39 2.365 2.338 2.315 2.296 2.275 2.251 2.234 2.217 2.201 2.182 2.17 2.155 2.143 2.13 2.115 2.106 2.095 2.087 2.077 2.068 2.059 2.052 2.049 2.041 2.037 2.031 2.028 2.025 2.025 2.022 2.02 2.017
22.226 -2.885 -1.56928 0.915 0.918 0.916 0.916 0.92 0.92 0.923 0.922 0.924 0.927 0.931 0.933 0.939 0.942 0.945 0.948 0.955 0.961 0.965 0.973 0.975 0.984 0.991 0.995 1.005 1.012 1.022 1.033 1.04 1.052 1.061 1.071 1.082 1.098 1.108 1.123 1.136 1.152 1.169 1.184 1.201 1.218 1.24 1.257 1.279 1.3 1.324 1.352 1.374 1.405 1.434 1.465 1.495 1.529 1.567 1.605 1.646 1.69 1.74 1.787 1.842 1.902 1.965 2.033 2.101 2.185 2.27 2.359 2.465 2.574 2.697 2.838 2.988 3.163 3.35 3.568 3.821 4.114 4.449 4.856 5.332 5.93 6.643 7.612 8.886 9.19 9.177 9.168 9.161 9.159 9.153 9.158 9.161 9.169 9.179 9.19 9.208 9.225 9.248 9.271 9.295 9.328 9.362 9.396 9.437 9.478 9.522 9.574 9.626 6.23 5.937 5.669 5.421 5.194 4.992 4.811 4.63 4.476 4.324 4.188 4.061 3.947 3.831 3.731 3.632 3.54 3.458 3.374 3.3 3.225 3.16 3.095 3.037 2.977 2.927 2.872 2.822 2.776 2.732 2.692 2.648 2.613 2.574 2.54 2.508 2.479 2.451 2.423 2.394 2.368 2.343 2.322 2.297 2.278 2.257 2.24 2.221 2.203 2.188 2.173 2.159 2.143 2.134 2.119 2.107 2.097 2.087 2.079 2.071 2.063 2.058 2.05 2.045 2.043 2.037 2.034 2.028 2.029 2.023 2.025 2.022
22.228 -3.238 -1.56928 0.912 0.912 0.913 0.915 0.914 0.916 0.918 0.92 0.923 0.926 0.931 0.933 0.934 0.94 0.941 0.949 0.953 0.958 0.964 0.968 0.972 0.979 0.987 0.997 1 1.009 1.019 1.026 1.039 1.048 1.056 1.068 1.079 1.091 1.103 1.119 1.131 1.151 1.163 1.178 1.196 1.214 1.233 1.253 1.278 1.3 1.32 1.345 1.372 1.4 1.43 1.459 1.491 1.528 1.564 1.602 1.642 1.687 1.733 1.786 1.839 1.895 1.957 2.023 2.097 2.175 2.259 2.354 2.458 2.569 2.69 2.823 2.982 3.153 3.341 3.563 3.814 4.093 4.437 4.832 5.306 5.911 6.624 7.588 8.854 8.838 8.828 8.819 8.811 8.806 8.806 8.81 8.809 8.818 8.826 8.841 8.853 8.87 8.89 8.917 8.942 8.973 9 9.036 9.075 9.115 9.158 9.207 9.259 9.311 5.937 5.68 5.425 5.2 4.997 4.81 4.639 4.484 4.333 4.196 4.067 3.947 3.84 3.737 3.636 3.545 3.461 3.38 3.303 3.23 3.166 3.101 3.041 2.98 2.926 2.877 2.829 2.779 2.735 2.692 2.653 2.615 2.58 2.544 2.511 2.479 2.453 2.423 2.398 2.369 2.346 2.325 2.302 2.278 2.259 2.244 2.224 2.209 2.192 2.175 2.162 2.145 2.134 2.123 2.113 2.101 2.091 2.082 2.076 2.066 2.061 2.056 2.05 2.045 2.038 2.036 2.031 2.03 2.027 2.026 2.028
22.23 -3.439 -1.56928 0.914 0.91 0.911 0.912 0.915 0.917 0.916 0.92 0.922 0.923 0.928 0.928 0.936 0.935 0.941 0.947 0.952 0.955 0.96 0.966 0.975 0.978 0.985 0.994 0.999 1.01 1.018 1.025 1.037 1.048 1.058 1.068 1.08 1.091 1.102 1.117 1.131 1.146 1.16 1.181 1.193 1.214 1.23 1.251 1.273 1.297 1.317 1.343 1.367 1.399 1.424 1.456 1.489 1.524 1.562 1.601 1.64 1.682 1.732 1.783 1.833 1.893 1.954 2.019 2.097 2.175 2.254 2.348 2.452 2.565 2.687 2.818 2.974 3.146 3.336 3.554 3.803 4.089 4.418 4.823 5.296 5.892 6.613 7.59 8.653 8.636 8.624 8.615 8.609 8.609 8.606 8.607 8.609 8.619 8.625 8.64 8.654 8.671 8.688 8.711 8.737 8.766 8.794 8.833 8.869 8.907 8.951 8.997 9.046 9.095 5.949 5.676 5.431 5.21 4.998 4.813 4.644 4.484 4.336 4.195 4.07 3.952 3.84 3.738 3.64 3.545 3.464 3.379 3.306 3.235 3.165 3.102 3.04 2.983 2.929 2.878 2.828 2.784 2.74 2.698 2.657 2.621 2.581 2.548 2.515 2.483 2.452 2.428 2.399 2.373 2.348 2.324 2.302 2.282 2.261 2.243 2.223 2.211 2.192 2.178 2.16 2.148 2.138 2.123 2.113 2.105 2.092 2.085 2.076 2.07 2.061 2.054 2.05 2.045 2.041 2.037 2.032 2.03 2.031 2.029 2.026
22.233 -3.893 -1.56928 0.908 0.909 0.907 0.907 0.912 0.91 0.911 0.915 0.92 0.922 0.921 0.927 0.93 0.932 0.939 0.944 0.944 0.954 0.958 0.963 0.969 0.976 0.983 0.991 0.998 1.006 1.012 1.021 1.033 1.043 1.053 1.063 1.076 1.089 1.102 1.11 1.129 1.143 1.157 1.175 1.191 1.208 1.228 1.25 1.267 1.293 1.316 1.339 1.364 1.393 1.418 1.449 1.483 1.518 1.553 1.595 1.634 1.678 1.724 1.775 1.826 1.885 1.946 2.015 2.088 2.164 2.248 2.344 2.444 2.554 2.678 2.811 2.959 3.133 3.321 3.542 3.786 4.067 4.403 4.816 5.284 5.882 6.591 7.541 8.2 8.186 8.176 8.167 8.16 8.158 8.154 8.159 8.161 8.166 8.178 8.186 8.203 8.216 8.235 8.256 8.282 8.308 8.338 8.368 8.403 8.441 8.484 8.526 8.572 8.625 8.675 8.731 5.446 5.221 5.013 4.83 4.648 4.49 4.346 4.208 4.082 3.957 3.849 3.744 3.647 3.556 3.469 3.384 3.31 3.242 3.172 3.108 3.046 2.989 2.937 2.883 2.833 2.788 2.744 2.701 2.658 2.622 2.586 2.551 2.516 2.487 2.457 2.429 2.402 2.379 2.353 2.327 2.305 2.288 2.268 2.248 2.23 2.21 2.196 2.18 2.168 2.151 2.143 2.126 2.119 2.109 2.096 2.09 2.08 2.07 2.068 2.06 2.052 2.048 2.043 2.04 2.035 2.033 2.035 2.032 2.03
22.234 -4.044 -1.56928 0.907 0.909 0.905 0.91 0.908 0.91 0.91 0.916 0.916 0.917 0.923 0.924 0.931 0.934 0.937 0.94 0.947 0.952 0.954 0.961 0.968 0.976 0.982 0.986 0.997 1.004 1.012 1.023 1.031 1.039 1.053 1.06 1.072 1.087 1.098 1.112 1.125 1.141 1.156 1.173 1.188 1.206 1.225 1.244 1.265 1.29 1.313 1.337 1.361 1.387 1.419 1.449 1.478 1.515 1.551 1.591 1.63 1.677 1.721 1.77 1.826 1.884 1.941 2.011 2.086 2.159 2.248 2.341 2.441 2.55 2.671 2.804 2.963 3.123 3.313 3.533 3.775 4.068 4.404 4.8 5.268 5.854 6.589 7.534 8.048 8.033 8.022 8.016 8.011 8.004 8.007 8.007 8.008 8.019 8.025 8.038 8.048 8.064 8.084 8.106 8.128 8.156 8.184 8.214 8.251 8.284 8.328 8.371 8.414 8.466 8.516 8.57 8.63 5.218 5.018 4.826 4.654 4.494 4.348 4.207 4.077 3.958 3.852 3.747 3.651 3.558 3.47 3.389 3.317 3.243 3.174 3.109 3.048 2.989 2.936 2.884 2.835 2.788 2.746 2.702 2.664 2.624 2.59 2.554 2.521 2.49 2.461 2.432 2.403 2.379 2.355 2.332 2.309 2.285 2.268 2.25 2.228 2.216 2.198 2.183 2.167 2.154 2.141 2.129 2.119 2.11 2.097 2.09 2.081 2.072 2.067 2.058 2.054 2.05 2.045 2.039 2.039 2.035 2.032 2.031 2.033
22.236 -4.296 -1.56928 0.907 0.906 0.904 0.909 0.906 0.911 0.912 0.911 0.914 0.918 0.918 0.923 0.925 0.932 0.935 0.938 0.941 0.946 0.952 0.962 0.963 0.973 0.979 0.985 0.995 1 1.01 1.021 1.031 1.036 1.049 1.061 1.07 1.082 1.098 1.11 1.123 1.137 1.153 1.169 1.186 1.204 1.225 1.245 1.264 1.284 1.31 1.333 1.358 1.385 1.415 1.447 1.476 1.512 1.548 1.589 1.628 1.673 1.72 1.77 1.82 1.88 1.94 2.005 2.078 2.157 2.241 2.333 2.435 2.541 2.668 2.8 2.956 3.123 3.31 3.52 3.773 4.062 4.4 4.789 5.257 5.841 6.561 7.534 7.798 7.787 7.772 7.764 7.76 7.755 7.757 7.759 7.758 7.766 7.776 7.784 7.799 7.815 7.83 7.851 7.877 7.901 7.926 7.958 7.992 8.028 8.066 8.107 8.151 8.203 8.249 8.306 8.359 8.419 5.02 4.83 4.659 4.495 4.349 4.211 4.085 3.964 3.854 3.746 3.649 3.56 3.473 3.392 3.317 3.247 3.178 3.112 3.052 2.993 2.937 2.885 2.84 2.791 2.746 2.707 2.667 2.627 2.591 2.556 2.523 2.493 2.46 2.435 2.407 2.382 2.357 2.335 2.31 2.292 2.269 2.252 2.232 2.217 2.2 2.183 2.168 2.155 2.142 2.13 2.118 2.112 2.099 2.09 2.081 2.074 2.068 2.062 2.057 2.052 2.046 2.043 2.043 2.036 2.038 2.036 2.036
22.238 -4.497 -1.56928 0.905 0.903 0.902 0.906 0.905 0.909 0.906 0.913 0.911 0.913 0.917 0.922 0.924 0.926 0.931 0.936 0.942 0.946 0.953 0.957 0.962 0.971 0.978 0.986 0.993 1 1.008 1.017 1.027 1.037 1.048 1.058 1.068 1.08 1.093 1.105 1.119 1.134 1.149 1.167 1.186 1.203 1.22 1.243 1.265 1.284 1.304 1.332 1.358 1.387 1.413 1.446 1.477 1.509 1.547 1.584 1.624 1.667 1.716 1.767 1.816 1.874 1.933 2.002 2.072 2.152 2.237 2.33 2.43 2.542 2.66 2.795 2.944 3.112 3.302 3.522 3.77 4.051 4.387 4.773 5.245 5.831 6.568 7.498 7.595 7.585 7.574 7.566 7.558 7.559 7.557 7.559 7.561 7.566 7.573 7.585 7.597 7.613 7.629 7.652 7.672 7.695 7.726 7.755 7.786 7.82 7.86 7.901 7.945 7.988 8.039 8.092 8.145 8.2 8.267 4.833 4.662 4.502 4.352 4.22 4.088 3.967 3.86 3.751 3.656 3.563 3.474 3.396 3.324 3.249 3.176 3.113 3.052 3 2.941 2.89 2.841 2.796 2.748 2.709 2.668 2.63 2.592 2.559 2.528 2.492 2.462 2.434 2.41 2.382 2.36 2.335 2.313 2.292 2.272 2.251 2.236 2.218 2.201 2.187 2.172 2.158 2.143 2.135 2.123 2.11 2.1 2.092 2.087 2.079 2.073 2.064 2.06 2.055 2.048 2.047 2.04 2.041 2.036 2.038 2.037
22.239 -4.699 -1.56928 0.903 0.903 0.902 0.902 0.903 0.907 0.905 0.907 0.91 0.912 0.919 0.92 0.924 0.925 0.932 0.935 0.94 0.946 0.95 0.957 0.962 0.97 0.978 0.984 0.989 0.996 1.008 1.015 1.024 1.035 1.047 1.054 1.066 1.081 1.091 1.107 1.12 1.133 1.149 1.165 1.184 1.202 1.221 1.241 1.26 1.283 1.305 1.332 1.356 1.379 1.41 1.439 1.474 1.505 1.542 1.579 1.623 1.665 1.712 1.759 1.814 1.871 1.933 1.997 2.07 2.151 2.23 2.324 2.427 2.533 2.66 2.791 2.945 3.106 3.3 3.516 3.756 4.046 4.37 4.767 5.254 5.816 6.545 7.407 7.395 7.381 7.373 7.365 7.359 7.356 7.355 7.356 7.361 7.367 7.375 7.385 7.399 7.412 7.426 7.445 7.469 7.491 7.518 7.549 7.579 7.612 7.648 7.692 7.73 7.777 7.827 7.876 7.928 7.987 8.047 8.108 4.665 4.507 4.352 4.22 4.093 3.973 3.86 3.759 3.654 3.569 3.478 3.397 3.322 3.25 3.184 3.114 3.056 2.997 2.944 2.895 2.844 2.797 2.754 2.711 2.667 2.631 2.594 2.563 2.529 2.496 2.466 2.44 2.41 2.385 2.357 2.335 2.317 2.294 2.274 2.256 2.234 2.22 2.204 2.187 2.171 2.161 2.148 2.134 2.123 2.112 2.101 2.095 2.084 2.08 2.072 2.068 2.058 2.057 2.048 2.046 2.045 2.041 2.038 2.04 2.038
22.243 -5.152 -1.56928 0.897 0.9 0.899 0.901 0.899 0.903 0.902 0.907 0.907 0.911 0.914 0.917 0.918 0.924 0.929 0.93 0.934 0.94 0.948 0.952 0.959 0.965 0.97 0.981 0.985 0.992 1 1.013 1.022 1.031 1.042 1.054 1.061 1.077 1.086 1.101 1.117 1.13 1.144 1.162 1.178 1.195 1.213 1.234 1.253 1.278 1.299 1.326 1.348 1.375 1.404 1.436 1.468 1.503 1.535 1.577 1.618 1.659 1.707 1.754 1.811 1.864 1.926 1.995 2.061 2.138 2.221 2.317 2.419 2.523 2.648 2.777 2.932 3.095 3.281 3.495 3.743 4.031 4.369 4.755 5.224 5.805 6.527 6.955 6.943 6.932 6.923 6.915 6.907 6.906 6.904 6.908 6.908 6.915 6.922 6.933 6.946 6.957 6.972 6.993 7.01 7.034 7.061 7.088 7.115 7.148 7.18 7.218 7.261 7.303 7.346 7.395 7.444 7.498 7.552 7.612 7.676 7.743 4.366 4.226 4.101 3.975 3.868 3.761 3.666 3.572 3.488 3.408 3.331 3.257 3.191 3.124 3.063 3.005 2.952 2.898 2.849 2.799 2.757 2.713 2.675 2.636 2.6 2.563 2.533 2.502 2.47 2.442 2.417 2.386 2.366 2.34 2.317 2.299 2.278 2.257 2.241 2.225 2.207 2.191 2.176 2.161 2.153 2.14 2.13 2.118 2.109 2.099 2.087 2.081 2.075 2.071 2.062 2.057 2.054 2.053 2.049 2.046 2.044 2.044 2.041
22.245 -5.401 -1.58769 0.898 0.899 0.895 0.897 0.899 0.9 0.902 0.908 0.91 0.91 0.915 0.918 0.921 0.923 0.93 0.934 0.937 0.947 0.948 0.954 0.964 0.972 0.977 0.982 0.993 1.001 1.01 1.018 1.027 1.036 1.051 1.063 1.073 1.087 1.098 1.112 1.125 1.145 1.161 1.174 1.192 1.213 1.232 1.255 1.275 1.295 1.322 1.346 1.373 1.401 1.432 1.467 1.499 1.535 1.574 1.615 1.656 1.705 1.753 1.803 1.864 1.922 1.989 2.061 2.137 2.221 2.314 2.415 2.522 2.645 2.781 2.93 3.099 3.278 3.501 3.741 4.03 4.356 4.752 5.231 5.808 6.517 6.71 6.697 6.682 6.675 6.669 6.661 6.661 6.658 6.662 6.661 6.668 6.677 6.687 6.694 6.71 6.723 6.743 6.761 6.781 6.809 6.836 6.862 6.891 6.926 6.964 7 7.04 7.084 7.132 7.18 7.233 7.288 7.346 7.404 7.466 7.538 7.606 4.101 3.977 3.867 3.763 3.668 3.572 3.487 3.405 3.329 3.255 3.189 3.122 3.065 3.004 2.951 2.898 2.849 2.805 2.757 2.717 2.675 2.636 2.603 2.567 2.535 2.501 2.471 2.445 2.418 2.392 2.364 2.343 2.322 2.301 2.278 2.258 2.243 2.223 2.206 2.193 2.179 2.166 2.154 2.141 2.129 2.118 2.108 2.101 2.092 2.085 2.076 2.07 2.064 2.061 2.055 2.053 2.051 2.046 2.047 2.043 2.043 2.045
22.177 -5.734 -1.97119 1.054 1.062 1.071 1.077 1.087 1.1 1.107 1.121 1.133 1.143 1.16 1.17 1.187 1.201 1.215 1.232 1.249 1.27 1.288 1.308 1.33 1.355 1.378 1.402 1.429 1.456 1.485 1.519 1.55 1.585 1.624 1.66 1.704 1.747 1.792 1.847 1.901 1.958 2.022 2.086 2.16 2.24 2.321 2.417 2.519 2.628 2.751 2.881 3.027 3.196 3.387 3.596 3.837 4.101 4.425 4.798 5.247 5.778 6.4 6.383 6.37 6.359 6.351 6.343 6.337 6.329 6.328 6.33 6.33 6.334 6.34 6.349 6.357 6.366 6.379 6.395 6.415 6.433 6.452 6.475 6.501 6.531 6.562 6.591 6.628 6.661 6.705 6.745 6.789 6.833 6.885 6.94 6.993 7.054 7.116 7.18 7.251 7.32 3.816 3.712 3.609 3.517 3.432 3.35 3.271 3.197 3.132 3.067 3.002 2.948 2.891 2.841 2.788 2.74 2.7 2.658 2.615 2.579 2.538 2.505 2.472 2.439 2.412 2.381 2.356 2.331 2.306 2.281 2.262 2.238 2.219 2.201 2.18 2.162 2.148 2.13 2.118 2.101 2.092 2.08 2.067 2.055 2.048 2.039 2.03 2.019 2.015 2.006 2.003 1.995 1.99 1.99 1.984 1.98 1.98 1.978 1.974 1.975 1.978 1.978 1.978 1.981 1.983 1.986 1.988 1.996 1.999 2.005 2.01 2.018 2.027 2.036 2.045 2.052 2.066 2.073 2.086 2.1 2.115 2.127 2.145
22.111 -5.892 -1.97119 1.126 1.133 1.142 1.154 1.16 1.172 1.186 1.198 1.209 1.223 1.238 1.249 1.267 1.285 1.301 1.319 1.336 1.354 1.375 1.398 1.42 1.446 1.472 1.495 1.527 1.556 1.589 1.622 1.655 1.69 1.731 1.777 1.818 1.869 1.919 1.971 2.028 2.093 2.159 2.228 2.308 2.39 2.483 2.581 2.69 2.805 2.934 3.075 3.235 3.411 3.617 3.834 4.095 4.391 4.72 5.128 5.606 6.173 6.242 6.224 6.214 6.199 6.191 6.183 6.178 6.174 6.17 6.17 6.171 6.176 6.181 6.187 6.198 6.209 6.221 6.236 6.255 6.273 6.295 6.317 6.341 6.365 6.399 6.427 6.461 6.497 6.537 6.576 6.622 6.667 6.717 6.765 6.824 6.877 6.941 7.002 7.07 7.138 3.687 3.585 3.492 3.401 3.315 3.239 3.165 3.092 3.023 2.964 2.904 2.851 2.794 2.743 2.693 2.649 2.608 2.569 2.529 2.49 2.457 2.423 2.391 2.36 2.328 2.303 2.277 2.251 2.23 2.205 2.184 2.162 2.142 2.124 2.106 2.089 2.075 2.058 2.045 2.031 2.019 2.008 2 1.988 1.979 1.97 1.96 1.954 1.947 1.94 1.934 1.928 1.924 1.924 1.92 1.914 1.913 1.914 1.909 1.909 1.91 1.913 1.914 1.912 1.919 1.921 1.923 1.927 1.931 1.939 1.947 1.952 1.956 1.967 1.975 1.983 1.995 2.007 2.016 2.032 2.042 2.057 2.073
22.013 -6.125 -1.97119 1.23 1.241 1.25 1.262 1.269 1.283 1.297 1.31 1.321 1.338 1.354 1.368 1.384 1.405 1.424 1.44 1.462 1.482 1.503 1.532 1.555 1.582 1.606 1.64 1.668 1.699 1.737 1.772 1.814 1.853 1.897 1.941 1.992 2.04 2.095 2.155 2.221 2.287 2.361 2.439 2.522 2.614 2.712 2.823 2.942 3.073 3.214 3.367 3.541 3.731 3.954 4.2 4.483 4.8 5.178 5.601 6.041 6.025 6.007 5.995 5.981 5.968 5.96 5.953 5.946 5.942 5.94 5.941 5.941 5.947 5.949 5.957 5.968 5.979 5.992 6.002 6.018 6.037 6.06 6.079 6.104 6.13 6.159 6.188 6.218 6.254 6.291 6.331 6.375 6.418 6.468 6.513 6.563 6.621 6.679 6.742 6.807 6.874 6.942 3.402 3.316 3.233 3.149 3.076 3.005 2.936 2.871 2.815 2.759 2.706 2.654 2.608 2.562 2.515 2.475 2.436 2.399 2.364 2.332 2.299 2.268 2.239 2.213 2.187 2.161 2.139 2.113 2.093 2.073 2.055 2.037 2.017 2.003 1.985 1.97 1.959 1.942 1.928 1.921 1.907 1.899 1.888 1.879 1.872 1.861 1.856 1.846 1.84 1.836 1.832 1.827 1.824 1.818 1.817 1.818 1.816 1.816 1.813 1.815 1.816 1.817 1.816 1.819 1.82 1.826 1.83 1.837 1.84 1.847 1.855 1.862 1.865 1.876 1.884 1.894 1.907 1.917 1.927 1.94 1.95 1.966
21.916 -6.357 -1.97119 1.333 1.345 1.357 1.368 1.38 1.395 1.408 1.422 1.438 1.452 1.471 1.488 1.505 1.526 1.541 1.566 1.59 1.612 1.637 1.662 1.691 1.717 1.75 1.779 1.813 1.848 1.886 1.928 1.964 2.012 2.059 2.105 2.158 2.216 2.279 2.342 2.409 2.483 2.565 2.647 2.739 2.836 2.948 3.063 3.19 3.327 3.487 3.656 3.843 4.052 4.294 4.553 4.859 5.21 5.609 5.828 5.809 5.789 5.773 5.761 5.748 5.738 5.728 5.719 5.716 5.713 5.711 5.711 5.712 5.712 5.718 5.726 5.734 5.744 5.754 5.768 5.785 5.802 5.824 5.844 5.866 5.894 5.92 5.95 5.978 6.011 6.048 6.084 6.126 6.168 6.213 6.26 6.311 6.364 6.421 6.48 6.541 6.606 6.672 6.747 3.137 3.058 2.982 2.911 2.846 2.78 2.719 2.665 2.611 2.558 2.513 2.465 2.424 2.381 2.344 2.306 2.275 2.239 2.21 2.175 2.147 2.123 2.094 2.07 2.047 2.026 2.004 1.983 1.962 1.945 1.927 1.908 1.896 1.88 1.866 1.853 1.838 1.828 1.818 1.804 1.797 1.786 1.776 1.769 1.762 1.758 1.751 1.744 1.737 1.736 1.73 1.728 1.724 1.721 1.722 1.717 1.716 1.719 1.717 1.717 1.718 1.721 1.723 1.726 1.73 1.733 1.738 1.74 1.749 1.756 1.76 1.769 1.778 1.784 1.791 1.802 1.811 1.826 1.837 1.846 1.864
21.818 -6.589 -1.97119 1.44 1.45 1.462 1.477 1.488 1.502 1.517 1.535 1.552 1.565 1.583 1.601 1.625 1.645 1.664 1.69 1.71 1.737 1.763 1.793 1.822 1.852 1.887 1.92 1.954 1.997 2.034 2.076 2.121 2.17 2.22 2.272 2.33 2.393 2.457 2.527 2.604 2.684 2.763 2.857 2.956 3.063 3.179 3.307 3.443 3.596 3.764 3.944 4.147 4.378 4.632 4.914 5.241 5.624 5.615 5.595 5.575 5.556 5.541 5.53 5.517 5.506 5.499 5.49 5.484 5.479 5.48 5.478 5.479 5.484 5.491 5.496 5.505 5.515 5.524 5.535 5.552 5.569 5.589 5.607 5.629 5.653 5.682 5.71 5.739 5.772 5.805 5.842 5.879 5.92 5.961 6.006 6.056 6.106 6.159 6.217 6.278 6.338 6.403 6.473 2.959 2.886 2.812 2.748 2.68 2.623 2.565 2.516 2.466 2.418 2.372 2.33 2.287 2.247 2.214 2.177 2.142 2.111 2.082 2.054 2.029 2.002 1.977 1.955 1.933 1.912 1.888 1.87 1.853 1.834 1.816 1.801 1.789 1.775 1.76 1.747 1.737 1.726 1.713 1.702 1.693 1.688 1.676 1.67 1.664 1.655 1.652 1.644 1.64 1.636 1.633 1.63 1.628 1.624 1.622 1.623 1.619 1.622 1.622 1.624 1.622 1.626 1.624 1.629 1.63 1.635 1.638 1.646 1.651 1.657 1.662 1.666 1.677 1.686 1.694 1.703 1.712 1.719 1.733 1.746 1.755
21.702 -6.868 -1.97119 1.565 1.578 1.591 1.608 1.619 1.635 1.653 1.669 1.684 1.704 1.723 1.747 1.768 1.789 1.812 1.836 1.865 1.893 1.92 1.949 1.983 2.015 2.051 2.089 2.128 2.171 2.214 2.257 2.309 2.36 2.416 2.473 2.537 2.602 2.673 2.751 2.827 2.915 3.009 3.109 3.22 3.333 3.463 3.595 3.745 3.91 4.09 4.289 4.508 4.764 5.032 5.342 5.374 5.35 5.331 5.311 5.291 5.276 5.26 5.248 5.237 5.227 5.217 5.211 5.209 5.203 5.204 5.204 5.205 5.205 5.213 5.215 5.224 5.232 5.244 5.256 5.273 5.287 5.305 5.322 5.343 5.368 5.394 5.419 5.447 5.477 5.513 5.547 5.582 5.62 5.658 5.704 5.753 5.802 5.849 5.905 5.961 6.02 6.083 6.145 6.215 6.291 2.615 2.549 2.491 2.438 2.381 2.337 2.289 2.241 2.202 2.16 2.125 2.087 2.053 2.021 1.99 1.963 1.933 1.906 1.882 1.858 1.836 1.815 1.795 1.772 1.756 1.739 1.717 1.702 1.69 1.672 1.659 1.646 1.635 1.623 1.613 1.601 1.591 1.581 1.576 1.564 1.56 1.55 1.544 1.537 1.533 1.527 1.522 1.52 1.518 1.515 1.511 1.506 1.505 1.505 1.504 1.502 1.503 1.505 1.507 1.506 1.508 1.512 1.515 1.518 1.524 1.527 1.534 1.536 1.543 1.55 1.555 1.565 1.57 1.578 1.59 1.601 1.607 1.62 1.63
21.604 -7.1 -1.97119 1.674 1.683 1.701 1.714 1.732 1.744 1.762 1.783 1.798 1.818 1.84 1.862 1.888 1.909 1.934 1.961 1.989 2.016 2.05 2.082 2.116 2.15 2.189 2.226 2.27 2.314 2.362 2.412 2.464 2.521 2.579 2.642 2.706 2.781 2.855 2.934 3.02 3.114 3.212 3.319 3.43 3.555 3.695 3.843 4 4.173 4.373 4.584 4.818 5.083 5.185 5.162 5.137 5.112 5.092 5.077 5.06 5.04 5.028 5.015 5.006 4.994 4.987 4.98 4.977 4.974 4.97 4.972 4.974 4.976 4.982 4.986 4.994 5.002 5.012 5.023 5.037 5.054 5.072 5.087 5.109 5.129 5.154 5.181 5.205 5.234 5.265 5.301 5.334 5.371 5.411 5.451 5.498 5.542 5.592 5.641 5.694 5.75 5.814 5.874 5.939 6.006 6.081 2.389 2.329 2.278 2.23 2.184 2.14 2.101 2.06 2.023 1.988 1.952 1.923 1.892 1.865 1.834 1.808 1.787 1.763 1.739 1.719 1.698 1.676 1.661 1.644 1.623 1.609 1.596 1.582 1.566 1.555 1.54 1.532 1.52 1.507 1.497 1.489 1.48 1.474 1.463 1.456 1.451 1.447 1.44 1.435 1.429 1.426 1.42 1.42 1.417 1.413 1.411 1.408 1.41 1.406 1.406 1.409 1.411 1.41 1.413 1.412 1.417 1.418 1.42 1.424 1.427 1.435 1.44 1.446 1.448 1.458 1.465 1.472 1.48 1.486 1.497 1.506 1.514 1.529
21.507 -7.333 -1.97119 1.778 1.793 1.807 1.82 1.84 1.858 1.873 1.894 1.915 1.936 1.956 1.98 2.004 2.031 2.055 2.085 2.113 2.144 2.177 2.211 2.25 2.289 2.326 2.367 2.414 2.464 2.512 2.565 2.618 2.68 2.741 2.808 2.881 2.952 3.031 3.118 3.211 3.309 3.417 3.526 3.648 3.782 3.924 4.084 4.254 4.437 4.641 4.869 5 4.974 4.948 4.92 4.899 4.878 4.86 4.839 4.823 4.811 4.795 4.781 4.772 4.764 4.756 4.753 4.748 4.743 4.742 4.744 4.741 4.748 4.749 4.753 4.763 4.773 4.782 4.79 4.803 4.819 4.835 4.852 4.871 4.892 4.917 4.939 4.965 4.99 5.022 5.053 5.09 5.124 5.159 5.198 5.243 5.284 5.334 5.379 5.431 5.486 5.543 5.6 5.663 5.729 5.799 5.869 2.174 2.124 2.08 2.032 1.994 1.957 1.92 1.884 1.852 1.82 1.789 1.761 1.735 1.71 1.684 1.661 1.642 1.622 1.599 1.58 1.564 1.545 1.527 1.516 1.501 1.486 1.472 1.457 1.449 1.434 1.425 1.417 1.405 1.397 1.389 1.378 1.374 1.367 1.358 1.354 1.347 1.34 1.335 1.33 1.328 1.324 1.321 1.318 1.316 1.314 1.312 1.314 1.311 1.312 1.314 1.313 1.313 1.313 1.316 1.316 1.321 1.322 1.326 1.331 1.334 1.338 1.347 1.352 1.356 1.363 1.371 1.379 1.386 1.394 1.402 1.413 1.422
21.409 -7.565 -1.97119 1.885 1.896 1.913 1.929 1.948 1.968 1.983 2.006 2.028 2.047 2.073 2.099 2.12 2.149 2.177 2.207 2.24 2.27 2.305 2.344 2.38 2.423 2.465 2.51 2.558 2.61 2.658 2.718 2.776 2.837 2.906 2.972 3.051 3.126 3.213 3.304 3.397 3.505 3.615 3.74 3.867 4.003 4.157 4.32 4.503 4.704 4.814 4.786 4.758 4.73 4.707 4.68 4.661 4.641 4.622 4.606 4.588 4.574 4.56 4.551 4.541 4.534 4.525 4.521 4.516 4.514 4.509 4.512 4.513 4.513 4.52 4.525 4.531 4.541 4.548 4.559 4.573 4.584 4.599 4.618 4.634 4.655 4.675 4.699 4.726 4.751 4.777 4.808 4.84 4.872 4.908 4.945 4.985 5.025 5.07 5.119 5.169 5.221 5.272 5.329 5.391 5.451 5.518 5.587 5.659 5.734 1.924 1.883 1.848 1.809 1.779 1.744 1.713 1.686 1.66 1.631 1.606 1.586 1.562 1.541 1.522 1.5 1.482 1.464 1.448 1.431 1.415 1.402 1.389 1.375 1.362 1.35 1.342 1.331 1.32 1.311 1.301 1.293 1.284 1.276 1.272 1.264 1.26 1.251 1.248 1.242 1.24 1.232 1.232 1.225 1.223 1.221 1.219 1.219 1.218 1.214 1.216 1.213 1.216 1.216 1.217 1.216 1.22 1.219 1.225 1.225 1.23 1.234 1.235 1.24 1.248 1.249 1.256 1.26 1.266 1.273 1.285 1.291 1.298 1.306 1.315
21.273 -7.89 -1.97119 2.031 2.047 2.066 2.082 2.102 2.119 2.142 2.163 2.186 2.207 2.236 2.261 2.291 2.319 2.347 2.383 2.416 2.45 2.49 2.529 2.569 2.613 2.657 2.709 2.759 2.812 2.866 2.927 2.994 3.059 3.134 3.205 3.291 3.373 3.466 3.563 3.667 3.78 3.895 4.033 4.173 4.32 4.484 4.565 4.533 4.501 4.469 4.443 4.416 4.39 4.371 4.347 4.329 4.307 4.29 4.274 4.263 4.247 4.237 4.225 4.215 4.209 4.203 4.196 4.195 4.187 4.19 4.188 4.187 4.192 4.196 4.202 4.208 4.213 4.223 4.233 4.244 4.255 4.272 4.288 4.303 4.322 4.339 4.361 4.383 4.409 4.434 4.465 4.491 4.526 4.558 4.592 4.629 4.666 4.709 4.751 4.799 4.847 4.897 4.949 5.006 5.059 5.121 5.187 5.255 5.326 5.398 5.477 5.561 5.644 1.582 1.553 1.522 1.498 1.475 1.45 1.43 1.406 1.39 1.37 1.349 1.334 1.318 1.3 1.285 1.271 1.258 1.246 1.235 1.22 1.213 1.203 1.191 1.18 1.175 1.166 1.156 1.148 1.144 1.135 1.131 1.124 1.119 1.114 1.11 1.105 1.099 1.097 1.092 1.092 1.087 1.085 1.083 1.083 1.08 1.08 1.078 1.081 1.081 1.079 1.083 1.082 1.083 1.083 1.086 1.092 1.095 1.096 1.101 1.101 1.107 1.111 1.115 1.12 1.128 1.133 1.141 1.146 1.155 1.165 1.17
21.176 -8.122 -1.97119 2.136 2.154 2.172 2.191 2.209 2.233 2.253 2.273 2.296 2.322 2.352 2.377 2.41 2.437 2.472 2.506 2.543 2.578 2.619 2.658 2.7 2.748 2.795 2.847 2.902 2.959 3.018 3.083 3.147 3.219 3.292 3.375 3.456 3.547 3.646 3.751 3.856 3.979 4.104 4.24 4.384 4.386 4.351 4.318 4.281 4.252 4.225 4.201 4.177 4.149 4.127 4.107 4.087 4.072 4.057 4.04 4.028 4.016 4.004 3.992 3.986 3.978 3.972 3.963 3.962 3.958 3.96 3.958 3.958 3.963 3.965 3.969 3.973 3.979 3.992 4 4.009 4.024 4.036 4.052 4.065 4.083 4.102 4.124 4.144 4.169 4.192 4.218 4.245 4.277 4.309 4.341 4.372 4.412 4.452 4.489 4.535 4.579 4.624 4.675 4.729 4.783 4.843 4.903 4.962 5.031 5.103 5.179 5.252 5.334 5.422 5.511 5.61 1.363 1.345 1.321 1.3 1.28 1.263 1.244 1.232 1.214 1.201 1.186 1.172 1.159 1.147 1.134 1.121 1.113 1.103 1.094 1.085 1.076 1.066 1.059 1.053 1.044 1.041 1.033 1.028 1.024 1.016 1.013 1.009 1.006 1.002 0.997 0.998 0.993 0.99 0.987 0.985 0.985 0.986 0.986 0.981 0.982 0.984 0.981 0.984 0.985 0.986 0.988 0.989 0.994 0.993 0.996 1.001 1.003 1.006 1.012 1.017 1.021 1.028 1.031 1.04 1.043 1.05 1.056 1.068
21.078 -8.355 -1.97119 2.241 2.258 2.28 2.296 2.318 2.342 2.365 2.389 2.41 2.44 2.466 2.496 2.528 2.561 2.595 2.626 2.667 2.705 2.748 2.792 2.836 2.885 2.936 2.987 3.043 3.101 3.169 3.231 3.302 3.376 3.458 3.54 3.629 3.724 3.824 3.937 4.047 4.172 4.239 4.201 4.164 4.129 4.094 4.064 4.036 4.008 3.981 3.955 3.93 3.907 3.89 3.869 3.852 3.832 3.819 3.802 3.792 3.777 3.769 3.762 3.751 3.744 3.737 3.733 3.729 3.726 3.728 3.727 3.729 3.731 3.731 3.74 3.742 3.749 3.758 3.767 3.776 3.787 3.799 3.815 3.83 3.846 3.863 3.881 3.901 3.925 3.95 3.97 3.997 4.028 4.054 4.088 4.12 4.154 4.192 4.229 4.269 4.312 4.354 4.404 4.453 4.506 4.561 4.617 4.677 4.738 4.805 4.877 4.949 5.026 5.104 5.192 5.279 5.374 5.475 5.58 5.692 5.807 1.141 1.123 1.111 1.094 1.081 1.068 1.058 1.043 1.035 1.024 1.013 1.002 0.994 0.984 0.978 0.968 0.964 0.954 0.95 0.943 0.938 0.932 0.926 0.923 0.918 0.913 0.908 0.906 0.905 0.899 0.9 0.894 0.895 0.892 0.889 0.886 0.886 0.889 0.888 0.888 0.888 0.886 0.889 0.891 0.89 0.891 0.893 0.893 0.894 0.901 0.904 0.904 0.909 0.91 0.919 0.92 0.926 0.928 0.935 0.941 0.946 0.952 0.958
20.981 -8.587 -1.97119 2.35 2.366 2.387 2.407 2.426 2.452 2.474 2.499 2.525 2.556 2.585 2.615 2.644 2.677 2.716 2.752 2.791 2.834 2.875 2.92 2.971 3.018 3.074 3.128 3.187 3.248 3.314 3.385 3.46 3.538 3.617 3.706 3.801 3.898 4.004 4.099 4.057 4.019 3.978 3.944 3.906 3.873 3.843 3.813 3.783 3.759 3.735 3.709 3.69 3.665 3.646 3.63 3.613 3.599 3.582 3.569 3.556 3.546 3.537 3.53 3.518 3.515 3.506 3.505 3.5 3.497 3.497 3.498 3.498 3.497 3.503 3.509 3.512 3.515 3.524 3.532 3.541 3.556 3.565 3.578 3.591 3.609 3.625 3.64 3.661 3.68 3.704 3.725 3.752 3.776 3.804 3.833 3.865 3.898 3.933 3.966 4.004 4.045 4.086 4.131 4.175 4.227 4.274 4.33 4.385 4.446 4.507 4.571 4.641 4.713 4.791 4.868 4.953 5.045 5.136 5.234 5.338 5.447 5.567 5.686 5.822 5.953 6.105 6.256 6.424 0.932 0.921 0.91 0.903 0.895 0.885 0.877 0.87 0.862 0.858 0.85 0.847 0.841 0.837 0.829 0.825 0.823 0.819 0.812 0.809 0.805 0.803 0.802 0.799 0.796 0.795 0.793 0.794 0.79 0.79 0.792 0.79 0.791 0.789 0.79 0.789 0.79 0.794 0.794 0.795 0.796 0.802 0.8 0.805 0.806 0.809 0.814 0.818 0.822 0.825 0.828 0.836 0.84 0.847 0.851 0.857
20.903 -8.773 -1.97119 2.434 2.453 2.469 2.493 2.514 2.539 2.565 2.589 2.616 2.643 2.674 2.706 2.741 2.775 2.812 2.848 2.894 2.934 2.977 3.025 3.074 3.129 3.186 3.242 3.301 3.366 3.432 3.509 3.584 3.663 3.75 3.84 3.939 3.97 3.925 3.881 3.843 3.802 3.769 3.731 3.7 3.667 3.637 3.613 3.585 3.561 3.538 3.512 3.495 3.471 3.456 3.44 3.423 3.405 3.395 3.379 3.37 3.358 3.35 3.341 3.335 3.326 3.322 3.319 3.317 3.313 3.313 3.309 3.311 3.313 3.319 3.319 3.325 3.33 3.339 3.345 3.355 3.366 3.378 3.391 3.405 3.417 3.434 3.449 3.466 3.486 3.506 3.531 3.553 3.577 3.604 3.634 3.659 3.69 3.722 3.76 3.795 3.831 3.869 3.913 3.958 4.005 4.052 4.102 4.155 4.21 4.269 4.329 4.396 4.465 4.537 4.611 4.689 4.775 4.864 4.958 5.058 5.162 5.268 5.386 5.511 5.645 5.779 5.932 6.086 6.256 6.437 6.629 6.839 7.054 7.301 7.559 7.839 8.136 0.776 0.769 0.764 0.758 0.752 0.749 0.747 0.741 0.738 0.736 0.731 0.727 0.728 0.721 0.719 0.717 0.72 0.719 0.713 0.714 0.712 0.715 0.715 0.712 0.713 0.715 0.712 0.714 0.715 0.716 0.719 0.719 0.719 0.723 0.728 0.729 0.733 0.733 0.738 0.741 0.743 0.748 0.75 0.758 0.763 0.765 0.774
20.806 -9.005 -1.97119 2.537 2.557 2.578 2.6 2.624 2.647 2.676 2.702 2.728 2.76 2.794 2.827 2.859 2.899 2.934 2.976 3.017 3.059 3.107 3.158 3.21 3.261 3.318 3.38 3.447 3.513 3.584 3.658 3.736 3.822 3.829 3.784 3.74 3.696 3.654 3.611 3.572 3.54 3.504 3.471 3.445 3.415 3.386 3.36 3.335 3.313 3.293 3.271 3.247 3.23 3.214 3.2 3.181 3.169 3.159 3.146 3.135 3.124 3.117 3.11 3.103 3.097 3.093 3.085 3.087 3.083 3.084 3.08 3.084 3.082 3.087 3.088 3.097 3.098 3.105 3.114 3.124 3.131 3.141 3.152 3.165 3.179 3.192 3.209 3.227 3.245 3.261 3.284 3.304 3.327 3.353 3.38 3.403 3.433 3.465 3.497 3.529 3.564 3.602 3.64 3.679 3.723 3.769 3.816 3.865 3.916 3.971 4.028 4.093 4.155 4.221 4.29 4.368 4.442 4.525 4.612 4.704 4.802 4.902 5.014 5.131 5.251 5.375 5.514 5.663 5.819 5.984 6.173 6.361 6.564 6.792 7.033 7.296 7.574 7.878 8.213 8.581 9.002 9.455 9.953 10.502 11.145 11.85 12.688 13.629 14.728 16.015 17.597 19.477 21.85 0.621 0.621 0.616 0.615 0.615 0.614 0.614 0.613 0.617 0.615 0.618 0.618 0.616 0.617 0.618 0.623 0.621 0.626 0.627 0.628 0.629 0.634 0.637 0.639 0.641 0.649 0.648 0.656 0.661 0.661 0.666
20.65 -9.377 -1.97119 2.704 2.728 2.747 2.773 2.801 2.826 2.854 2.883 2.915 2.946 2.976 3.01 3.048 3.087 3.131 3.172 3.216 3.266 3.318 3.368 3.422 3.483 3.54 3.608 3.675 3.617 3.565 3.511 3.464 3.414 3.374 3.327 3.29 3.249 3.217 3.18 3.147 3.115 3.084 3.059 3.034 3.003 2.981 2.956 2.935 2.916 2.895 2.878 2.862 2.843 2.83 2.814 2.803 2.788 2.781 2.767 2.758 2.749 2.745 2.736 2.732 2.727 2.722 2.719 2.716 2.712 2.71 2.712 2.713 2.715 2.717 2.719 2.726 2.727 2.733 2.74 2.748 2.757 2.766 2.774 2.786 2.8 2.811 2.824 2.841 2.854 2.873 2.892 2.911 2.93 2.953 2.976 3.001 3.023 3.048 3.079 3.104 3.14 3.171 3.206 3.241 3.276 3.317 3.36 3.4 3.45 3.497 3.547 3.602 3.657 3.718 3.776 3.841 3.911 3.984 4.063 4.142 4.229 4.318 4.411 4.51 4.617 4.731 4.855 4.984 5.123 5.273 5.426 5.601 5.779 5.975 6.191 6.418 6.665 6.94 7.237 7.563 7.92 8.309 8.767 9.251 9.82 10.451 11.146 12.012 12.962 14.133 15.467 17.13 19.273 21.904 25.512 30.385 32 32 32 30.186 30.182 18.886 11.528 6.608 4.902 3.892 3.216 2.757 2.408 2.141 1.917 1.749 1.602 1.477 1.374 1.285 1.201 1.136 1.072 1.016 0.966 0.926 0.883 0.848
20.533 -9.655 -1.97119 2.834 2.856 2.879 2.902 2.93 2.956 2.986 3.018 3.047 3.081 3.117 3.154 3.192 3.235 3.274 3.322 3.367 3.42 3.473 3.524 3.53 3.467 3.408 3.35 3.295 3.246 3.201 3.154 3.107 3.067 3.026 2.991 2.954 2.922 2.889 2.857 2.828 2.796 2.77 2.745 2.72 2.701 2.676 2.657 2.635 2.619 2.603 2.582 2.57 2.556 2.542 2.526 2.517 2.505 2.497 2.485 2.477 2.468 2.463 2.459 2.454 2.445 2.443 2.442 2.439 2.437 2.433 2.436 2.435 2.439 2.439 2.441 2.448 2.448 2.457 2.463 2.466 2.474 2.482 2.492 2.5 2.516 2.525 2.538 2.55 2.563 2.577 2.597 2.614 2.631 2.649 2.67 2.69 2.717 2.74 2.766 2.789 2.818 2.847 2.878 2.912 2.941 2.977 3.018 3.056 3.097 3.142 3.187 3.235 3.283 3.337 3.394 3.45 3.514 3.58 3.648 3.719 3.796 3.876 3.962 4.052 4.149 4.251 4.361 4.478 4.601 4.736 4.875 5.024 5.189 5.369 5.555 5.764 5.989 6.229 6.498 6.792 7.116 7.471 7.867 8.314 8.798 9.362 10.021 10.767 11.657 12.687 13.884 15.407 17.292 19.708 22.817 27.388 32 32 32 32 30.065 30.067 17.508 11.418 8.433 7.173 5.957 5.099 4.436 3.941 3.55 3.227 2.961 2.727 2.536 2.37 2.222 2.095 1.982 1.879 1.789 1.703 1.628 1.564
20.416 -9.934 -1.97119 2.958 2.983 3.006 3.034 3.059 3.09 3.12 3.15 3.183 3.221 3.257 3.295 3.332 3.376 3.423 3.456 3.383 3.316 3.252 3.187 3.13 3.075 3.023 2.969 2.924 2.877 2.837 2.793 2.755 2.718 2.682 2.652 2.619 2.586 2.558 2.534 2.503 2.48 2.459 2.432 2.412 2.39 2.372 2.356 2.338 2.319 2.304 2.291 2.277 2.264 2.251 2.24 2.232 2.219 2.212 2.202 2.195 2.189 2.184 2.176 2.174 2.171 2.166 2.166 2.162 2.16 2.158 2.16 2.157 2.161 2.162 2.166 2.167 2.17 2.177 2.181 2.189 2.196 2.204 2.208 2.221 2.229 2.239 2.25 2.259 2.274 2.289 2.299 2.318 2.335 2.348 2.365 2.385 2.406 2.429 2.45 2.471 2.497 2.521 2.549 2.579 2.608 2.641 2.676 2.71 2.746 2.786 2.824 2.864 2.908 2.958 3.008 3.058 3.115 3.17 3.235 3.297 3.363 3.435 3.511 3.594 3.679 3.769 3.865 3.97 4.078 4.195 4.322 4.457 4.596 4.756 4.925 5.108 5.307 5.517 5.756 6.015 6.308 6.619 6.972 7.363 7.812 8.302 8.874 9.544 10.31 11.226 12.31 13.67 15.319 17.486 20.265 24.217 29.952 32 32 32 29.947 29.954 26.308 17.016 12.633 11.33 8.333 7.43 6.474 5.763 5.171 4.703 4.311 3.973 3.694 3.455 3.244 3.052 2.888 2.737 2.607 2.489 2.378 2.281
20.32 -10.164 -1.9896 3.091 3.116 3.142 3.169 3.196 3.232 3.261 3.297 3.331 3.373 3.395 3.312 3.232 3.164 3.093 3.029 2.963 2.908 2.851 2.797 2.751 2.703 2.655 2.612 2.572 2.533 2.5 2.463 2.43 2.397 2.372 2.343 2.316 2.29 2.262 2.242 2.219 2.199 2.176 2.156 2.139 2.124 2.106 2.089 2.073 2.061 2.05 2.038 2.027 2.015 2.005 1.996 1.987 1.978 1.971 1.962 1.96 1.955 1.947 1.943 1.941 1.938 1.933 1.933 1.934 1.933 1.929 1.932 1.932 1.934 1.935 1.939 1.942 1.947 1.95 1.955 1.962 1.971 1.975 1.985 1.995 2.004 2.011 2.023 2.033 2.048 2.058 2.072 2.088 2.101 2.117 2.133 2.151 2.17 2.192 2.213 2.235 2.256 2.282 2.306 2.335 2.362 2.392 2.422 2.454 2.492 2.526 2.564 2.605 2.645 2.693 2.739 2.785 2.837 2.89 2.95 3.012 3.075 3.144 3.216 3.29 3.374 3.456 3.55 3.649 3.754 3.866 3.987 4.116 4.258 4.41 4.568 4.747 4.94 5.154 5.384 5.637 5.92 6.241 6.601 6.994 7.432 7.959 8.561 9.226 10.059 11.038 12.219 13.719 15.633 18.149 21.769 26.883 32 32 32 32 29.857 29.869 21.543 15.974 12.64 11.252 11.276 8.153 7.233 6.489 5.906 5.421 5.005 4.65 4.337 4.069 3.839 3.63 3.441 3.277 3.127 2.99 2.869 2.755
20.195 -10.374 -2.32094 2.472 2.429 2.388 2.351 2.311 2.276 2.242 2.211 2.181 2.152 2.125 2.097 2.077 2.05 2.031 2.009 1.984 1.97 1.948 1.932 1.916 1.902 1.887 1.872 1.859 1.846 1.833 1.819 1.811 1.802 1.793 1.785 1.777 1.767 1.761 1.756 1.751 1.744 1.738 1.738 1.73 1.73 1.725 1.725 1.723 1.721 1.723 1.724 1.721 1.724 1.728 1.729 1.732 1.734 1.74 1.74 1.749 1.754 1.759 1.764 1.773 1.783 1.788 1.796 1.81 1.82 1.83 1.841 1.855 1.867 1.88 1.894 1.912 1.93 1.943 1.966 1.981 2.002 2.025 2.045 2.069 2.093 2.12 2.149 2.176 2.204 2.237 2.268 2.304 2.343 2.382 2.422 2.465 2.507 2.555 2.604 2.661 2.715 2.773 2.836 2.905 2.974 3.049 3.126 3.211 3.307 3.402 3.504 3.616 3.739 3.869 4.005 4.157 4.327 4.508 4.706 4.92 5.166 5.424 5.731 6.059 6.432 6.877 7.356 7.934 8.606 9.408 10.384 11.588 13.092 15.059 17.742 21.511 27.467 32 32 32 32 29.741 29.753 21.549 16.814 13.61 11.554 11.161 11.189 8.104 7.349 6.703 6.177 5.708 5.318 4.991 4.688 4.425 4.197 3.985 3.798 3.63 3.475 3.332 3.208 3.087 2.974 2.877 2.786 2.697 2.616 2.539 2.469 2.404 2.345 2.283 2.227 2.179 2.128 2.083 2.043 1.999 1.961 1.923
20.133 -10.43 -2.58172 1.952 1.932 1.911 1.896 1.878 1.862 1.846 1.828 1.817 1.8 1.789 1.776 1.767 1.757 1.748 1.738 1.728 1.721 1.713 1.705 1.7 1.693 1.687 1.684 1.679 1.676 1.675 1.672 1.668 1.667 1.667 1.665 1.668 1.665 1.667 1.669 1.674 1.676 1.676 1.678 1.687 1.689 1.696 1.699 1.705 1.713 1.72 1.727 1.737 1.746 1.754 1.765 1.777 1.79 1.802 1.816 1.829 1.845 1.861 1.877 1.894 1.909 1.932 1.951 1.973 1.996 2.015 2.042 2.067 2.093 2.122 2.155 2.185 2.217 2.252 2.289 2.324 2.367 2.407 2.452 2.501 2.549 2.602 2.656 2.718 2.783 2.848 2.917 2.993 3.071 3.157 3.25 3.347 3.451 3.567 3.688 3.819 3.963 4.116 4.287 4.469 4.67 4.895 5.144 5.421 5.723 6.064 6.459 6.907 7.448 8.06 8.777 9.62 10.679 12.008 13.706 16.008 19.18 23.869 31.663 32 32 32 29.673 29.686 25.699 19.335 15.446 12.878 11.071 11.117 11.141 7.972 7.243 6.654 6.154 5.718 5.343 5.017 4.727 4.468 4.245 4.044 3.858 3.69 3.535 3.397 3.267 3.15 3.04 2.943 2.849 2.763 2.682 2.606 2.535 2.47 2.406 2.346 2.295 2.239 2.192 2.144 2.104 2.064 2.022 1.986 1.949 1.919 1.888 1.854 1.825 1.801 1.774 1.747 1.725 1.703 1.684 1.661 1.644 1.624
20.121 -10.437 -2.98363 1.679 1.675 1.669 1.664 1.665 1.66 1.658 1.661 1.66 1.659 1.661 1.66 1.662 1.667 1.67 1.67 1.677 1.679 1.683 1.687 1.693 1.703 1.71 1.715 1.723 1.731 1.74 1.753 1.764 1.774 1.785 1.801 1.812 1.825 1.842 1.854 1.875 1.893 1.908 1.93 1.95 1.969 1.993 2.019 2.041 2.066 2.096 2.122 2.154 2.184 2.218 2.255 2.292 2.327 2.37 2.412 2.457 2.508 2.556 2.612 2.668 2.728 2.792 2.859 2.93 3.008 3.09 3.177 3.27 3.368 3.474 3.588 3.713 3.845 3.99 4.151 4.324 4.514 4.724 4.951 5.205 5.487 5.811 6.172 6.576 7.039 7.593 8.227 8.997 9.917 11.053 12.444 14.354 16.78 20.431 25.914 32 32 32 32 29.666 29.679 23.356 17.912 14.611 12.237 11.083 11.109 11.142 7.764 7.068 6.51 6.026 5.617 5.262 4.94 4.663 4.412 4.197 4 3.823 3.653 3.507 3.369 3.245 3.133 3.025 2.924 2.833 2.75 2.67 2.594 2.523 2.461 2.4 2.342 2.288 2.235 2.19 2.144 2.098 2.058 2.021 1.984 1.948 1.914 1.883 1.854 1.829 1.803 1.777 1.748 1.726 1.707 1.682 1.666 1.645 1.629 1.608 1.593 1.578 1.565 1.547 1.536 1.525 1.509 1.498 1.489 1.481 1.471 1.462 1.453 1.446 1.438 1.428 1.422 1.415 1.409 1.406 1.4 1.396
20.103 -10.439 -3.08794 1.657 1.657 1.657 1.658 1.658 1.661 1.661 1.664 1.664 1.67 1.672 1.674 1.68 1.686 1.694 1.699 1.706 1.711 1.721 1.731 1.74 1.748 1.756 1.768 1.781 1.793 1.805 1.82 1.835 1.85 1.868 1.886 1.902 1.921 1.939 1.962 1.982 2.005 2.032 2.055 2.086 2.111 2.141 2.175 2.205 2.243 2.276 2.317 2.354 2.396 2.442 2.49 2.538 2.592 2.648 2.708 2.769 2.834 2.906 2.981 3.061 3.145 3.236 3.334 3.439 3.552 3.671 3.799 3.946 4.099 4.27 4.455 4.656 4.879 5.122 5.403 5.708 6.055 6.449 6.897 7.426 8.029 8.734 9.606 10.688 12 13.717 16.023 19.109 24.017 32 32 32 32 29.642 29.655 25.815 19.35 15.507 12.862 11.052 11.084 11.115 7.995 7.273 6.676 6.159 5.745 5.358 5.039 4.744 4.492 4.26 4.057 3.872 3.7 3.553 3.41 3.281 3.163 3.056 2.957 2.861 2.775 2.698 2.62 2.547 2.482 2.421 2.361 2.306 2.254 2.203 2.157 2.113 2.071 2.033 1.996 1.963 1.927 1.898 1.868 1.835 1.808 1.784 1.758 1.734 1.714 1.69 1.672 1.652 1.634 1.618 1.602 1.586 1.568 1.557 1.541 1.527 1.518 1.505 1.493 1.483 1.476 1.466 1.456 1.446 1.439 1.434 1.428 1.419 1.414 1.407 1.403 1.4 1.394 1.39 1.39 1.386 1.385 1.384
19.953 -10.448 -3.08794 1.651 1.65 1.65 1.648 1.651 1.651 1.651 1.654 1.657 1.659 1.664 1.67 1.672 1.675 1.682 1.688 1.694 1.702 1.71 1.72 1.73 1.738 1.75 1.759 1.773 1.784 1.794 1.81 1.825 1.84 1.858 1.874 1.895 1.913 1.931 1.95 1.973 1.998 2.019 2.046 2.071 2.103 2.131 2.159 2.192 2.227 2.267 2.304 2.343 2.386 2.427 2.477 2.526 2.578 2.633 2.693 2.753 2.819 2.89 2.965 3.044 3.128 3.222 3.317 3.419 3.531 3.652 3.784 3.925 4.076 4.246 4.425 4.628 4.85 5.102 5.363 5.677 6.025 6.405 6.849 7.388 7.994 8.702 9.541 10.618 11.908 13.648 15.926 19.051 23.947 31.679 32 32 32 29.497 29.509 25.87 19.459 15.578 12.949 11.11 10.934 10.965 7.949 7.324 6.715 6.203 5.769 5.393 5.069 4.777 4.52 4.295 4.085 3.898 3.73 3.574 3.434 3.307 3.188 3.076 2.975 2.879 2.795 2.713 2.635 2.565 2.496 2.432 2.377 2.321 2.267 2.217 2.175 2.128 2.087 2.049 2.011 1.972 1.939 1.908 1.879 1.85 1.82 1.797 1.772 1.749 1.725 1.705 1.681 1.665 1.645 1.628 1.611 1.596 1.578 1.567 1.552 1.537 1.526 1.516 1.502 1.495 1.481 1.474 1.465 1.455 1.448 1.444 1.434 1.429 1.426 1.418 1.415 1.41 1.406 1.404 1.398 1.398 1.394 1.392
19.755 -10.46 -3.08794 1.64 1.638 1.639 1.637 1.639 1.637 1.64 1.641 1.644 1.648 1.652 1.657 1.662 1.665 1.671 1.675 1.684 1.69 1.7 1.705 1.714 1.727 1.738 1.746 1.76 1.771 1.781 1.799 1.811 1.826 1.843 1.86 1.876 1.898 1.918 1.939 1.962 1.984 2.006 2.029 2.059 2.086 2.117 2.144 2.177 2.212 2.247 2.285 2.327 2.366 2.41 2.46 2.509 2.557 2.613 2.669 2.737 2.801 2.872 2.941 3.022 3.104 3.193 3.291 3.393 3.51 3.626 3.755 3.896 4.052 4.213 4.393 4.596 4.821 5.056 5.335 5.636 5.981 6.36 6.804 7.338 7.937 8.623 9.492 10.547 11.843 13.566 15.797 19.005 23.69 31.586 32 32 32 29.301 29.312 25.99 19.659 15.657 13.086 11.235 10.739 10.767 10.798 7.398 6.776 6.255 5.828 5.443 5.106 4.818 4.566 4.328 4.117 3.936 3.762 3.606 3.464 3.336 3.216 3.101 2.997 2.908 2.817 2.738 2.657 2.588 2.519 2.457 2.396 2.339 2.285 2.238 2.191 2.148 2.105 2.065 2.027 1.99 1.954 1.927 1.892 1.865 1.838 1.81 1.785 1.76 1.74 1.719 1.699 1.679 1.658 1.643 1.623 1.61 1.591 1.577 1.563 1.551 1.537 1.529 1.515 1.506 1.495 1.485 1.477 1.469 1.459 1.456 1.45 1.439 1.437 1.429 1.427 1.423 1.415 1.413 1.41 1.407 1.407 1.407
19.506 -10.475 -3.08794 1.622 1.623 1.623 1.622 1.621 1.623 1.628 1.627 1.63 1.635 1.636 1.641 1.646 1.65 1.654 1.662 1.668 1.674 1.681 1.691 1.7 1.709 1.718 1.731 1.744 1.755 1.769 1.779 1.793 1.813 1.826 1.841 1.863 1.878 1.898 1.922 1.942 1.965 1.986 2.014 2.039 2.067 2.094 2.126 2.158 2.195 2.229 2.266 2.306 2.349 2.388 2.435 2.483 2.533 2.593 2.649 2.707 2.772 2.843 2.914 2.995 3.075 3.17 3.259 3.363 3.476 3.594 3.723 3.857 4.011 4.176 4.355 4.556 4.772 5.009 5.279 5.587 5.926 6.307 6.741 7.252 7.842 8.554 9.412 10.443 11.738 13.379 15.668 18.705 23.359 31.282 32 32 32 29.048 29.065 26.262 19.715 15.903 13.23 11.336 10.487 10.511 10.546 7.454 6.846 6.336 5.88 5.508 5.172 4.87 4.607 4.371 4.166 3.969 3.798 3.644 3.504 3.369 3.247 3.136 3.034 2.94 2.849 2.764 2.688 2.614 2.546 2.481 2.423 2.367 2.313 2.262 2.216 2.171 2.127 2.084 2.051 2.01 1.976 1.946 1.914 1.884 1.859 1.832 1.804 1.779 1.759 1.734 1.714 1.693 1.676 1.657 1.644 1.627 1.612 1.594 1.58 1.57 1.553 1.541 1.533 1.522 1.51 1.501 1.491 1.483 1.475 1.471 1.463 1.456 1.451 1.448 1.442 1.437 1.434 1.427 1.426 1.426 1.421 1.421
19.204 -10.493 -3.08794 1.603 1.604 1.605 1.604 1.603 1.604 1.609 1.609 1.614 1.614 1.615 1.622 1.628 1.63 1.636 1.642 1.649 1.656 1.662 1.674 1.682 1.69 1.701 1.712 1.721 1.732 1.75 1.761 1.774 1.789 1.807 1.824 1.838 1.86 1.877 1.9 1.918 1.945 1.968 1.99 2.017 2.044 2.074 2.1 2.133 2.167 2.202 2.242 2.276 2.322 2.36 2.41 2.455 2.509 2.561 2.619 2.678 2.742 2.809 2.883 2.963 3.047 3.131 3.223 3.329 3.436 3.555 3.682 3.817 3.967 4.129 4.31 4.502 4.718 4.957 5.22 5.518 5.858 6.228 6.671 7.179 7.751 8.467 9.296 10.304 11.577 13.265 15.438 18.623 23.129 30.84 32 32 32 28.753 28.766 26.615 19.978 16.098 13.436 11.472 10.164 10.209 10.24 10.274 6.936 6.418 5.96 5.574 5.235 4.934 4.671 4.424 4.213 4.026 3.85 3.688 3.546 3.413 3.288 3.176 3.074 2.977 2.885 2.8 2.719 2.648 2.578 2.514 2.455 2.395 2.34 2.293 2.241 2.199 2.155 2.112 2.073 2.036 2.001 1.97 1.94 1.912 1.881 1.852 1.829 1.803 1.78 1.761 1.738 1.715 1.699 1.679 1.663 1.648 1.63 1.618 1.599 1.59 1.577 1.561 1.553 1.541 1.533 1.524 1.511 1.502 1.497 1.487 1.483 1.475 1.471 1.466 1.459 1.457 1.45 1.449 1.447 1.441 1.439 1.437
18.6 -10.529 -3.08794 1.571 1.568 1.566 1.57 1.568 1.57 1.569 1.573 1.575 1.58 1.58 1.586 1.587 1.596 1.599 1.603 1.609 1.618 1.627 1.633 1.643 1.652 1.662 1.673 1.685 1.697 1.708 1.721 1.736 1.748 1.765 1.78 1.799 1.814 1.836 1.856 1.876 1.901 1.923 1.944 1.973 1.997 2.024 2.055 2.088 2.119 2.153 2.191 2.227 2.267 2.311 2.357 2.399 2.447 2.503 2.557 2.616 2.681 2.746 2.818 2.891 2.978 3.062 3.152 3.251 3.357 3.474 3.595 3.728 3.878 4.031 4.207 4.402 4.608 4.84 5.107 5.389 5.719 6.103 6.512 7.012 7.597 8.279 9.106 10.08 11.36 12.96 15.132 18.17 22.778 30.287 32 32 32 28.15 28.164 27.297 20.65 16.505 13.758 11.784 10.31 9.604 9.632 9.665 9.695 6.567 6.119 5.717 5.367 5.054 4.79 4.542 4.325 4.127 3.948 3.786 3.639 3.501 3.371 3.256 3.148 3.051 2.953 2.872 2.791 2.715 2.645 2.578 2.515 2.457 2.398 2.351 2.3 2.255 2.211 2.166 2.127 2.092 2.053 2.022 1.99 1.96 1.926 1.9 1.877 1.847 1.825 1.805 1.78 1.759 1.739 1.724 1.704 1.688 1.672 1.655 1.643 1.629 1.615 1.605 1.593 1.58 1.569 1.562 1.549 1.541 1.536 1.526 1.517 1.515 1.506 1.5 1.499 1.491 1.486 1.483 1.479 1.478 1.476 1.475
18.248 -10.55 -3.08794 1.548 1.548 1.548 1.547 1.546 1.548 1.55 1.549 1.555 1.557 1.559 1.563 1.565 1.57 1.577 1.584 1.59 1.599 1.605 1.61 1.618 1.629 1.638 1.651 1.662 1.675 1.684 1.7 1.712 1.724 1.74 1.756 1.773 1.79 1.812 1.83 1.851 1.873 1.894 1.919 1.945 1.971 1.996 2.027 2.059 2.091 2.124 2.159 2.196 2.237 2.277 2.32 2.37 2.418 2.473 2.525 2.581 2.644 2.709 2.779 2.856 2.933 3.02 3.109 3.208 3.315 3.425 3.545 3.678 3.825 3.986 4.152 4.341 4.55 4.775 5.029 5.319 5.642 6.007 6.44 6.911 7.489 8.149 8.957 9.952 11.184 12.773 14.934 17.866 22.402 29.856 32 32 32 27.8 27.814 27.835 20.929 16.681 13.926 11.968 10.461 9.251 9.277 9.307 9.342 9.377 6.205 5.792 5.442 5.13 4.858 4.608 4.383 4.19 4.004 3.839 3.688 3.546 3.423 3.306 3.194 3.092 3 2.915 2.832 2.752 2.683 2.613 2.55 2.491 2.438 2.385 2.334 2.285 2.242 2.196 2.157 2.119 2.084 2.049 2.015 1.987 1.958 1.926 1.904 1.874 1.854 1.828 1.804 1.787 1.767 1.748 1.728 1.711 1.694 1.681 1.667 1.65 1.638 1.624 1.615 1.604 1.591 1.581 1.573 1.565 1.558 1.546 1.539 1.533 1.527 1.525 1.515 1.514 1.511 1.507 1.502 1.501 1.497 1.497
17.846 -10.575 -3.08794 1.522 1.525 1.521 1.521 1.522 1.523 1.527 1.526 1.531 1.53 1.536 1.538 1.543 1.547 1.553 1.56 1.566 1.573 1.579 1.588 1.593 1.607 1.612 1.622 1.636 1.647 1.657 1.67 1.685 1.7 1.715 1.731 1.747 1.764 1.781 1.799 1.82 1.843 1.864 1.887 1.914 1.94 1.968 1.994 2.024 2.058 2.093 2.128 2.162 2.2 2.243 2.283 2.333 2.379 2.429 2.484 2.544 2.602 2.666 2.737 2.809 2.886 2.973 3.063 3.159 3.261 3.371 3.492 3.622 3.765 3.924 4.09 4.276 4.478 4.705 4.957 5.24 5.558 5.917 6.34 6.811 7.364 8.021 8.823 9.815 11.011 12.578 14.683 17.536 22.057 29.416 32 32 32 27.565 27.413 27.436 21.273 16.986 14.157 12.157 10.677 9.493 8.874 8.902 8.93 8.966 9.004 5.897 5.535 5.219 4.936 4.682 4.461 4.255 4.066 3.902 3.747 3.607 3.477 3.358 3.244 3.142 3.051 2.958 2.876 2.796 2.725 2.655 2.596 2.531 2.473 2.423 2.373 2.323 2.278 2.235 2.191 2.153 2.116 2.081 2.05 2.018 1.99 1.959 1.933 1.904 1.88 1.857 1.838 1.814 1.797 1.776 1.756 1.74 1.726 1.708 1.691 1.677 1.665 1.651 1.638 1.627 1.62 1.608 1.599 1.589 1.583 1.575 1.566 1.561 1.554 1.549 1.543 1.537 1.532 1.528 1.525 1.526 1.524 1.52
17.494 -10.596 -3.08794 1.503 1.503 1.501 1.499 1.499 1.504 1.504 1.506 1.508 1.511 1.512 1.515 1.523 1.529 1.532 1.538 1.544 1.55 1.559 1.567 1.575 1.581 1.593 1.6 1.61 1.624 1.634 1.649 1.66 1.673 1.689 1.706 1.724 1.74 1.759 1.778 1.798 1.817 1.838 1.862 1.886 1.914 1.941 1.969 1.999 2.028 2.063 2.096 2.131 2.169 2.211 2.255 2.299 2.346 2.397 2.447 2.508 2.569 2.633 2.698 2.77 2.849 2.928 3.021 3.116 3.218 3.322 3.446 3.574 3.712 3.861 4.03 4.213 4.417 4.639 4.886 5.16 5.478 5.831 6.245 6.72 7.255 7.916 8.714 9.668 10.88 12.39 14.453 17.407 21.737 28.937 32 32 32 28.036 27.066 27.085 21.447 17.205 14.418 12.376 10.815 9.629 8.661 8.544 8.572 8.608 8.645 8.684 5.603 5.291 5.001 4.753 4.516 4.318 4.127 3.958 3.797 3.657 3.525 3.403 3.291 3.189 3.09 3.001 2.918 2.84 2.762 2.691 2.628 2.567 2.509 2.456 2.406 2.354 2.308 2.266 2.223 2.186 2.146 2.112 2.076 2.046 2.015 1.988 1.958 1.934 1.908 1.885 1.862 1.839 1.818 1.803 1.78 1.763 1.745 1.732 1.718 1.702 1.69 1.674 1.664 1.65 1.639 1.632 1.622 1.614 1.606 1.597 1.588 1.582 1.575 1.57 1.563 1.559 1.555 1.551 1.55 1.546 1.54 1.542
16.841 -10.635 -3.08794 1.464 1.46 1.463 1.461 1.464 1.465 1.466 1.465 1.47 1.469 1.472 1.479 1.48 1.489 1.493 1.496 1.501 1.508 1.514 1.523 1.531 1.542 1.549 1.559 1.571 1.581 1.59 1.607 1.615 1.63 1.648 1.663 1.679 1.692 1.713 1.729 1.748 1.771 1.792 1.816 1.839 1.862 1.891 1.915 1.947 1.976 2.007 2.041 2.075 2.111 2.153 2.194 2.24 2.284 2.336 2.385 2.443 2.499 2.56 2.629 2.698 2.773 2.857 2.941 3.035 3.132 3.238 3.351 3.476 3.616 3.766 3.924 4.098 4.3 4.519 4.752 5.031 5.337 5.681 6.077 6.546 7.076 7.714 8.463 9.398 10.594 12.112 14.07 16.954 21.077 28.143 32 32 32 32 26.417 26.437 22.066 17.694 14.801 12.642 11.075 9.87 8.882 8.104 7.912 7.941 7.976 8.01 8.048 8.09 4.998 4.868 4.637 4.423 4.235 4.059 3.9 3.752 3.617 3.492 3.378 3.27 3.17 3.075 2.99 2.913 2.835 2.76 2.695 2.632 2.573 2.517 2.466 2.415 2.369 2.323 2.279 2.241 2.205 2.166 2.131 2.1 2.066 2.039 2.008 1.986 1.958 1.935 1.909 1.888 1.867 1.849 1.829 1.81 1.792 1.778 1.76 1.743 1.733 1.72 1.708 1.692 1.681 1.672 1.664 1.655 1.646 1.635 1.629 1.621 1.616 1.61 1.606 1.599 1.593 1.589 1.587 1.583 1.583 1.58
16.539 -10.653 -3.08794 1.445 1.442 1.441 1.443 1.446 1.443 1.447 1.45 1.45 1.453 1.455 1.46 1.462 1.466 1.471 1.479 1.484 1.49 1.495 1.506 1.511 1.522 1.531 1.543 1.548 1.561 1.573 1.586 1.599 1.612 1.625 1.639 1.655 1.674 1.688 1.709 1.727 1.746 1.769 1.793 1.813 1.839 1.867 1.89 1.923 1.95 1.981 2.015 2.054 2.087 2.126 2.171 2.212 2.256 2.304 2.355 2.412 2.47 2.53 2.593 2.662 2.74 2.817 2.901 2.994 3.091 3.201 3.315 3.438 3.569 3.716 3.879 4.054 4.243 4.463 4.696 4.971 5.269 5.61 6.006 6.468 6.986 7.617 8.376 9.301 10.427 11.931 13.912 16.725 20.825 27.775 32 32 32 32 26.119 26.138 22.329 17.851 14.972 12.811 11.213 9.987 8.991 8.193 7.586 7.637 7.666 7.698 7.737 7.779 7.819 7.864 4.686 4.477 4.283 4.104 3.938 3.796 3.66 3.533 3.417 3.304 3.209 3.11 3.023 2.945 2.864 2.794 2.73 2.664 2.606 2.546 2.494 2.446 2.392 2.35 2.308 2.264 2.227 2.188 2.155 2.121 2.09 2.06 2.031 2.004 1.979 1.955 1.932 1.909 1.888 1.868 1.847 1.831 1.814 1.797 1.779 1.767 1.754 1.74 1.725 1.715 1.704 1.69 1.681 1.671 1.664 1.654 1.646 1.64 1.632 1.626 1.62 1.616 1.612 1.607 1.608 1.602 1.599 1.6
16.287 -10.669 -3.08794 1.431 1.431 1.431 1.43 1.428 1.427 1.431 1.432 1.436 1.439 1.442 1.446 1.448 1.452 1.456 1.462 1.468 1.474 1.48 1.491 1.495 1.507 1.517 1.524 1.533 1.544 1.557 1.566 1.581 1.594 1.609 1.624 1.638 1.653 1.671 1.691 1.709 1.729 1.752 1.775 1.795 1.819 1.846 1.871 1.9 1.933 1.961 1.994 2.03 2.065 2.103 2.145 2.189 2.234 2.281 2.333 2.387 2.445 2.504 2.567 2.636 2.707 2.785 2.872 2.963 3.061 3.161 3.277 3.4 3.532 3.682 3.836 4.006 4.201 4.409 4.655 4.916 5.212 5.557 5.95 6.389 6.921 7.551 8.269 9.211 10.328 11.794 13.765 16.527 20.586 27.498 32 32 32 32 25.865 25.885 22.649 18.059 15.12 12.97 11.329 10.079 9.089 8.267 7.593 7.38 7.412 7.443 7.478 7.515 7.557 7.599 7.649 4.486 4.323 4.146 3.98 3.828 3.692 3.565 3.449 3.337 3.239 3.142 3.055 2.97 2.893 2.821 2.753 2.688 2.63 2.571 2.515 2.466 2.419 2.374 2.33 2.289 2.247 2.211 2.176 2.144 2.111 2.079 2.049 2.025 1.998 1.974 1.952 1.927 1.906 1.885 1.866 1.85 1.828 1.815 1.797 1.783 1.766 1.755 1.744 1.728 1.716 1.707 1.699 1.69 1.68 1.67 1.665 1.656 1.651 1.645 1.638 1.635 1.627 1.623 1.621 1.617 1.614 1.614
15.885 -10.693 -3.08794 1.407 1.405 1.406 1.405 1.404 1.406 1.409 1.409 1.411 1.414 1.418 1.419 1.426 1.428 1.432 1.44 1.442 1.452 1.456 1.463 1.47 1.478 1.488 1.498 1.509 1.518 1.53 1.541 1.556 1.566 1.581 1.595 1.61 1.628 1.643 1.663 1.681 1.699 1.721 1.744 1.766 1.79 1.813 1.84 1.868 1.898 1.932 1.961 1.993 2.032 2.07 2.107 2.152 2.195 2.242 2.293 2.347 2.401 2.46 2.525 2.59 2.666 2.744 2.827 2.91 3.008 3.111 3.221 3.344 3.47 3.616 3.77 3.94 4.133 4.334 4.568 4.834 5.122 5.455 5.839 6.279 6.795 7.41 8.128 9.031 10.171 11.612 13.542 16.178 20.303 26.934 32 32 32 32 25.467 25.485 22.869 18.418 15.32 13.156 11.539 10.259 9.222 8.403 7.701 7.117 6.996 7.028 7.064 7.098 7.14 7.179 7.225 7.271 7.323 4.117 4.039 3.883 3.75 3.62 3.496 3.388 3.282 3.192 3.098 3.016 2.94 2.865 2.796 2.729 2.669 2.61 2.556 2.501 2.454 2.407 2.362 2.321 2.284 2.245 2.209 2.176 2.143 2.113 2.083 2.055 2.03 2.002 1.978 1.954 1.936 1.915 1.895 1.876 1.859 1.843 1.824 1.81 1.795 1.78 1.769 1.756 1.745 1.735 1.722 1.713 1.703 1.694 1.686 1.679 1.672 1.667 1.664 1.658 1.653 1.649 1.647 1.644 1.64 1.639
15.382 -10.723 -3.08794 1.375 1.373 1.373 1.372 1.373 1.377 1.379 1.377 1.381 1.385 1.383 1.391 1.392 1.397 1.402 1.408 1.413 1.417 1.424 1.433 1.44 1.446 1.457 1.464 1.477 1.488 1.498 1.507 1.519 1.533 1.546 1.559 1.576 1.59 1.607 1.626 1.646 1.664 1.684 1.703 1.725 1.75 1.777 1.801 1.826 1.856 1.887 1.919 1.95 1.985 2.023 2.062 2.103 2.15 2.193 2.241 2.292 2.35 2.409 2.47 2.538 2.608 2.681 2.763 2.851 2.943 3.043 3.149 3.267 3.395 3.535 3.693 3.853 4.037 4.249 4.479 4.731 5.014 5.341 5.72 6.149 6.649 7.246 7.967 8.843 9.968 11.384 13.283 15.905 19.926 26.452 32 32 32 32 24.97 24.99 23.437 18.686 15.595 13.381 11.731 10.439 9.397 8.553 7.85 7.263 6.742 6.514 6.545 6.578 6.615 6.652 6.696 6.734 6.782 6.83 6.88 6.933 6.995 3.686 3.562 3.454 3.348 3.252 3.155 3.071 2.99 2.918 2.847 2.777 2.717 2.656 2.601 2.548 2.498 2.451 2.406 2.367 2.326 2.287 2.249 2.218 2.183 2.15 2.119 2.095 2.066 2.038 2.016 1.99 1.969 1.949 1.927 1.911 1.89 1.874 1.856 1.842 1.827 1.814 1.799 1.787 1.774 1.767 1.755 1.744 1.735 1.729 1.718 1.71 1.707 1.697 1.692 1.689 1.684 1.68 1.675 1.675 1.67 1.668
15.081 -10.741 -3.08794 1.357 1.354 1.358 1.357 1.354 1.359 1.358 1.358 1.363 1.367 1.365 1.369 1.373 1.381 1.381 1.388 1.392 1.399 1.406 1.411 1.42 1.431 1.437 1.445 1.454 1.469 1.475 1.49 1.5 1.514 1.527 1.539 1.554 1.573 1.588 1.606 1.623 1.64 1.664 1.682 1.704 1.727 1.752 1.778 1.804 1.832 1.861 1.893 1.927 1.961 1.997 2.037 2.074 2.12 2.165 2.213 2.265 2.316 2.373 2.436 2.502 2.573 2.644 2.723 2.81 2.905 3.006 3.108 3.227 3.352 3.489 3.637 3.807 3.987 4.188 4.412 4.669 4.952 5.272 5.638 6.066 6.553 7.154 7.868 8.708 9.8 11.184 13.034 15.617 19.586 26.191 32 32 32 32 24.668 24.689 23.709 18.984 15.83 13.522 11.872 10.57 9.497 8.647 7.944 7.35 6.819 6.378 6.235 6.263 6.3 6.338 6.372 6.418 6.459 6.505 6.553 6.605 6.662 6.718 6.778 3.416 3.381 3.285 3.193 3.107 3.026 2.948 2.876 2.809 2.745 2.688 2.627 2.579 2.53 2.479 2.433 2.389 2.35 2.31 2.275 2.237 2.205 2.174 2.145 2.113 2.089 2.061 2.036 2.012 1.993 1.972 1.949 1.932 1.915 1.894 1.876 1.865 1.846 1.834 1.821 1.809 1.796 1.783 1.776 1.766 1.755 1.744 1.739 1.733 1.726 1.717 1.711 1.704 1.7 1.699 1.696 1.689 1.689 1.686
14.728 -10.762 -3.08794 1.338 1.334 1.335 1.337 1.336 1.335 1.339 1.339 1.338 1.342 1.346 1.349 1.353 1.359 1.359 1.367 1.373 1.378 1.383 1.39 1.399 1.404 1.417 1.426 1.433 1.445 1.455 1.464 1.475 1.488 1.503 1.518 1.531 1.548 1.564 1.581 1.597 1.617 1.633 1.658 1.678 1.702 1.723 1.75 1.776 1.805 1.834 1.865 1.895 1.928 1.965 2.003 2.043 2.085 2.13 2.177 2.228 2.281 2.337 2.4 2.464 2.531 2.604 2.683 2.769 2.857 2.954 3.064 3.178 3.301 3.436 3.581 3.749 3.922 4.127 4.348 4.593 4.876 5.189 5.547 5.979 6.461 7.034 7.725 8.606 9.669 11.049 12.852 15.396 19.235 25.724 32 32 32 32 24.316 24.334 24.047 19.108 16.034 13.727 12.039 10.677 9.639 8.771 8.038 7.423 6.922 6.46 6.075 5.899 5.934 5.965 6 6.041 6.081 6.128 6.172 6.218 6.272 6.327 6.383 6.442 6.504 6.575 6.645 3.144 3.06 2.986 2.916 2.844 2.782 2.719 2.663 2.609 2.559 2.512 2.463 2.424 2.381 2.341 2.303 2.268 2.233 2.201 2.17 2.144 2.115 2.091 2.061 2.04 2.018 1.997 1.975 1.955 1.938 1.918 1.9 1.884 1.87 1.858 1.846 1.829 1.819 1.806 1.797 1.788 1.779 1.766 1.757 1.753 1.748 1.741 1.734 1.729 1.725 1.717 1.716 1.711 1.711 1.709
14.689 -10.765 -3.08794 1.335 1.335 1.335 1.334 1.333 1.334 1.334 1.335 1.336 1.34 1.344 1.347 1.349 1.354 1.359 1.362 1.37 1.375 1.382 1.39 1.398 1.406 1.411 1.42 1.432 1.443 1.453 1.465 1.473 1.484 1.502 1.513 1.527 1.546 1.561 1.576 1.592 1.612 1.632 1.655 1.674 1.697 1.722 1.745 1.774 1.8 1.828 1.857 1.891 1.928 1.962 2.002 2.042 2.082 2.129 2.173 2.225 2.279 2.334 2.396 2.458 2.531 2.6 2.677 2.762 2.854 2.952 3.053 3.168 3.295 3.427 3.581 3.743 3.918 4.115 4.34 4.585 4.858 5.175 5.538 5.953 6.459 7.029 7.714 8.563 9.654 10.995 12.858 15.418 19.281 25.742 32 32 32 32 24.28 24.297 23.968 19.269 16.031 13.718 12.003 10.722 9.652 8.775 8.069 7.444 6.926 6.465 6.076 5.86 5.889 5.925 5.96 6.001 6.041 6.084 6.131 6.177 6.227 6.283 6.342 6.396 6.463 6.526 6.597 3.103 3.066 2.991 2.918 2.846 2.785 2.727 2.669 2.614 2.561 2.511 2.468 2.424 2.381 2.343 2.308 2.272 2.237 2.206 2.174 2.144 2.119 2.09 2.067 2.042 2.021 1.998 1.976 1.959 1.937 1.921 1.906 1.889 1.873 1.862 1.848 1.831 1.823 1.81 1.799 1.79 1.778 1.771 1.762 1.757 1.747 1.739 1.737 1.729 1.725 1.722 1.718 1.716 1.712 1.71
