[0.000000] (-) TimerEvent: {}
[0.000153] (phi_aria) JobQueued: {'identifier': 'phi_aria', 'dependencies': OrderedDict()}
[0.000185] (tp1) JobQueued: {'identifier': 'tp1', 'dependencies': OrderedDict()}
[0.000202] (turtlesim) JobQueued: {'identifier': 'turtlesim', 'dependencies': OrderedDict()}
[0.000216] (phi_aria) JobStarted: {'identifier': 'phi_aria'}
[0.015462] (tp1) JobStarted: {'identifier': 'tp1'}
[0.018991] (turtlesim) JobStarted: {'identifier': 'turtlesim'}
[0.023681] (phi_aria) JobProgress: {'identifier': 'phi_aria', 'progress': 'cmake'}
[0.025096] (phi_aria) JobProgress: {'identifier': 'phi_aria', 'progress': 'build'}
[0.026603] (phi_aria) Command: {'cmd': ['/usr/bin/cmake', '--build', '/home/richard/ros2_ws/build/phi_aria', '--', '-j4', '-l4'], 'cwd': '/home/richard/ros2_ws/build/phi_aria', 'env': OrderedDict({'LESSOPEN': '| /usr/bin/lesspipe %s', 'USER': 'richard', 'XDG_SESSION_TYPE': 'wayland', 'CLUTTER_DISABLE_MIPMAPPED_TEXT': '1', 'SHLVL': '1', 'LD_LIBRARY_PATH': '/opt/ros/jazzy/opt/rviz_ogre_vendor/lib:/opt/ros/jazzy/lib/x86_64-linux-gnu:/opt/ros/jazzy/opt/gz_math_vendor/lib:/opt/ros/jazzy/opt/gz_utils_vendor/lib:/opt/ros/jazzy/opt/gz_cmake_vendor/lib:/opt/ros/jazzy/lib::/usr/local/Aria/lib:/usr/local/Aria/lib', 'HOME': '/home/richard', 'OLDPWD': '/home/richard', 'DESKTOP_SESSION': 'ubuntu', 'ROS_PYTHON_VERSION': '3', 'GNOME_SHELL_SESSION_MODE': 'ubuntu', 'GTK_MODULES': 'gail:atk-bridge', 'SYSTEMD_EXEC_PID': '2234', 'GSM_SKIP_SSH_AGENT_WORKAROUND': 'true', 'DBUS_SESSION_BUS_ADDRESS': 'unix:path=/run/user/1000/bus', 'COLORTERM': 'truecolor', 'DEBUGINFOD_URLS': 'https://debuginfod.ubuntu.com', 'IM_CONFIG_PHASE': '1', 'WAYLAND_DISPLAY': 'wayland-0', 'COLCON_PREFIX_PATH': '/home/richard/ros2_ws/install', 'ROS_DISTRO': 'jazzy', 'LOGNAME': 'richard', '_': '/usr/bin/colcon', 'ROS_VERSION': '2', 'MEMORY_PRESSURE_WATCH': '/sys/fs/cgroup/user.slice/user-1000.slice/user@1000.service/session.slice/org.gnome.Shell@wayland.service/memory.pressure', 'XDG_SESSION_CLASS': 'user', 'USERNAME': 'richard', 'TERM': 'xterm-256color', 'GNOME_DESKTOP_SESSION_ID': 'this-is-deprecated', 'PATH': '/opt/ros/jazzy/bin:/usr/local/sbin:/usr/local/bin:/usr/sbin:/usr/bin:/sbin:/bin:/usr/games:/usr/local/games:/snap/bin:/snap/bin', 'SESSION_MANAGER': 'local/richard-VirtualBox:@/tmp/.ICE-unix/2198,unix/richard-VirtualBox:/tmp/.ICE-unix/2198', 'XDG_MENU_PREFIX': 'gnome-', 'GNOME_TERMINAL_SCREEN': '/org/gnome/Terminal/screen/a549118f_771a_4d4d_9c43_23cf04201502', 'GNOME_SETUP_DISPLAY': ':1', 'XDG_RUNTIME_DIR': '/run/user/1000', 'DISPLAY': ':0', 'LANG': 'pt_BR.UTF-8', 'XDG_CURRENT_DESKTOP': 'ubuntu:GNOME', 'XMODIFIERS': '@im=ibus', 'XDG_SESSION_DESKTOP': 'ubuntu', 'XAUTHORITY': '/run/user/1000/.mutter-Xwaylandauth.Z10FJ3', 'LS_COLORS': 'rs=0:di=01;34:ln=01;36:mh=00:pi=40;33:so=01;35:do=01;35:bd=40;33;01:cd=40;33;01:or=40;31;01:mi=00:su=37;41:sg=30;43:ca=00:tw=30;42:ow=34;42:st=37;44:ex=01;32:*.tar=01;31:*.tgz=01;31:*.arc=01;31:*.arj=01;31:*.taz=01;31:*.lha=01;31:*.lz4=01;31:*.lzh=01;31:*.lzma=01;31:*.tlz=01;31:*.txz=01;31:*.tzo=01;31:*.t7z=01;31:*.zip=01;31:*.z=01;31:*.dz=01;31:*.gz=01;31:*.lrz=01;31:*.lz=01;31:*.lzo=01;31:*.xz=01;31:*.zst=01;31:*.tzst=01;31:*.bz2=01;31:*.bz=01;31:*.tbz=01;31:*.tbz2=01;31:*.tz=01;31:*.deb=01;31:*.rpm=01;31:*.jar=01;31:*.war=01;31:*.ear=01;31:*.sar=01;31:*.rar=01;31:*.alz=01;31:*.ace=01;31:*.zoo=01;31:*.cpio=01;31:*.7z=01;31:*.rz=01;31:*.cab=01;31:*.wim=01;31:*.swm=01;31:*.dwm=01;31:*.esd=01;31:*.avif=01;35:*.jpg=01;35:*.jpeg=01;35:*.mjpg=01;35:*.mjpeg=01;35:*.gif=01;35:*.bmp=01;35:*.pbm=01;35:*.pgm=01;35:*.ppm=01;35:*.tga=01;35:*.xbm=01;35:*.xpm=01;35:*.tif=01;35:*.tiff=01;35:*.png=01;35:*.svg=01;35:*.svgz=01;35:*.mng=01;35:*.pcx=01;35:*.mov=01;35:*.mpg=01;35:*.mpeg=01;35:*.m2v=01;35:*.mkv=01;35:*.webm=01;35:*.webp=01;35:*.ogm=01;35:*.mp4=01;35:*.m4v=01;35:*.mp4v=01;35:*.vob=01;35:*.qt=01;35:*.nuv=01;35:*.wmv=01;35:*.asf=01;35:*.rm=01;35:*.rmvb=01;35:*.flc=01;35:*.avi=01;35:*.fli=01;35:*.flv=01;35:*.gl=01;35:*.dl=01;35:*.xcf=01;35:*.xwd=01;35:*.yuv=01;35:*.cgm=01;35:*.emf=01;35:*.ogv=01;35:*.ogx=01;35:*.aac=00;36:*.au=00;36:*.flac=00;36:*.m4a=00;36:*.mid=00;36:*.midi=00;36:*.mka=00;36:*.mp3=00;36:*.mpc=00;36:*.ogg=00;36:*.ra=00;36:*.wav=00;36:*.oga=00;36:*.opus=00;36:*.spx=00;36:*.xspf=00;36:*~=00;90:*#=00;90:*.bak=00;90:*.crdownload=00;90:*.dpkg-dist=00;90:*.dpkg-new=00;90:*.dpkg-old=00;90:*.dpkg-tmp=00;90:*.old=00;90:*.orig=00;90:*.part=00;90:*.rej=00;90:*.rpmnew=00;90:*.rpmorig=00;90:*.rpmsave=00;90:*.swp=00;90:*.tmp=00;90:*.ucf-dist=00;90:*.ucf-new=00;90:*.ucf-old=00;90:', 'GNOME_TERMINAL_SERVICE': ':1.153', 'SSH_AUTH_SOCK': '/run/user/1000/keyring/ssh', 'AMENT_PREFIX_PATH': '/opt/ros/jazzy', 'SHELL': '/bin/bash', 'QT_ACCESSIBILITY': '1', 'GDMSESSION': 'ubuntu', 'LESSCLOSE': '/usr/bin/lesspipe %s %s', 'ROS_AUTOMATIC_DISCOVERY_RANGE': 'SUBNET', 'QT_IM_MODULE': 'ibus', 'PWD': '/home/richard/ros2_ws/build/phi_aria', 'XDG_CONFIG_DIRS': '/etc/xdg/xdg-ubuntu:/etc/xdg', 'XDG_DATA_DIRS': '/usr/share/ubuntu:/usr/share/gnome:/usr/local/share/:/usr/share/:/var/lib/snapd/desktop', 'PYTHONPATH': '/opt/ros/jazzy/lib/python3.12/site-packages', 'COLCON': '1', 'MEMORY_PRESSURE_WRITE': 'c29tZSAyMDAwMDAgMjAwMDAwMAA=', 'VTE_VERSION': '7600', 'CMAKE_PREFIX_PATH': '/opt/ros/jazzy/opt/gz_math_vendor:/opt/ros/jazzy/opt/gz_utils_vendor:/opt/ros/jazzy/opt/gz_cmake_vendor:/opt/ros/jazzy'}), 'shell': False}
[0.032095] (tp1) JobProgress: {'identifier': 'tp1', 'progress': 'cmake'}
[0.033525] (tp1) JobProgress: {'identifier': 'tp1', 'progress': 'build'}
[0.034320] (tp1) Command: {'cmd': ['/usr/bin/cmake', '--build', '/home/richard/ros2_ws/build/tp1', '--', '-j4', '-l4'], 'cwd': '/home/richard/ros2_ws/build/tp1', 'env': OrderedDict({'LESSOPEN': '| /usr/bin/lesspipe %s', 'USER': 'richard', 'XDG_SESSION_TYPE': 'wayland', 'CLUTTER_DISABLE_MIPMAPPED_TEXT': '1', 'SHLVL': '1', 'LD_LIBRARY_PATH': '/opt/ros/jazzy/opt/rviz_ogre_vendor/lib:/opt/ros/jazzy/lib/x86_64-linux-gnu:/opt/ros/jazzy/opt/gz_math_vendor/lib:/opt/ros/jazzy/opt/gz_utils_vendor/lib:/opt/ros/jazzy/opt/gz_cmake_vendor/lib:/opt/ros/jazzy/lib::/usr/local/Aria/lib:/usr/local/Aria/lib', 'HOME': '/home/richard', 'OLDPWD': '/home/richard', 'DESKTOP_SESSION': 'ubuntu', 'ROS_PYTHON_VERSION': '3', 'GNOME_SHELL_SESSION_MODE': 'ubuntu', 'GTK_MODULES': 'gail:atk-bridge', 'SYSTEMD_EXEC_PID': '2234', 'GSM_SKIP_SSH_AGENT_WORKAROUND': 'true', 'DBUS_SESSION_BUS_ADDRESS': 'unix:path=/run/user/1000/bus', 'COLORTERM': 'truecolor', 'DEBUGINFOD_URLS': 'https://debuginfod.ubuntu.com', 'IM_CONFIG_PHASE': '1', 'WAYLAND_DISPLAY': 'wayland-0', 'COLCON_PREFIX_PATH': '/home/richard/ros2_ws/install', 'ROS_DISTRO': 'jazzy', 'LOGNAME': 'richard', '_': '/usr/bin/colcon', 'ROS_VERSION': '2', 'MEMORY_PRESSURE_WATCH': '/sys/fs/cgroup/user.slice/user-1000.slice/user@1000.service/session.slice/org.gnome.Shell@wayland.service/memory.pressure', 'XDG_SESSION_CLASS': 'user', 'USERNAME': 'richard', 'TERM': 'xterm-256color', 'GNOME_DESKTOP_SESSION_ID': 'this-is-deprecated', 'PATH': '/opt/ros/jazzy/bin:/usr/local/sbin:/usr/local/bin:/usr/sbin:/usr/bin:/sbin:/bin:/usr/games:/usr/local/games:/snap/bin:/snap/bin', 'SESSION_MANAGER': 'local/richard-VirtualBox:@/tmp/.ICE-unix/2198,unix/richard-VirtualBox:/tmp/.ICE-unix/2198', 'XDG_MENU_PREFIX': 'gnome-', 'GNOME_TERMINAL_SCREEN': '/org/gnome/Terminal/screen/a549118f_771a_4d4d_9c43_23cf04201502', 'GNOME_SETUP_DISPLAY': ':1', 'XDG_RUNTIME_DIR': '/run/user/1000', 'DISPLAY': ':0', 'LANG': 'pt_BR.UTF-8', 'XDG_CURRENT_DESKTOP': 'ubuntu:GNOME', 'XMODIFIERS': '@im=ibus', 'XDG_SESSION_DESKTOP': 'ubuntu', 'XAUTHORITY': '/run/user/1000/.mutter-Xwaylandauth.Z10FJ3', 'LS_COLORS': 'rs=0:di=01;34:ln=01;36:mh=00:pi=40;33:so=01;35:do=01;35:bd=40;33;01:cd=40;33;01:or=40;31;01:mi=00:su=37;41:sg=30;43:ca=00:tw=30;42:ow=34;42:st=37;44:ex=01;32:*.tar=01;31:*.tgz=01;31:*.arc=01;31:*.arj=01;31:*.taz=01;31:*.lha=01;31:*.lz4=01;31:*.lzh=01;31:*.lzma=01;31:*.tlz=01;31:*.txz=01;31:*.tzo=01;31:*.t7z=01;31:*.zip=01;31:*.z=01;31:*.dz=01;31:*.gz=01;31:*.lrz=01;31:*.lz=01;31:*.lzo=01;31:*.xz=01;31:*.zst=01;31:*.tzst=01;31:*.bz2=01;31:*.bz=01;31:*.tbz=01;31:*.tbz2=01;31:*.tz=01;31:*.deb=01;31:*.rpm=01;31:*.jar=01;31:*.war=01;31:*.ear=01;31:*.sar=01;31:*.rar=01;31:*.alz=01;31:*.ace=01;31:*.zoo=01;31:*.cpio=01;31:*.7z=01;31:*.rz=01;31:*.cab=01;31:*.wim=01;31:*.swm=01;31:*.dwm=01;31:*.esd=01;31:*.avif=01;35:*.jpg=01;35:*.jpeg=01;35:*.mjpg=01;35:*.mjpeg=01;35:*.gif=01;35:*.bmp=01;35:*.pbm=01;35:*.pgm=01;35:*.ppm=01;35:*.tga=01;35:*.xbm=01;35:*.xpm=01;35:*.tif=01;35:*.tiff=01;35:*.png=01;35:*.svg=01;35:*.svgz=01;35:*.mng=01;35:*.pcx=01;35:*.mov=01;35:*.mpg=01;35:*.mpeg=01;35:*.m2v=01;35:*.mkv=01;35:*.webm=01;35:*.webp=01;35:*.ogm=01;35:*.mp4=01;35:*.m4v=01;35:*.mp4v=01;35:*.vob=01;35:*.qt=01;35:*.nuv=01;35:*.wmv=01;35:*.asf=01;35:*.rm=01;35:*.rmvb=01;35:*.flc=01;35:*.avi=01;35:*.fli=01;35:*.flv=01;35:*.gl=01;35:*.dl=01;35:*.xcf=01;35:*.xwd=01;35:*.yuv=01;35:*.cgm=01;35:*.emf=01;35:*.ogv=01;35:*.ogx=01;35:*.aac=00;36:*.au=00;36:*.flac=00;36:*.m4a=00;36:*.mid=00;36:*.midi=00;36:*.mka=00;36:*.mp3=00;36:*.mpc=00;36:*.ogg=00;36:*.ra=00;36:*.wav=00;36:*.oga=00;36:*.opus=00;36:*.spx=00;36:*.xspf=00;36:*~=00;90:*#=00;90:*.bak=00;90:*.crdownload=00;90:*.dpkg-dist=00;90:*.dpkg-new=00;90:*.dpkg-old=00;90:*.dpkg-tmp=00;90:*.old=00;90:*.orig=00;90:*.part=00;90:*.rej=00;90:*.rpmnew=00;90:*.rpmorig=00;90:*.rpmsave=00;90:*.swp=00;90:*.tmp=00;90:*.ucf-dist=00;90:*.ucf-new=00;90:*.ucf-old=00;90:', 'GNOME_TERMINAL_SERVICE': ':1.153', 'SSH_AUTH_SOCK': '/run/user/1000/keyring/ssh', 'AMENT_PREFIX_PATH': '/opt/ros/jazzy', 'SHELL': '/bin/bash', 'QT_ACCESSIBILITY': '1', 'GDMSESSION': 'ubuntu', 'LESSCLOSE': '/usr/bin/lesspipe %s %s', 'ROS_AUTOMATIC_DISCOVERY_RANGE': 'SUBNET', 'QT_IM_MODULE': 'ibus', 'PWD': '/home/richard/ros2_ws/build/tp1', 'XDG_CONFIG_DIRS': '/etc/xdg/xdg-ubuntu:/etc/xdg', 'XDG_DATA_DIRS': '/usr/share/ubuntu:/usr/share/gnome:/usr/local/share/:/usr/share/:/var/lib/snapd/desktop', 'PYTHONPATH': '/opt/ros/jazzy/lib/python3.12/site-packages', 'COLCON': '1', 'MEMORY_PRESSURE_WRITE': 'c29tZSAyMDAwMDAgMjAwMDAwMAA=', 'VTE_VERSION': '7600', 'CMAKE_PREFIX_PATH': '/opt/ros/jazzy/opt/gz_math_vendor:/opt/ros/jazzy/opt/gz_utils_vendor:/opt/ros/jazzy/opt/gz_cmake_vendor:/opt/ros/jazzy'}), 'shell': False}
[0.039065] (turtlesim) JobProgress: {'identifier': 'turtlesim', 'progress': 'cmake'}
[0.041102] (turtlesim) JobProgress: {'identifier': 'turtlesim', 'progress': 'build'}
[0.041158] (turtlesim) Command: {'cmd': ['/usr/bin/cmake', '--build', '/home/richard/ros2_ws/build/turtlesim', '--', '-j4', '-l4'], 'cwd': '/home/richard/ros2_ws/build/turtlesim', 'env': OrderedDict({'LESSOPEN': '| /usr/bin/lesspipe %s', 'USER': 'richard', 'XDG_SESSION_TYPE': 'wayland', 'CLUTTER_DISABLE_MIPMAPPED_TEXT': '1', 'SHLVL': '1', 'LD_LIBRARY_PATH': '/opt/ros/jazzy/opt/rviz_ogre_vendor/lib:/opt/ros/jazzy/lib/x86_64-linux-gnu:/opt/ros/jazzy/opt/gz_math_vendor/lib:/opt/ros/jazzy/opt/gz_utils_vendor/lib:/opt/ros/jazzy/opt/gz_cmake_vendor/lib:/opt/ros/jazzy/lib::/usr/local/Aria/lib:/usr/local/Aria/lib', 'HOME': '/home/richard', 'OLDPWD': '/home/richard', 'DESKTOP_SESSION': 'ubuntu', 'ROS_PYTHON_VERSION': '3', 'GNOME_SHELL_SESSION_MODE': 'ubuntu', 'GTK_MODULES': 'gail:atk-bridge', 'SYSTEMD_EXEC_PID': '2234', 'GSM_SKIP_SSH_AGENT_WORKAROUND': 'true', 'DBUS_SESSION_BUS_ADDRESS': 'unix:path=/run/user/1000/bus', 'COLORTERM': 'truecolor', 'DEBUGINFOD_URLS': 'https://debuginfod.ubuntu.com', 'IM_CONFIG_PHASE': '1', 'WAYLAND_DISPLAY': 'wayland-0', 'COLCON_PREFIX_PATH': '/home/richard/ros2_ws/install', 'ROS_DISTRO': 'jazzy', 'LOGNAME': 'richard', '_': '/usr/bin/colcon', 'ROS_VERSION': '2', 'MEMORY_PRESSURE_WATCH': '/sys/fs/cgroup/user.slice/user-1000.slice/user@1000.service/session.slice/org.gnome.Shell@wayland.service/memory.pressure', 'XDG_SESSION_CLASS': 'user', 'USERNAME': 'richard', 'TERM': 'xterm-256color', 'GNOME_DESKTOP_SESSION_ID': 'this-is-deprecated', 'PATH': '/opt/ros/jazzy/bin:/usr/local/sbin:/usr/local/bin:/usr/sbin:/usr/bin:/sbin:/bin:/usr/games:/usr/local/games:/snap/bin:/snap/bin', 'SESSION_MANAGER': 'local/richard-VirtualBox:@/tmp/.ICE-unix/2198,unix/richard-VirtualBox:/tmp/.ICE-unix/2198', 'XDG_MENU_PREFIX': 'gnome-', 'GNOME_TERMINAL_SCREEN': '/org/gnome/Terminal/screen/a549118f_771a_4d4d_9c43_23cf04201502', 'GNOME_SETUP_DISPLAY': ':1', 'XDG_RUNTIME_DIR': '/run/user/1000', 'DISPLAY': ':0', 'LANG': 'pt_BR.UTF-8', 'XDG_CURRENT_DESKTOP': 'ubuntu:GNOME', 'XMODIFIERS': '@im=ibus', 'XDG_SESSION_DESKTOP': 'ubuntu', 'XAUTHORITY': '/run/user/1000/.mutter-Xwaylandauth.Z10FJ3', 'LS_COLORS': 'rs=0:di=01;34:ln=01;36:mh=00:pi=40;33:so=01;35:do=01;35:bd=40;33;01:cd=40;33;01:or=40;31;01:mi=00:su=37;41:sg=30;43:ca=00:tw=30;42:ow=34;42:st=37;44:ex=01;32:*.tar=01;31:*.tgz=01;31:*.arc=01;31:*.arj=01;31:*.taz=01;31:*.lha=01;31:*.lz4=01;31:*.lzh=01;31:*.lzma=01;31:*.tlz=01;31:*.txz=01;31:*.tzo=01;31:*.t7z=01;31:*.zip=01;31:*.z=01;31:*.dz=01;31:*.gz=01;31:*.lrz=01;31:*.lz=01;31:*.lzo=01;31:*.xz=01;31:*.zst=01;31:*.tzst=01;31:*.bz2=01;31:*.bz=01;31:*.tbz=01;31:*.tbz2=01;31:*.tz=01;31:*.deb=01;31:*.rpm=01;31:*.jar=01;31:*.war=01;31:*.ear=01;31:*.sar=01;31:*.rar=01;31:*.alz=01;31:*.ace=01;31:*.zoo=01;31:*.cpio=01;31:*.7z=01;31:*.rz=01;31:*.cab=01;31:*.wim=01;31:*.swm=01;31:*.dwm=01;31:*.esd=01;31:*.avif=01;35:*.jpg=01;35:*.jpeg=01;35:*.mjpg=01;35:*.mjpeg=01;35:*.gif=01;35:*.bmp=01;35:*.pbm=01;35:*.pgm=01;35:*.ppm=01;35:*.tga=01;35:*.xbm=01;35:*.xpm=01;35:*.tif=01;35:*.tiff=01;35:*.png=01;35:*.svg=01;35:*.svgz=01;35:*.mng=01;35:*.pcx=01;35:*.mov=01;35:*.mpg=01;35:*.mpeg=01;35:*.m2v=01;35:*.mkv=01;35:*.webm=01;35:*.webp=01;35:*.ogm=01;35:*.mp4=01;35:*.m4v=01;35:*.mp4v=01;35:*.vob=01;35:*.qt=01;35:*.nuv=01;35:*.wmv=01;35:*.asf=01;35:*.rm=01;35:*.rmvb=01;35:*.flc=01;35:*.avi=01;35:*.fli=01;35:*.flv=01;35:*.gl=01;35:*.dl=01;35:*.xcf=01;35:*.xwd=01;35:*.yuv=01;35:*.cgm=01;35:*.emf=01;35:*.ogv=01;35:*.ogx=01;35:*.aac=00;36:*.au=00;36:*.flac=00;36:*.m4a=00;36:*.mid=00;36:*.midi=00;36:*.mka=00;36:*.mp3=00;36:*.mpc=00;36:*.ogg=00;36:*.ra=00;36:*.wav=00;36:*.oga=00;36:*.opus=00;36:*.spx=00;36:*.xspf=00;36:*~=00;90:*#=00;90:*.bak=00;90:*.crdownload=00;90:*.dpkg-dist=00;90:*.dpkg-new=00;90:*.dpkg-old=00;90:*.dpkg-tmp=00;90:*.old=00;90:*.orig=00;90:*.part=00;90:*.rej=00;90:*.rpmnew=00;90:*.rpmorig=00;90:*.rpmsave=00;90:*.swp=00;90:*.tmp=00;90:*.ucf-dist=00;90:*.ucf-new=00;90:*.ucf-old=00;90:', 'GNOME_TERMINAL_SERVICE': ':1.153', 'SSH_AUTH_SOCK': '/run/user/1000/keyring/ssh', 'AMENT_PREFIX_PATH': '/opt/ros/jazzy', 'SHELL': '/bin/bash', 'QT_ACCESSIBILITY': '1', 'GDMSESSION': 'ubuntu', 'LESSCLOSE': '/usr/bin/lesspipe %s %s', 'ROS_AUTOMATIC_DISCOVERY_RANGE': 'SUBNET', 'QT_IM_MODULE': 'ibus', 'PWD': '/home/richard/ros2_ws/build/turtlesim', 'XDG_CONFIG_DIRS': '/etc/xdg/xdg-ubuntu:/etc/xdg', 'XDG_DATA_DIRS': '/usr/share/ubuntu:/usr/share/gnome:/usr/local/share/:/usr/share/:/var/lib/snapd/desktop', 'PYTHONPATH': '/opt/ros/jazzy/lib/python3.12/site-packages', 'COLCON': '1', 'MEMORY_PRESSURE_WRITE': 'c29tZSAyMDAwMDAgMjAwMDAwMAA=', 'VTE_VERSION': '7600', 'CMAKE_PREFIX_PATH': '/opt/ros/jazzy/opt/gz_math_vendor:/opt/ros/jazzy/opt/gz_utils_vendor:/opt/ros/jazzy/opt/gz_cmake_vendor:/opt/ros/jazzy'}), 'shell': False}
[0.101391] (turtlesim) StdoutLine: {'line': b'[  0%] Built target turtlesim__rosidl_generator_type_description\n'}
[0.101706] (-) TimerEvent: {}
[0.116253] (tp1) StdoutLine: {'line': b'[ 20%] \x1b[32mBuilding CXX object CMakeFiles/navigation.dir/src/main.cpp.o\x1b[0m\n'}
[0.121899] (phi_aria) StdoutLine: {'line': b'[100%] Built target phi_p3dx\n'}
[0.128656] (turtlesim) StdoutLine: {'line': b'[  0%] Built target ament_cmake_python_copy_turtlesim\n'}
[0.137770] (turtlesim) StdoutLine: {'line': b'[  1%] Built target turtlesim__cpp\n'}
[0.140732] (phi_aria) CommandEnded: {'returncode': 0}
[0.141783] (phi_aria) JobProgress: {'identifier': 'phi_aria', 'progress': 'install'}
[0.152468] (phi_aria) Command: {'cmd': ['/usr/bin/cmake', '--install', '/home/richard/ros2_ws/build/phi_aria'], 'cwd': '/home/richard/ros2_ws/build/phi_aria', 'env': OrderedDict({'LESSOPEN': '| /usr/bin/lesspipe %s', 'USER': 'richard', 'XDG_SESSION_TYPE': 'wayland', 'CLUTTER_DISABLE_MIPMAPPED_TEXT': '1', 'SHLVL': '1', 'LD_LIBRARY_PATH': '/opt/ros/jazzy/opt/rviz_ogre_vendor/lib:/opt/ros/jazzy/lib/x86_64-linux-gnu:/opt/ros/jazzy/opt/gz_math_vendor/lib:/opt/ros/jazzy/opt/gz_utils_vendor/lib:/opt/ros/jazzy/opt/gz_cmake_vendor/lib:/opt/ros/jazzy/lib::/usr/local/Aria/lib:/usr/local/Aria/lib', 'HOME': '/home/richard', 'OLDPWD': '/home/richard', 'DESKTOP_SESSION': 'ubuntu', 'ROS_PYTHON_VERSION': '3', 'GNOME_SHELL_SESSION_MODE': 'ubuntu', 'GTK_MODULES': 'gail:atk-bridge', 'SYSTEMD_EXEC_PID': '2234', 'GSM_SKIP_SSH_AGENT_WORKAROUND': 'true', 'DBUS_SESSION_BUS_ADDRESS': 'unix:path=/run/user/1000/bus', 'COLORTERM': 'truecolor', 'DEBUGINFOD_URLS': 'https://debuginfod.ubuntu.com', 'IM_CONFIG_PHASE': '1', 'WAYLAND_DISPLAY': 'wayland-0', 'COLCON_PREFIX_PATH': '/home/richard/ros2_ws/install', 'ROS_DISTRO': 'jazzy', 'LOGNAME': 'richard', '_': '/usr/bin/colcon', 'ROS_VERSION': '2', 'MEMORY_PRESSURE_WATCH': '/sys/fs/cgroup/user.slice/user-1000.slice/user@1000.service/session.slice/org.gnome.Shell@wayland.service/memory.pressure', 'XDG_SESSION_CLASS': 'user', 'USERNAME': 'richard', 'TERM': 'xterm-256color', 'GNOME_DESKTOP_SESSION_ID': 'this-is-deprecated', 'PATH': '/opt/ros/jazzy/bin:/usr/local/sbin:/usr/local/bin:/usr/sbin:/usr/bin:/sbin:/bin:/usr/games:/usr/local/games:/snap/bin:/snap/bin', 'SESSION_MANAGER': 'local/richard-VirtualBox:@/tmp/.ICE-unix/2198,unix/richard-VirtualBox:/tmp/.ICE-unix/2198', 'XDG_MENU_PREFIX': 'gnome-', 'GNOME_TERMINAL_SCREEN': '/org/gnome/Terminal/screen/a549118f_771a_4d4d_9c43_23cf04201502', 'GNOME_SETUP_DISPLAY': ':1', 'XDG_RUNTIME_DIR': '/run/user/1000', 'DISPLAY': ':0', 'LANG': 'pt_BR.UTF-8', 'XDG_CURRENT_DESKTOP': 'ubuntu:GNOME', 'XMODIFIERS': '@im=ibus', 'XDG_SESSION_DESKTOP': 'ubuntu', 'XAUTHORITY': '/run/user/1000/.mutter-Xwaylandauth.Z10FJ3', 'LS_COLORS': 'rs=0:di=01;34:ln=01;36:mh=00:pi=40;33:so=01;35:do=01;35:bd=40;33;01:cd=40;33;01:or=40;31;01:mi=00:su=37;41:sg=30;43:ca=00:tw=30;42:ow=34;42:st=37;44:ex=01;32:*.tar=01;31:*.tgz=01;31:*.arc=01;31:*.arj=01;31:*.taz=01;31:*.lha=01;31:*.lz4=01;31:*.lzh=01;31:*.lzma=01;31:*.tlz=01;31:*.txz=01;31:*.tzo=01;31:*.t7z=01;31:*.zip=01;31:*.z=01;31:*.dz=01;31:*.gz=01;31:*.lrz=01;31:*.lz=01;31:*.lzo=01;31:*.xz=01;31:*.zst=01;31:*.tzst=01;31:*.bz2=01;31:*.bz=01;31:*.tbz=01;31:*.tbz2=01;31:*.tz=01;31:*.deb=01;31:*.rpm=01;31:*.jar=01;31:*.war=01;31:*.ear=01;31:*.sar=01;31:*.rar=01;31:*.alz=01;31:*.ace=01;31:*.zoo=01;31:*.cpio=01;31:*.7z=01;31:*.rz=01;31:*.cab=01;31:*.wim=01;31:*.swm=01;31:*.dwm=01;31:*.esd=01;31:*.avif=01;35:*.jpg=01;35:*.jpeg=01;35:*.mjpg=01;35:*.mjpeg=01;35:*.gif=01;35:*.bmp=01;35:*.pbm=01;35:*.pgm=01;35:*.ppm=01;35:*.tga=01;35:*.xbm=01;35:*.xpm=01;35:*.tif=01;35:*.tiff=01;35:*.png=01;35:*.svg=01;35:*.svgz=01;35:*.mng=01;35:*.pcx=01;35:*.mov=01;35:*.mpg=01;35:*.mpeg=01;35:*.m2v=01;35:*.mkv=01;35:*.webm=01;35:*.webp=01;35:*.ogm=01;35:*.mp4=01;35:*.m4v=01;35:*.mp4v=01;35:*.vob=01;35:*.qt=01;35:*.nuv=01;35:*.wmv=01;35:*.asf=01;35:*.rm=01;35:*.rmvb=01;35:*.flc=01;35:*.avi=01;35:*.fli=01;35:*.flv=01;35:*.gl=01;35:*.dl=01;35:*.xcf=01;35:*.xwd=01;35:*.yuv=01;35:*.cgm=01;35:*.emf=01;35:*.ogv=01;35:*.ogx=01;35:*.aac=00;36:*.au=00;36:*.flac=00;36:*.m4a=00;36:*.mid=00;36:*.midi=00;36:*.mka=00;36:*.mp3=00;36:*.mpc=00;36:*.ogg=00;36:*.ra=00;36:*.wav=00;36:*.oga=00;36:*.opus=00;36:*.spx=00;36:*.xspf=00;36:*~=00;90:*#=00;90:*.bak=00;90:*.crdownload=00;90:*.dpkg-dist=00;90:*.dpkg-new=00;90:*.dpkg-old=00;90:*.dpkg-tmp=00;90:*.old=00;90:*.orig=00;90:*.part=00;90:*.rej=00;90:*.rpmnew=00;90:*.rpmorig=00;90:*.rpmsave=00;90:*.swp=00;90:*.tmp=00;90:*.ucf-dist=00;90:*.ucf-new=00;90:*.ucf-old=00;90:', 'GNOME_TERMINAL_SERVICE': ':1.153', 'SSH_AUTH_SOCK': '/run/user/1000/keyring/ssh', 'AMENT_PREFIX_PATH': '/opt/ros/jazzy', 'SHELL': '/bin/bash', 'QT_ACCESSIBILITY': '1', 'GDMSESSION': 'ubuntu', 'LESSCLOSE': '/usr/bin/lesspipe %s %s', 'ROS_AUTOMATIC_DISCOVERY_RANGE': 'SUBNET', 'QT_IM_MODULE': 'ibus', 'PWD': '/home/richard/ros2_ws/build/phi_aria', 'XDG_CONFIG_DIRS': '/etc/xdg/xdg-ubuntu:/etc/xdg', 'XDG_DATA_DIRS': '/usr/share/ubuntu:/usr/share/gnome:/usr/local/share/:/usr/share/:/var/lib/snapd/desktop', 'PYTHONPATH': '/opt/ros/jazzy/lib/python3.12/site-packages', 'COLCON': '1', 'MEMORY_PRESSURE_WRITE': 'c29tZSAyMDAwMDAgMjAwMDAwMAA=', 'VTE_VERSION': '7600', 'CMAKE_PREFIX_PATH': '/opt/ros/jazzy/opt/gz_math_vendor:/opt/ros/jazzy/opt/gz_utils_vendor:/opt/ros/jazzy/opt/gz_cmake_vendor:/opt/ros/jazzy'}), 'shell': False}
[0.154294] (turtlesim) StdoutLine: {'line': b'[ 24%] Built target turtlesim__rosidl_generator_c\n'}
[0.172246] (phi_aria) StdoutLine: {'line': b'-- Install configuration: ""\n'}
[0.174876] (phi_aria) StdoutLine: {'line': b'-- Installing: /home/richard/ros2_ws/install/phi_aria/lib/phi_aria/phi_p3dx\n'}
[0.184111] (phi_aria) StdoutLine: {'line': b'-- Set non-toolchain portion of runtime path of "/home/richard/ros2_ws/install/phi_aria/lib/phi_aria/phi_p3dx" to ""\n'}
[0.184477] (phi_aria) StdoutLine: {'line': b'-- Installing: /home/richard/ros2_ws/install/phi_aria/share/phi_aria/description\n'}
[0.184620] (phi_aria) StdoutLine: {'line': b'-- Installing: /home/richard/ros2_ws/install/phi_aria/share/phi_aria/description/p3dx_meshes\n'}
[0.184841] (phi_aria) StdoutLine: {'line': b'-- Installing: /home/richard/ros2_ws/install/phi_aria/share/phi_aria/description/p3dx_meshes/caster_wheel.stl\n'}
[0.184958] (phi_aria) StdoutLine: {'line': b'-- Installing: /home/richard/ros2_ws/install/phi_aria/share/phi_aria/description/p3dx_meshes/back_sonar.stl\n'}
[0.185193] (phi_aria) StdoutLine: {'line': b'-- Installing: /home/richard/ros2_ws/install/phi_aria/share/phi_aria/description/p3dx_meshes/front_sonar.stl\n'}
[0.185642] (phi_aria) StdoutLine: {'line': b'-- Installing: /home/richard/ros2_ws/install/phi_aria/share/phi_aria/description/p3dx_meshes/caster_hubcap.stl\n'}
[0.185884] (phi_aria) StdoutLine: {'line': b'-- Installing: /home/richard/ros2_ws/install/phi_aria/share/phi_aria/description/p3dx_meshes/chassis.stl\n'}
[0.186101] (phi_aria) StdoutLine: {'line': b'-- Installing: /home/richard/ros2_ws/install/phi_aria/share/phi_aria/description/p3dx_meshes/back_rim.stl\n'}
[0.191627] (phi_aria) StdoutLine: {'line': b'-- Installing: /home/richard/ros2_ws/install/phi_aria/share/phi_aria/description/p3dx_meshes/caster_swivel.stl\n'}
[0.191915] (phi_aria) StdoutLine: {'line': b'-- Installing: /home/richard/ros2_ws/install/phi_aria/share/phi_aria/description/p3dx_meshes/right_hubcap.stl\n'}
[0.192049] (phi_aria) StdoutLine: {'line': b'-- Installing: /home/richard/ros2_ws/install/phi_aria/share/phi_aria/description/p3dx_meshes/top.stl\n'}
[0.193943] (phi_aria) StdoutLine: {'line': b'-- Installing: /home/richard/ros2_ws/install/phi_aria/share/phi_aria/description/p3dx_meshes/left_wheel.stl\n'}
[0.194067] (phi_aria) StdoutLine: {'line': b'-- Installing: /home/richard/ros2_ws/install/phi_aria/share/phi_aria/description/p3dx_meshes/front_rim.stl\n'}
[0.194155] (phi_aria) StdoutLine: {'line': b'-- Installing: /home/richard/ros2_ws/install/phi_aria/share/phi_aria/description/p3dx_meshes/right_wheel.stl\n'}
[0.194236] (phi_aria) StdoutLine: {'line': b'-- Installing: /home/richard/ros2_ws/install/phi_aria/share/phi_aria/description/p3dx_meshes/left_hubcap.stl\n'}
[0.194313] (phi_aria) StdoutLine: {'line': b'-- Installing: /home/richard/ros2_ws/install/phi_aria/share/phi_aria/description/urdf\n'}
[0.194388] (phi_aria) StdoutLine: {'line': b'-- Installing: /home/richard/ros2_ws/install/phi_aria/share/phi_aria/description/urdf/p3dx.urdf.xacro\n'}
[0.196298] (phi_aria) StdoutLine: {'line': b'-- Installing: /home/richard/ros2_ws/install/phi_aria/share/phi_aria/description/urdf/pioneer3dx_wheel.xacro\n'}
[0.196459] (phi_aria) StdoutLine: {'line': b'-- Installing: /home/richard/ros2_ws/install/phi_aria/share/phi_aria/description/urdf/common.xacro\n'}
[0.196701] (phi_aria) StdoutLine: {'line': b'-- Installing: /home/richard/ros2_ws/install/phi_aria/share/phi_aria/description/urdf/sick_lms100.urdf.xacro\n'}
[0.197074] (phi_aria) StdoutLine: {'line': b'-- Installing: /home/richard/ros2_ws/install/phi_aria/share/phi_aria/description/sensors_meshes\n'}
[0.197192] (phi_aria) StdoutLine: {'line': b'-- Installing: /home/richard/ros2_ws/install/phi_aria/share/phi_aria/description/sensors_meshes/sick_lms100.stl\n'}
[0.197743] (phi_aria) StdoutLine: {'line': b'-- Installing: /home/richard/ros2_ws/install/phi_aria/share/ament_index/resource_index/package_run_dependencies/phi_aria\n'}
[0.198189] (phi_aria) StdoutLine: {'line': b'-- Installing: /home/richard/ros2_ws/install/phi_aria/share/ament_index/resource_index/parent_prefix_path/phi_aria\n'}
[0.198885] (phi_aria) StdoutLine: {'line': b'-- Installing: /home/richard/ros2_ws/install/phi_aria/share/phi_aria/environment/ament_prefix_path.sh\n'}
[0.199099] (phi_aria) StdoutLine: {'line': b'-- Installing: /home/richard/ros2_ws/install/phi_aria/share/phi_aria/environment/ament_prefix_path.dsv\n'}
[0.201142] (phi_aria) StdoutLine: {'line': b'-- Installing: /home/richard/ros2_ws/install/phi_aria/share/phi_aria/environment/path.sh\n'}
[0.201316] (phi_aria) StdoutLine: {'line': b'-- Installing: /home/richard/ros2_ws/install/phi_aria/share/phi_aria/environment/path.dsv\n'}
[0.204040] (-) TimerEvent: {}
[0.204175] (phi_aria) StdoutLine: {'line': b'-- Installing: /home/richard/ros2_ws/install/phi_aria/share/phi_aria/local_setup.bash\n'}
[0.204292] (phi_aria) StdoutLine: {'line': b'-- Installing: /home/richard/ros2_ws/install/phi_aria/share/phi_aria/local_setup.sh\n'}
[0.204375] (phi_aria) StdoutLine: {'line': b'-- Installing: /home/richard/ros2_ws/install/phi_aria/share/phi_aria/local_setup.zsh\n'}
[0.204461] (phi_aria) StdoutLine: {'line': b'-- Installing: /home/richard/ros2_ws/install/phi_aria/share/phi_aria/local_setup.dsv\n'}
[0.204535] (phi_aria) StdoutLine: {'line': b'-- Installing: /home/richard/ros2_ws/install/phi_aria/share/phi_aria/package.dsv\n'}
[0.204608] (phi_aria) StdoutLine: {'line': b'-- Installing: /home/richard/ros2_ws/install/phi_aria/share/ament_index/resource_index/packages/phi_aria\n'}
[0.204681] (phi_aria) StdoutLine: {'line': b'-- Installing: /home/richard/ros2_ws/install/phi_aria/share/phi_aria/cmake/phi_ariaConfig.cmake\n'}
[0.204754] (phi_aria) StdoutLine: {'line': b'-- Installing: /home/richard/ros2_ws/install/phi_aria/share/phi_aria/cmake/phi_ariaConfig-version.cmake\n'}
[0.205904] (phi_aria) StdoutLine: {'line': b'-- Installing: /home/richard/ros2_ws/install/phi_aria/share/phi_aria/package.xml\n'}
[0.207534] (phi_aria) CommandEnded: {'returncode': 0}
[0.223457] (turtlesim) StdoutLine: {'line': b'[ 32%] Built target turtlesim__rosidl_typesupport_fastrtps_c\n'}
[0.234080] (turtlesim) StdoutLine: {'line': b'[ 41%] Built target turtlesim__rosidl_typesupport_cpp\n'}
[0.241735] (turtlesim) StdoutLine: {'line': b'[ 50%] Built target turtlesim__rosidl_typesupport_fastrtps_cpp\n'}
[0.262172] (phi_aria) JobEnded: {'identifier': 'phi_aria', 'rc': 0}
[0.280956] (turtlesim) StdoutLine: {'line': b'[ 59%] Built target turtlesim__rosidl_typesupport_introspection_c\n'}
[0.293835] (turtlesim) StdoutLine: {'line': b'[ 68%] Built target turtlesim__rosidl_typesupport_c\n'}
[0.294950] (turtlesim) StdoutLine: {'line': b'[ 76%] Built target turtlesim__rosidl_typesupport_introspection_cpp\n'}
[0.304171] (-) TimerEvent: {}
[0.332947] (turtlesim) StdoutLine: {'line': b'[ 81%] Built target turtlesim_node\n'}
[0.374001] (turtlesim) StdoutLine: {'line': b'[ 82%] Built target draw_square\n'}
[0.375680] (turtlesim) StdoutLine: {'line': b'[ 84%] Built target turtle_teleop_key\n'}
[0.381453] (turtlesim) StdoutLine: {'line': b'[ 86%] Built target mimic\n'}
[0.400437] (turtlesim) StdoutLine: {'line': b'[ 86%] Built target turtlesim\n'}
[0.404320] (-) TimerEvent: {}
[0.444407] (turtlesim) StdoutLine: {'line': b'[ 86%] Built target turtlesim__py\n'}
[0.491766] (turtlesim) StdoutLine: {'line': b'[ 94%] Built target turtlesim__rosidl_generator_py\n'}
[0.504455] (-) TimerEvent: {}
[0.548043] (turtlesim) StdoutLine: {'line': b'[ 96%] Built target turtlesim_s__rosidl_typesupport_c\n'}
[0.553935] (turtlesim) StdoutLine: {'line': b'[ 98%] Built target turtlesim_s__rosidl_typesupport_fastrtps_c\n'}
[0.555533] (turtlesim) StdoutLine: {'line': b'running egg_info\n'}
[0.559493] (turtlesim) StdoutLine: {'line': b'[100%] Built target turtlesim_s__rosidl_typesupport_introspection_c\n'}
[0.583839] (turtlesim) StdoutLine: {'line': b'writing turtlesim.egg-info/PKG-INFO\n'}
[0.584122] (turtlesim) StdoutLine: {'line': b'writing dependency_links to turtlesim.egg-info/dependency_links.txt\n'}
[0.584388] (turtlesim) StdoutLine: {'line': b'writing top-level names to turtlesim.egg-info/top_level.txt\n'}
[0.604871] (-) TimerEvent: {}
[0.665384] (turtlesim) StdoutLine: {'line': b"reading manifest file 'turtlesim.egg-info/SOURCES.txt'\n"}
[0.666651] (turtlesim) StdoutLine: {'line': b"writing manifest file 'turtlesim.egg-info/SOURCES.txt'\n"}
[0.697034] (turtlesim) StdoutLine: {'line': b'[100%] Built target ament_cmake_python_build_turtlesim_egg\n'}
[0.706072] (-) TimerEvent: {}
[0.716190] (turtlesim) CommandEnded: {'returncode': 0}
[0.716869] (turtlesim) JobProgress: {'identifier': 'turtlesim', 'progress': 'install'}
[0.717121] (turtlesim) Command: {'cmd': ['/usr/bin/cmake', '--install', '/home/richard/ros2_ws/build/turtlesim'], 'cwd': '/home/richard/ros2_ws/build/turtlesim', 'env': OrderedDict({'LESSOPEN': '| /usr/bin/lesspipe %s', 'USER': 'richard', 'XDG_SESSION_TYPE': 'wayland', 'CLUTTER_DISABLE_MIPMAPPED_TEXT': '1', 'SHLVL': '1', 'LD_LIBRARY_PATH': '/opt/ros/jazzy/opt/rviz_ogre_vendor/lib:/opt/ros/jazzy/lib/x86_64-linux-gnu:/opt/ros/jazzy/opt/gz_math_vendor/lib:/opt/ros/jazzy/opt/gz_utils_vendor/lib:/opt/ros/jazzy/opt/gz_cmake_vendor/lib:/opt/ros/jazzy/lib::/usr/local/Aria/lib:/usr/local/Aria/lib', 'HOME': '/home/richard', 'OLDPWD': '/home/richard', 'DESKTOP_SESSION': 'ubuntu', 'ROS_PYTHON_VERSION': '3', 'GNOME_SHELL_SESSION_MODE': 'ubuntu', 'GTK_MODULES': 'gail:atk-bridge', 'SYSTEMD_EXEC_PID': '2234', 'GSM_SKIP_SSH_AGENT_WORKAROUND': 'true', 'DBUS_SESSION_BUS_ADDRESS': 'unix:path=/run/user/1000/bus', 'COLORTERM': 'truecolor', 'DEBUGINFOD_URLS': 'https://debuginfod.ubuntu.com', 'IM_CONFIG_PHASE': '1', 'WAYLAND_DISPLAY': 'wayland-0', 'COLCON_PREFIX_PATH': '/home/richard/ros2_ws/install', 'ROS_DISTRO': 'jazzy', 'LOGNAME': 'richard', '_': '/usr/bin/colcon', 'ROS_VERSION': '2', 'MEMORY_PRESSURE_WATCH': '/sys/fs/cgroup/user.slice/user-1000.slice/user@1000.service/session.slice/org.gnome.Shell@wayland.service/memory.pressure', 'XDG_SESSION_CLASS': 'user', 'USERNAME': 'richard', 'TERM': 'xterm-256color', 'GNOME_DESKTOP_SESSION_ID': 'this-is-deprecated', 'PATH': '/opt/ros/jazzy/bin:/usr/local/sbin:/usr/local/bin:/usr/sbin:/usr/bin:/sbin:/bin:/usr/games:/usr/local/games:/snap/bin:/snap/bin', 'SESSION_MANAGER': 'local/richard-VirtualBox:@/tmp/.ICE-unix/2198,unix/richard-VirtualBox:/tmp/.ICE-unix/2198', 'XDG_MENU_PREFIX': 'gnome-', 'GNOME_TERMINAL_SCREEN': '/org/gnome/Terminal/screen/a549118f_771a_4d4d_9c43_23cf04201502', 'GNOME_SETUP_DISPLAY': ':1', 'XDG_RUNTIME_DIR': '/run/user/1000', 'DISPLAY': ':0', 'LANG': 'pt_BR.UTF-8', 'XDG_CURRENT_DESKTOP': 'ubuntu:GNOME', 'XMODIFIERS': '@im=ibus', 'XDG_SESSION_DESKTOP': 'ubuntu', 'XAUTHORITY': '/run/user/1000/.mutter-Xwaylandauth.Z10FJ3', 'LS_COLORS': 'rs=0:di=01;34:ln=01;36:mh=00:pi=40;33:so=01;35:do=01;35:bd=40;33;01:cd=40;33;01:or=40;31;01:mi=00:su=37;41:sg=30;43:ca=00:tw=30;42:ow=34;42:st=37;44:ex=01;32:*.tar=01;31:*.tgz=01;31:*.arc=01;31:*.arj=01;31:*.taz=01;31:*.lha=01;31:*.lz4=01;31:*.lzh=01;31:*.lzma=01;31:*.tlz=01;31:*.txz=01;31:*.tzo=01;31:*.t7z=01;31:*.zip=01;31:*.z=01;31:*.dz=01;31:*.gz=01;31:*.lrz=01;31:*.lz=01;31:*.lzo=01;31:*.xz=01;31:*.zst=01;31:*.tzst=01;31:*.bz2=01;31:*.bz=01;31:*.tbz=01;31:*.tbz2=01;31:*.tz=01;31:*.deb=01;31:*.rpm=01;31:*.jar=01;31:*.war=01;31:*.ear=01;31:*.sar=01;31:*.rar=01;31:*.alz=01;31:*.ace=01;31:*.zoo=01;31:*.cpio=01;31:*.7z=01;31:*.rz=01;31:*.cab=01;31:*.wim=01;31:*.swm=01;31:*.dwm=01;31:*.esd=01;31:*.avif=01;35:*.jpg=01;35:*.jpeg=01;35:*.mjpg=01;35:*.mjpeg=01;35:*.gif=01;35:*.bmp=01;35:*.pbm=01;35:*.pgm=01;35:*.ppm=01;35:*.tga=01;35:*.xbm=01;35:*.xpm=01;35:*.tif=01;35:*.tiff=01;35:*.png=01;35:*.svg=01;35:*.svgz=01;35:*.mng=01;35:*.pcx=01;35:*.mov=01;35:*.mpg=01;35:*.mpeg=01;35:*.m2v=01;35:*.mkv=01;35:*.webm=01;35:*.webp=01;35:*.ogm=01;35:*.mp4=01;35:*.m4v=01;35:*.mp4v=01;35:*.vob=01;35:*.qt=01;35:*.nuv=01;35:*.wmv=01;35:*.asf=01;35:*.rm=01;35:*.rmvb=01;35:*.flc=01;35:*.avi=01;35:*.fli=01;35:*.flv=01;35:*.gl=01;35:*.dl=01;35:*.xcf=01;35:*.xwd=01;35:*.yuv=01;35:*.cgm=01;35:*.emf=01;35:*.ogv=01;35:*.ogx=01;35:*.aac=00;36:*.au=00;36:*.flac=00;36:*.m4a=00;36:*.mid=00;36:*.midi=00;36:*.mka=00;36:*.mp3=00;36:*.mpc=00;36:*.ogg=00;36:*.ra=00;36:*.wav=00;36:*.oga=00;36:*.opus=00;36:*.spx=00;36:*.xspf=00;36:*~=00;90:*#=00;90:*.bak=00;90:*.crdownload=00;90:*.dpkg-dist=00;90:*.dpkg-new=00;90:*.dpkg-old=00;90:*.dpkg-tmp=00;90:*.old=00;90:*.orig=00;90:*.part=00;90:*.rej=00;90:*.rpmnew=00;90:*.rpmorig=00;90:*.rpmsave=00;90:*.swp=00;90:*.tmp=00;90:*.ucf-dist=00;90:*.ucf-new=00;90:*.ucf-old=00;90:', 'GNOME_TERMINAL_SERVICE': ':1.153', 'SSH_AUTH_SOCK': '/run/user/1000/keyring/ssh', 'AMENT_PREFIX_PATH': '/opt/ros/jazzy', 'SHELL': '/bin/bash', 'QT_ACCESSIBILITY': '1', 'GDMSESSION': 'ubuntu', 'LESSCLOSE': '/usr/bin/lesspipe %s %s', 'ROS_AUTOMATIC_DISCOVERY_RANGE': 'SUBNET', 'QT_IM_MODULE': 'ibus', 'PWD': '/home/richard/ros2_ws/build/turtlesim', 'XDG_CONFIG_DIRS': '/etc/xdg/xdg-ubuntu:/etc/xdg', 'XDG_DATA_DIRS': '/usr/share/ubuntu:/usr/share/gnome:/usr/local/share/:/usr/share/:/var/lib/snapd/desktop', 'PYTHONPATH': '/opt/ros/jazzy/lib/python3.12/site-packages', 'COLCON': '1', 'MEMORY_PRESSURE_WRITE': 'c29tZSAyMDAwMDAgMjAwMDAwMAA=', 'VTE_VERSION': '7600', 'CMAKE_PREFIX_PATH': '/opt/ros/jazzy/opt/gz_math_vendor:/opt/ros/jazzy/opt/gz_utils_vendor:/opt/ros/jazzy/opt/gz_cmake_vendor:/opt/ros/jazzy'}), 'shell': False}
[0.727345] (turtlesim) StdoutLine: {'line': b'-- Install configuration: ""\n'}
[0.727960] (turtlesim) StdoutLine: {'line': b'-- Installing: /home/richard/ros2_ws/install/turtlesim/share/ament_index/resource_index/rosidl_interfaces/turtlesim\n'}
[0.728537] (turtlesim) StdoutLine: {'line': b'-- Installing: /home/richard/ros2_ws/install/turtlesim/share/turtlesim/action/RotateAbsolute.json\n'}
[0.729178] (turtlesim) StdoutLine: {'line': b'-- Installing: /home/richard/ros2_ws/install/turtlesim/share/turtlesim/msg/Color.json\n'}
[0.729487] (turtlesim) StdoutLine: {'line': b'-- Installing: /home/richard/ros2_ws/install/turtlesim/share/turtlesim/msg/Pose.json\n'}
[0.730022] (turtlesim) StdoutLine: {'line': b'-- Installing: /home/richard/ros2_ws/install/turtlesim/share/turtlesim/srv/Kill.json\n'}
[0.730181] (turtlesim) StdoutLine: {'line': b'-- Installing: /home/richard/ros2_ws/install/turtlesim/share/turtlesim/srv/SetPen.json\n'}
[0.730459] (turtlesim) StdoutLine: {'line': b'-- Installing: /home/richard/ros2_ws/install/turtlesim/share/turtlesim/srv/Spawn.json\n'}
[0.730783] (turtlesim) StdoutLine: {'line': b'-- Installing: /home/richard/ros2_ws/install/turtlesim/share/turtlesim/srv/TeleportAbsolute.json\n'}
[0.731413] (turtlesim) StdoutLine: {'line': b'-- Installing: /home/richard/ros2_ws/install/turtlesim/share/turtlesim/srv/TeleportRelative.json\n'}
[0.731708] (turtlesim) StdoutLine: {'line': b'-- Installing: /home/richard/ros2_ws/install/turtlesim/include/turtlesim/turtlesim\n'}
[0.731990] (turtlesim) StdoutLine: {'line': b'-- Installing: /home/richard/ros2_ws/install/turtlesim/include/turtlesim/turtlesim/srv\n'}
[0.732366] (turtlesim) StdoutLine: {'line': b'-- Installing: /home/richard/ros2_ws/install/turtlesim/include/turtlesim/turtlesim/srv/teleport_relative.h\n'}
[0.732498] (turtlesim) StdoutLine: {'line': b'-- Installing: /home/richard/ros2_ws/install/turtlesim/include/turtlesim/turtlesim/srv/kill.h\n'}
[0.732871] (turtlesim) StdoutLine: {'line': b'-- Installing: /home/richard/ros2_ws/install/turtlesim/include/turtlesim/turtlesim/srv/teleport_absolute.h\n'}
[0.732968] (turtlesim) StdoutLine: {'line': b'-- Installing: /home/richard/ros2_ws/install/turtlesim/include/turtlesim/turtlesim/srv/spawn.h\n'}
[0.733335] (turtlesim) StdoutLine: {'line': b'-- Installing: /home/richard/ros2_ws/install/turtlesim/include/turtlesim/turtlesim/srv/set_pen.h\n'}
[0.733439] (turtlesim) StdoutLine: {'line': b'-- Installing: /home/richard/ros2_ws/install/turtlesim/include/turtlesim/turtlesim/srv/detail\n'}
[0.733828] (turtlesim) StdoutLine: {'line': b'-- Installing: /home/richard/ros2_ws/install/turtlesim/include/turtlesim/turtlesim/srv/detail/teleport_absolute__struct.h\n'}
[0.733935] (turtlesim) StdoutLine: {'line': b'-- Installing: /home/richard/ros2_ws/install/turtlesim/include/turtlesim/turtlesim/srv/detail/teleport_relative__functions.h\n'}
[0.734185] (turtlesim) StdoutLine: {'line': b'-- Installing: /home/richard/ros2_ws/install/turtlesim/include/turtlesim/turtlesim/srv/detail/teleport_absolute__functions.c\n'}
[0.734450] (turtlesim) StdoutLine: {'line': b'-- Installing: /home/richard/ros2_ws/install/turtlesim/include/turtlesim/turtlesim/srv/detail/kill__type_support.h\n'}
[0.734689] (turtlesim) StdoutLine: {'line': b'-- Installing: /home/richard/ros2_ws/install/turtlesim/include/turtlesim/turtlesim/srv/detail/teleport_absolute__type_support.h\n'}
[0.735121] (turtlesim) StdoutLine: {'line': b'-- Installing: /home/richard/ros2_ws/install/turtlesim/include/turtlesim/turtlesim/srv/detail/spawn__type_support.c\n'}
[0.735219] (turtlesim) StdoutLine: {'line': b'-- Installing: /home/richard/ros2_ws/install/turtlesim/include/turtlesim/turtlesim/srv/detail/teleport_absolute__type_support.c\n'}
[0.735527] (turtlesim) StdoutLine: {'line': b'-- Installing: /home/richard/ros2_ws/install/turtlesim/include/turtlesim/turtlesim/srv/detail/set_pen__functions.h\n'}
[0.735818] (turtlesim) StdoutLine: {'line': b'-- Installing: /home/richard/ros2_ws/install/turtlesim/include/turtlesim/turtlesim/srv/detail/teleport_relative__type_support.c\n'}
[0.736066] (turtlesim) StdoutLine: {'line': b'-- Installing: /home/richard/ros2_ws/install/turtlesim/include/turtlesim/turtlesim/srv/detail/kill__struct.h\n'}
[0.736318] (turtlesim) StdoutLine: {'line': b'-- Installing: /home/richard/ros2_ws/install/turtlesim/include/turtlesim/turtlesim/srv/detail/teleport_relative__struct.h\n'}
[0.736654] (turtlesim) StdoutLine: {'line': b'-- Installing: /home/richard/ros2_ws/install/turtlesim/include/turtlesim/turtlesim/srv/detail/spawn__functions.c\n'}
[0.737046] (turtlesim) StdoutLine: {'line': b'-- Installing: /home/richard/ros2_ws/install/turtlesim/include/turtlesim/turtlesim/srv/detail/set_pen__type_support.c\n'}
[0.737288] (turtlesim) StdoutLine: {'line': b'-- Installing: /home/richard/ros2_ws/install/turtlesim/include/turtlesim/turtlesim/srv/detail/spawn__type_support.h\n'}
[0.737547] (turtlesim) StdoutLine: {'line': b'-- Installing: /home/richard/ros2_ws/install/turtlesim/include/turtlesim/turtlesim/srv/detail/spawn__description.c\n'}
[0.737823] (turtlesim) StdoutLine: {'line': b'-- Installing: /home/richard/ros2_ws/install/turtlesim/include/turtlesim/turtlesim/srv/detail/teleport_absolute__description.c\n'}
[0.738081] (turtlesim) StdoutLine: {'line': b'-- Installing: /home/richard/ros2_ws/install/turtlesim/include/turtlesim/turtlesim/srv/detail/set_pen__description.c\n'}
[0.738327] (turtlesim) StdoutLine: {'line': b'-- Installing: /home/richard/ros2_ws/install/turtlesim/include/turtlesim/turtlesim/srv/detail/spawn__struct.h\n'}
[0.738623] (turtlesim) StdoutLine: {'line': b'-- Installing: /home/richard/ros2_ws/install/turtlesim/include/turtlesim/turtlesim/srv/detail/teleport_relative__functions.c\n'}
[0.739028] (turtlesim) StdoutLine: {'line': b'-- Installing: /home/richard/ros2_ws/install/turtlesim/include/turtlesim/turtlesim/srv/detail/kill__type_support.c\n'}
[0.739477] (turtlesim) StdoutLine: {'line': b'-- Installing: /home/richard/ros2_ws/install/turtlesim/include/turtlesim/turtlesim/srv/detail/teleport_relative__description.c\n'}
[0.739891] (turtlesim) StdoutLine: {'line': b'-- Installing: /home/richard/ros2_ws/install/turtlesim/include/turtlesim/turtlesim/srv/detail/set_pen__type_support.h\n'}
[0.740159] (turtlesim) StdoutLine: {'line': b'-- Installing: /home/richard/ros2_ws/install/turtlesim/include/turtlesim/turtlesim/srv/detail/teleport_relative__type_support.h\n'}
[0.740418] (turtlesim) StdoutLine: {'line': b'-- Installing: /home/richard/ros2_ws/install/turtlesim/include/turtlesim/turtlesim/srv/detail/set_pen__functions.c\n'}
[0.740760] (turtlesim) StdoutLine: {'line': b'-- Installing: /home/richard/ros2_ws/install/turtlesim/include/turtlesim/turtlesim/srv/detail/teleport_absolute__functions.h\n'}
[0.741068] (turtlesim) StdoutLine: {'line': b'-- Installing: /home/richard/ros2_ws/install/turtlesim/include/turtlesim/turtlesim/srv/detail/spawn__functions.h\n'}
[0.741341] (turtlesim) StdoutLine: {'line': b'-- Installing: /home/richard/ros2_ws/install/turtlesim/include/turtlesim/turtlesim/srv/detail/kill__functions.c\n'}
[0.741580] (turtlesim) StdoutLine: {'line': b'-- Installing: /home/richard/ros2_ws/install/turtlesim/include/turtlesim/turtlesim/srv/detail/set_pen__struct.h\n'}
[0.741825] (turtlesim) StdoutLine: {'line': b'-- Installing: /home/richard/ros2_ws/install/turtlesim/include/turtlesim/turtlesim/srv/detail/kill__functions.h\n'}
[0.742223] (turtlesim) StdoutLine: {'line': b'-- Installing: /home/richard/ros2_ws/install/turtlesim/include/turtlesim/turtlesim/srv/detail/kill__description.c\n'}
[0.742517] (turtlesim) StdoutLine: {'line': b'-- Installing: /home/richard/ros2_ws/install/turtlesim/include/turtlesim/turtlesim/action\n'}
[0.742967] (turtlesim) StdoutLine: {'line': b'-- Installing: /home/richard/ros2_ws/install/turtlesim/include/turtlesim/turtlesim/action/rotate_absolute.h\n'}
[0.743483] (turtlesim) StdoutLine: {'line': b'-- Installing: /home/richard/ros2_ws/install/turtlesim/include/turtlesim/turtlesim/action/detail\n'}
[0.743601] (turtlesim) StdoutLine: {'line': b'-- Installing: /home/richard/ros2_ws/install/turtlesim/include/turtlesim/turtlesim/action/detail/rotate_absolute__type_support.h\n'}
[0.744135] (turtlesim) StdoutLine: {'line': b'-- Installing: /home/richard/ros2_ws/install/turtlesim/include/turtlesim/turtlesim/action/detail/rotate_absolute__struct.h\n'}
[0.744264] (turtlesim) StdoutLine: {'line': b'-- Installing: /home/richard/ros2_ws/install/turtlesim/include/turtlesim/turtlesim/action/detail/rotate_absolute__functions.h\n'}
[0.744548] (turtlesim) StdoutLine: {'line': b'-- Installing: /home/richard/ros2_ws/install/turtlesim/include/turtlesim/turtlesim/action/detail/rotate_absolute__type_support.c\n'}
[0.744971] (turtlesim) StdoutLine: {'line': b'-- Installing: /home/richard/ros2_ws/install/turtlesim/include/turtlesim/turtlesim/action/detail/rotate_absolute__description.c\n'}
[0.745143] (turtlesim) StdoutLine: {'line': b'-- Installing: /home/richard/ros2_ws/install/turtlesim/include/turtlesim/turtlesim/action/detail/rotate_absolute__functions.c\n'}
[0.745487] (turtlesim) StdoutLine: {'line': b'-- Installing: /home/richard/ros2_ws/install/turtlesim/include/turtlesim/turtlesim/msg\n'}
[0.745741] (turtlesim) StdoutLine: {'line': b'-- Installing: /home/richard/ros2_ws/install/turtlesim/include/turtlesim/turtlesim/msg/rosidl_generator_c__visibility_control.h\n'}
[0.746127] (turtlesim) StdoutLine: {'line': b'-- Installing: /home/richard/ros2_ws/install/turtlesim/include/turtlesim/turtlesim/msg/pose.h\n'}
[0.746588] (turtlesim) StdoutLine: {'line': b'-- Installing: /home/richard/ros2_ws/install/turtlesim/include/turtlesim/turtlesim/msg/color.h\n'}
[0.747106] (turtlesim) StdoutLine: {'line': b'-- Installing: /home/richard/ros2_ws/install/turtlesim/include/turtlesim/turtlesim/msg/detail\n'}
[0.747228] (turtlesim) StdoutLine: {'line': b'-- Installing: /home/richard/ros2_ws/install/turtlesim/include/turtlesim/turtlesim/msg/detail/color__functions.c\n'}
[0.747641] (turtlesim) StdoutLine: {'line': b'-- Installing: /home/richard/ros2_ws/install/turtlesim/include/turtlesim/turtlesim/msg/detail/color__struct.h\n'}
[0.747761] (turtlesim) StdoutLine: {'line': b'-- Installing: /home/richard/ros2_ws/install/turtlesim/include/turtlesim/turtlesim/msg/detail/pose__functions.c\n'}
[0.748315] (turtlesim) StdoutLine: {'line': b'-- Installing: /home/richard/ros2_ws/install/turtlesim/include/turtlesim/turtlesim/msg/detail/pose__functions.h\n'}
[0.748459] (turtlesim) StdoutLine: {'line': b'-- Installing: /home/richard/ros2_ws/install/turtlesim/include/turtlesim/turtlesim/msg/detail/pose__type_support.c\n'}
[0.748536] (turtlesim) StdoutLine: {'line': b'-- Installing: /home/richard/ros2_ws/install/turtlesim/include/turtlesim/turtlesim/msg/detail/pose__type_support.h\n'}
[0.748961] (turtlesim) StdoutLine: {'line': b'-- Installing: /home/richard/ros2_ws/install/turtlesim/include/turtlesim/turtlesim/msg/detail/color__description.c\n'}
[0.749065] (turtlesim) StdoutLine: {'line': b'-- Installing: /home/richard/ros2_ws/install/turtlesim/include/turtlesim/turtlesim/msg/detail/color__functions.h\n'}
[0.749317] (turtlesim) StdoutLine: {'line': b'-- Installing: /home/richard/ros2_ws/install/turtlesim/include/turtlesim/turtlesim/msg/detail/color__type_support.c\n'}
[0.749855] (turtlesim) StdoutLine: {'line': b'-- Installing: /home/richard/ros2_ws/install/turtlesim/include/turtlesim/turtlesim/msg/detail/pose__struct.h\n'}
[0.750041] (turtlesim) StdoutLine: {'line': b'-- Installing: /home/richard/ros2_ws/install/turtlesim/include/turtlesim/turtlesim/msg/detail/color__type_support.h\n'}
[0.750294] (turtlesim) StdoutLine: {'line': b'-- Installing: /home/richard/ros2_ws/install/turtlesim/include/turtlesim/turtlesim/msg/detail/pose__description.c\n'}
[0.750691] (turtlesim) StdoutLine: {'line': b'-- Installing: /home/richard/ros2_ws/install/turtlesim/share/turtlesim/environment/library_path.sh\n'}
[0.751524] (turtlesim) StdoutLine: {'line': b'-- Installing: /home/richard/ros2_ws/install/turtlesim/share/turtlesim/environment/library_path.dsv\n'}
[0.752004] (turtlesim) StdoutLine: {'line': b'-- Installing: /home/richard/ros2_ws/install/turtlesim/lib/libturtlesim__rosidl_generator_c.so\n'}
[0.752799] (turtlesim) StdoutLine: {'line': b'-- Set non-toolchain portion of runtime path of "/home/richard/ros2_ws/install/turtlesim/lib/libturtlesim__rosidl_generator_c.so" to ""\n'}
[0.753058] (turtlesim) StdoutLine: {'line': b'-- Up-to-date: /home/richard/ros2_ws/install/turtlesim/include/turtlesim/turtlesim\n'}
[0.753313] (turtlesim) StdoutLine: {'line': b'-- Up-to-date: /home/richard/ros2_ws/install/turtlesim/include/turtlesim/turtlesim/srv\n'}
[0.753509] (turtlesim) StdoutLine: {'line': b'-- Up-to-date: /home/richard/ros2_ws/install/turtlesim/include/turtlesim/turtlesim/srv/detail\n'}
[0.753700] (turtlesim) StdoutLine: {'line': b'-- Installing: /home/richard/ros2_ws/install/turtlesim/include/turtlesim/turtlesim/srv/detail/kill__rosidl_typesupport_fastrtps_c.h\n'}
[0.754018] (turtlesim) StdoutLine: {'line': b'-- Installing: /home/richard/ros2_ws/install/turtlesim/include/turtlesim/turtlesim/srv/detail/teleport_relative__rosidl_typesupport_fastrtps_c.h\n'}
[0.754279] (turtlesim) StdoutLine: {'line': b'-- Installing: /home/richard/ros2_ws/install/turtlesim/include/turtlesim/turtlesim/srv/detail/set_pen__rosidl_typesupport_fastrtps_c.h\n'}
[0.754553] (turtlesim) StdoutLine: {'line': b'-- Installing: /home/richard/ros2_ws/install/turtlesim/include/turtlesim/turtlesim/srv/detail/teleport_absolute__rosidl_typesupport_fastrtps_c.h\n'}
[0.754840] (turtlesim) StdoutLine: {'line': b'-- Installing: /home/richard/ros2_ws/install/turtlesim/include/turtlesim/turtlesim/srv/detail/spawn__rosidl_typesupport_fastrtps_c.h\n'}
[0.755171] (turtlesim) StdoutLine: {'line': b'-- Up-to-date: /home/richard/ros2_ws/install/turtlesim/include/turtlesim/turtlesim/action\n'}
[0.755493] (turtlesim) StdoutLine: {'line': b'-- Up-to-date: /home/richard/ros2_ws/install/turtlesim/include/turtlesim/turtlesim/action/detail\n'}
[0.755602] (turtlesim) StdoutLine: {'line': b'-- Installing: /home/richard/ros2_ws/install/turtlesim/include/turtlesim/turtlesim/action/detail/rotate_absolute__rosidl_typesupport_fastrtps_c.h\n'}
[0.755891] (turtlesim) StdoutLine: {'line': b'-- Up-to-date: /home/richard/ros2_ws/install/turtlesim/include/turtlesim/turtlesim/msg\n'}
[0.755987] (turtlesim) StdoutLine: {'line': b'-- Installing: /home/richard/ros2_ws/install/turtlesim/include/turtlesim/turtlesim/msg/rosidl_typesupport_fastrtps_c__visibility_control.h\n'}
[0.756465] (turtlesim) StdoutLine: {'line': b'-- Up-to-date: /home/richard/ros2_ws/install/turtlesim/include/turtlesim/turtlesim/msg/detail\n'}
[0.756586] (turtlesim) StdoutLine: {'line': b'-- Installing: /home/richard/ros2_ws/install/turtlesim/include/turtlesim/turtlesim/msg/detail/pose__rosidl_typesupport_fastrtps_c.h\n'}
[0.756661] (turtlesim) StdoutLine: {'line': b'-- Installing: /home/richard/ros2_ws/install/turtlesim/include/turtlesim/turtlesim/msg/detail/color__rosidl_typesupport_fastrtps_c.h\n'}
[0.757358] (turtlesim) StdoutLine: {'line': b'-- Installing: /home/richard/ros2_ws/install/turtlesim/lib/libturtlesim__rosidl_typesupport_fastrtps_c.so\n'}
[0.757521] (turtlesim) StdoutLine: {'line': b'-- Set non-toolchain portion of runtime path of "/home/richard/ros2_ws/install/turtlesim/lib/libturtlesim__rosidl_typesupport_fastrtps_c.so" to ""\n'}
[0.757727] (turtlesim) StdoutLine: {'line': b'-- Up-to-date: /home/richard/ros2_ws/install/turtlesim/include/turtlesim/turtlesim\n'}
[0.757973] (turtlesim) StdoutLine: {'line': b'-- Up-to-date: /home/richard/ros2_ws/install/turtlesim/include/turtlesim/turtlesim/srv\n'}
[0.758172] (turtlesim) StdoutLine: {'line': b'-- Installing: /home/richard/ros2_ws/install/turtlesim/include/turtlesim/turtlesim/srv/spawn.hpp\n'}
[0.758454] (turtlesim) StdoutLine: {'line': b'-- Installing: /home/richard/ros2_ws/install/turtlesim/include/turtlesim/turtlesim/srv/kill.hpp\n'}
[0.758776] (turtlesim) StdoutLine: {'line': b'-- Installing: /home/richard/ros2_ws/install/turtlesim/include/turtlesim/turtlesim/srv/set_pen.hpp\n'}
[0.759098] (turtlesim) StdoutLine: {'line': b'-- Installing: /home/richard/ros2_ws/install/turtlesim/include/turtlesim/turtlesim/srv/teleport_absolute.hpp\n'}
[0.759442] (turtlesim) StdoutLine: {'line': b'-- Installing: /home/richard/ros2_ws/install/turtlesim/include/turtlesim/turtlesim/srv/teleport_relative.hpp\n'}
[0.759793] (turtlesim) StdoutLine: {'line': b'-- Up-to-date: /home/richard/ros2_ws/install/turtlesim/include/turtlesim/turtlesim/srv/detail\n'}
[0.759949] (turtlesim) StdoutLine: {'line': b'-- Installing: /home/richard/ros2_ws/install/turtlesim/include/turtlesim/turtlesim/srv/detail/spawn__type_support.hpp\n'}
[0.760111] (turtlesim) StdoutLine: {'line': b'-- Installing: /home/richard/ros2_ws/install/turtlesim/include/turtlesim/turtlesim/srv/detail/teleport_absolute__traits.hpp\n'}
[0.760333] (turtlesim) StdoutLine: {'line': b'-- Installing: /home/richard/ros2_ws/install/turtlesim/include/turtlesim/turtlesim/srv/detail/kill__builder.hpp\n'}
[0.760567] (turtlesim) StdoutLine: {'line': b'-- Installing: /home/richard/ros2_ws/install/turtlesim/include/turtlesim/turtlesim/srv/detail/set_pen__struct.hpp\n'}
[0.760753] (turtlesim) StdoutLine: {'line': b'-- Installing: /home/richard/ros2_ws/install/turtlesim/include/turtlesim/turtlesim/srv/detail/teleport_absolute__type_support.hpp\n'}
[0.761136] (turtlesim) StdoutLine: {'line': b'-- Installing: /home/richard/ros2_ws/install/turtlesim/include/turtlesim/turtlesim/srv/detail/teleport_absolute__builder.hpp\n'}
[0.761385] (turtlesim) StdoutLine: {'line': b'-- Installing: /home/richard/ros2_ws/install/turtlesim/include/turtlesim/turtlesim/srv/detail/set_pen__builder.hpp\n'}
[0.761633] (turtlesim) StdoutLine: {'line': b'-- Installing: /home/richard/ros2_ws/install/turtlesim/include/turtlesim/turtlesim/srv/detail/teleport_relative__traits.hpp\n'}
[0.762034] (turtlesim) StdoutLine: {'line': b'-- Installing: /home/richard/ros2_ws/install/turtlesim/include/turtlesim/turtlesim/srv/detail/spawn__builder.hpp\n'}
[0.762146] (turtlesim) StdoutLine: {'line': b'-- Installing: /home/richard/ros2_ws/install/turtlesim/include/turtlesim/turtlesim/srv/detail/spawn__traits.hpp\n'}
[0.765731] (turtlesim) StdoutLine: {'line': b'-- Installing: /home/richard/ros2_ws/install/turtlesim/include/turtlesim/turtlesim/srv/detail/set_pen__type_support.hpp\n'}
[0.767494] (turtlesim) StdoutLine: {'line': b'-- Installing: /home/richard/ros2_ws/install/turtlesim/include/turtlesim/turtlesim/srv/detail/kill__traits.hpp\n'}
[0.767876] (turtlesim) StdoutLine: {'line': b'-- Installing: /home/richard/ros2_ws/install/turtlesim/include/turtlesim/turtlesim/srv/detail/kill__struct.hpp\n'}
[0.768290] (turtlesim) StdoutLine: {'line': b'-- Installing: /home/richard/ros2_ws/install/turtlesim/include/turtlesim/turtlesim/srv/detail/teleport_relative__type_support.hpp\n'}
[0.768471] (turtlesim) StdoutLine: {'line': b'-- Installing: /home/richard/ros2_ws/install/turtlesim/include/turtlesim/turtlesim/srv/detail/teleport_absolute__struct.hpp\n'}
[0.768703] (turtlesim) StdoutLine: {'line': b'-- Installing: /home/richard/ros2_ws/install/turtlesim/include/turtlesim/turtlesim/srv/detail/teleport_relative__builder.hpp\n'}
[0.769133] (turtlesim) StdoutLine: {'line': b'-- Installing: /home/richard/ros2_ws/install/turtlesim/include/turtlesim/turtlesim/srv/detail/teleport_relative__struct.hpp\n'}
[0.769264] (turtlesim) StdoutLine: {'line': b'-- Installing: /home/richard/ros2_ws/install/turtlesim/include/turtlesim/turtlesim/srv/detail/spawn__struct.hpp\n'}
[0.769433] (turtlesim) StdoutLine: {'line': b'-- Installing: /home/richard/ros2_ws/install/turtlesim/include/turtlesim/turtlesim/srv/detail/kill__type_support.hpp\n'}
[0.769625] (turtlesim) StdoutLine: {'line': b'-- Installing: /home/richard/ros2_ws/install/turtlesim/include/turtlesim/turtlesim/srv/detail/set_pen__traits.hpp\n'}
[0.770044] (turtlesim) StdoutLine: {'line': b'-- Up-to-date: /home/richard/ros2_ws/install/turtlesim/include/turtlesim/turtlesim/action\n'}
[0.770269] (turtlesim) StdoutLine: {'line': b'-- Installing: /home/richard/ros2_ws/install/turtlesim/include/turtlesim/turtlesim/action/rotate_absolute.hpp\n'}
[0.770408] (turtlesim) StdoutLine: {'line': b'-- Up-to-date: /home/richard/ros2_ws/install/turtlesim/include/turtlesim/turtlesim/action/detail\n'}
[0.770637] (turtlesim) StdoutLine: {'line': b'-- Installing: /home/richard/ros2_ws/install/turtlesim/include/turtlesim/turtlesim/action/detail/rotate_absolute__traits.hpp\n'}
[0.770902] (turtlesim) StdoutLine: {'line': b'-- Installing: /home/richard/ros2_ws/install/turtlesim/include/turtlesim/turtlesim/action/detail/rotate_absolute__struct.hpp\n'}
[0.771169] (turtlesim) StdoutLine: {'line': b'-- Installing: /home/richard/ros2_ws/install/turtlesim/include/turtlesim/turtlesim/action/detail/rotate_absolute__type_support.hpp\n'}
[0.771359] (turtlesim) StdoutLine: {'line': b'-- Installing: /home/richard/ros2_ws/install/turtlesim/include/turtlesim/turtlesim/action/detail/rotate_absolute__builder.hpp\n'}
[0.771539] (turtlesim) StdoutLine: {'line': b'-- Up-to-date: /home/richard/ros2_ws/install/turtlesim/include/turtlesim/turtlesim/msg\n'}
[0.771911] (turtlesim) StdoutLine: {'line': b'-- Installing: /home/richard/ros2_ws/install/turtlesim/include/turtlesim/turtlesim/msg/pose.hpp\n'}
[0.772074] (turtlesim) StdoutLine: {'line': b'-- Installing: /home/richard/ros2_ws/install/turtlesim/include/turtlesim/turtlesim/msg/rosidl_generator_cpp__visibility_control.hpp\n'}
[0.772237] (turtlesim) StdoutLine: {'line': b'-- Up-to-date: /home/richard/ros2_ws/install/turtlesim/include/turtlesim/turtlesim/msg/detail\n'}
[0.772332] (turtlesim) StdoutLine: {'line': b'-- Installing: /home/richard/ros2_ws/install/turtlesim/include/turtlesim/turtlesim/msg/detail/color__type_support.hpp\n'}
[0.772539] (turtlesim) StdoutLine: {'line': b'-- Installing: /home/richard/ros2_ws/install/turtlesim/include/turtlesim/turtlesim/msg/detail/pose__type_support.hpp\n'}
[0.772917] (turtlesim) StdoutLine: {'line': b'-- Installing: /home/richard/ros2_ws/install/turtlesim/include/turtlesim/turtlesim/msg/detail/color__struct.hpp\n'}
[0.773067] (turtlesim) StdoutLine: {'line': b'-- Installing: /home/richard/ros2_ws/install/turtlesim/include/turtlesim/turtlesim/msg/detail/pose__traits.hpp\n'}
[0.773260] (turtlesim) StdoutLine: {'line': b'-- Installing: /home/richard/ros2_ws/install/turtlesim/include/turtlesim/turtlesim/msg/detail/pose__builder.hpp\n'}
[0.773373] (turtlesim) StdoutLine: {'line': b'-- Installing: /home/richard/ros2_ws/install/turtlesim/include/turtlesim/turtlesim/msg/detail/pose__struct.hpp\n'}
[0.773551] (turtlesim) StdoutLine: {'line': b'-- Installing: /home/richard/ros2_ws/install/turtlesim/include/turtlesim/turtlesim/msg/detail/color__builder.hpp\n'}
[0.773697] (turtlesim) StdoutLine: {'line': b'-- Installing: /home/richard/ros2_ws/install/turtlesim/include/turtlesim/turtlesim/msg/detail/color__traits.hpp\n'}
[0.774110] (turtlesim) StdoutLine: {'line': b'-- Installing: /home/richard/ros2_ws/install/turtlesim/include/turtlesim/turtlesim/msg/color.hpp\n'}
[0.774265] (turtlesim) StdoutLine: {'line': b'-- Up-to-date: /home/richard/ros2_ws/install/turtlesim/include/turtlesim/turtlesim\n'}
[0.774390] (turtlesim) StdoutLine: {'line': b'-- Up-to-date: /home/richard/ros2_ws/install/turtlesim/include/turtlesim/turtlesim/srv\n'}
[0.774528] (turtlesim) StdoutLine: {'line': b'-- Up-to-date: /home/richard/ros2_ws/install/turtlesim/include/turtlesim/turtlesim/srv/detail\n'}
[0.774636] (turtlesim) StdoutLine: {'line': b'-- Installing: /home/richard/ros2_ws/install/turtlesim/include/turtlesim/turtlesim/srv/detail/teleport_relative__rosidl_typesupport_fastrtps_cpp.hpp\n'}
[0.774846] (turtlesim) StdoutLine: {'line': b'-- Installing: /home/richard/ros2_ws/install/turtlesim/include/turtlesim/turtlesim/srv/detail/teleport_absolute__rosidl_typesupport_fastrtps_cpp.hpp\n'}
[0.775018] (turtlesim) StdoutLine: {'line': b'-- Installing: /home/richard/ros2_ws/install/turtlesim/include/turtlesim/turtlesim/srv/detail/spawn__rosidl_typesupport_fastrtps_cpp.hpp\n'}
[0.775137] (turtlesim) StdoutLine: {'line': b'-- Installing: /home/richard/ros2_ws/install/turtlesim/include/turtlesim/turtlesim/srv/detail/dds_fastrtps\n'}
[0.775267] (turtlesim) StdoutLine: {'line': b'-- Installing: /home/richard/ros2_ws/install/turtlesim/include/turtlesim/turtlesim/srv/detail/kill__rosidl_typesupport_fastrtps_cpp.hpp\n'}
[0.775389] (turtlesim) StdoutLine: {'line': b'-- Installing: /home/richard/ros2_ws/install/turtlesim/include/turtlesim/turtlesim/srv/detail/set_pen__rosidl_typesupport_fastrtps_cpp.hpp\n'}
[0.775610] (turtlesim) StdoutLine: {'line': b'-- Up-to-date: /home/richard/ros2_ws/install/turtlesim/include/turtlesim/turtlesim/action\n'}
[0.775886] (turtlesim) StdoutLine: {'line': b'-- Up-to-date: /home/richard/ros2_ws/install/turtlesim/include/turtlesim/turtlesim/action/detail\n'}
[0.776014] (turtlesim) StdoutLine: {'line': b'-- Installing: /home/richard/ros2_ws/install/turtlesim/include/turtlesim/turtlesim/action/detail/rotate_absolute__rosidl_typesupport_fastrtps_cpp.hpp\n'}
[0.776172] (turtlesim) StdoutLine: {'line': b'-- Installing: /home/richard/ros2_ws/install/turtlesim/include/turtlesim/turtlesim/action/detail/dds_fastrtps\n'}
[0.776280] (turtlesim) StdoutLine: {'line': b'-- Up-to-date: /home/richard/ros2_ws/install/turtlesim/include/turtlesim/turtlesim/msg\n'}
[0.776383] (turtlesim) StdoutLine: {'line': b'-- Installing: /home/richard/ros2_ws/install/turtlesim/include/turtlesim/turtlesim/msg/rosidl_typesupport_fastrtps_cpp__visibility_control.h\n'}
[0.776558] (turtlesim) StdoutLine: {'line': b'-- Up-to-date: /home/richard/ros2_ws/install/turtlesim/include/turtlesim/turtlesim/msg/detail\n'}
[0.776724] (turtlesim) StdoutLine: {'line': b'-- Installing: /home/richard/ros2_ws/install/turtlesim/include/turtlesim/turtlesim/msg/detail/dds_fastrtps\n'}
[0.776860] (turtlesim) StdoutLine: {'line': b'-- Installing: /home/richard/ros2_ws/install/turtlesim/include/turtlesim/turtlesim/msg/detail/pose__rosidl_typesupport_fastrtps_cpp.hpp\n'}
[0.777197] (turtlesim) StdoutLine: {'line': b'-- Installing: /home/richard/ros2_ws/install/turtlesim/include/turtlesim/turtlesim/msg/detail/color__rosidl_typesupport_fastrtps_cpp.hpp\n'}
[0.777330] (turtlesim) StdoutLine: {'line': b'-- Installing: /home/richard/ros2_ws/install/turtlesim/lib/libturtlesim__rosidl_typesupport_fastrtps_cpp.so\n'}
[0.778152] (turtlesim) StdoutLine: {'line': b'-- Set non-toolchain portion of runtime path of "/home/richard/ros2_ws/install/turtlesim/lib/libturtlesim__rosidl_typesupport_fastrtps_cpp.so" to ""\n'}
[0.778322] (turtlesim) StdoutLine: {'line': b'-- Up-to-date: /home/richard/ros2_ws/install/turtlesim/include/turtlesim/turtlesim\n'}
[0.778478] (turtlesim) StdoutLine: {'line': b'-- Up-to-date: /home/richard/ros2_ws/install/turtlesim/include/turtlesim/turtlesim/srv\n'}
[0.778613] (turtlesim) StdoutLine: {'line': b'-- Up-to-date: /home/richard/ros2_ws/install/turtlesim/include/turtlesim/turtlesim/srv/detail\n'}
[0.778705] (turtlesim) StdoutLine: {'line': b'-- Installing: /home/richard/ros2_ws/install/turtlesim/include/turtlesim/turtlesim/srv/detail/kill__rosidl_typesupport_introspection_c.h\n'}
[0.778948] (turtlesim) StdoutLine: {'line': b'-- Installing: /home/richard/ros2_ws/install/turtlesim/include/turtlesim/turtlesim/srv/detail/spawn__type_support.c\n'}
[0.779117] (turtlesim) StdoutLine: {'line': b'-- Installing: /home/richard/ros2_ws/install/turtlesim/include/turtlesim/turtlesim/srv/detail/teleport_absolute__type_support.c\n'}
[0.779304] (turtlesim) StdoutLine: {'line': b'-- Installing: /home/richard/ros2_ws/install/turtlesim/include/turtlesim/turtlesim/srv/detail/teleport_relative__type_support.c\n'}
[0.779563] (turtlesim) StdoutLine: {'line': b'-- Installing: /home/richard/ros2_ws/install/turtlesim/include/turtlesim/turtlesim/srv/detail/spawn__rosidl_typesupport_introspection_c.h\n'}
[0.779776] (turtlesim) StdoutLine: {'line': b'-- Installing: /home/richard/ros2_ws/install/turtlesim/include/turtlesim/turtlesim/srv/detail/set_pen__type_support.c\n'}
[0.780058] (turtlesim) StdoutLine: {'line': b'-- Installing: /home/richard/ros2_ws/install/turtlesim/include/turtlesim/turtlesim/srv/detail/teleport_relative__rosidl_typesupport_introspection_c.h\n'}
[0.780192] (turtlesim) StdoutLine: {'line': b'-- Installing: /home/richard/ros2_ws/install/turtlesim/include/turtlesim/turtlesim/srv/detail/kill__type_support.c\n'}
[0.780382] (turtlesim) StdoutLine: {'line': b'-- Installing: /home/richard/ros2_ws/install/turtlesim/include/turtlesim/turtlesim/srv/detail/teleport_absolute__rosidl_typesupport_introspection_c.h\n'}
[0.780667] (turtlesim) StdoutLine: {'line': b'-- Installing: /home/richard/ros2_ws/install/turtlesim/include/turtlesim/turtlesim/srv/detail/set_pen__rosidl_typesupport_introspection_c.h\n'}
[0.780864] (turtlesim) StdoutLine: {'line': b'-- Up-to-date: /home/richard/ros2_ws/install/turtlesim/include/turtlesim/turtlesim/action\n'}
[0.780972] (turtlesim) StdoutLine: {'line': b'-- Up-to-date: /home/richard/ros2_ws/install/turtlesim/include/turtlesim/turtlesim/action/detail\n'}
[0.781161] (turtlesim) StdoutLine: {'line': b'-- Installing: /home/richard/ros2_ws/install/turtlesim/include/turtlesim/turtlesim/action/detail/rotate_absolute__rosidl_typesupport_introspection_c.h\n'}
[0.781289] (turtlesim) StdoutLine: {'line': b'-- Installing: /home/richard/ros2_ws/install/turtlesim/include/turtlesim/turtlesim/action/detail/rotate_absolute__type_support.c\n'}
[0.781450] (turtlesim) StdoutLine: {'line': b'-- Up-to-date: /home/richard/ros2_ws/install/turtlesim/include/turtlesim/turtlesim/msg\n'}
[0.781600] (turtlesim) StdoutLine: {'line': b'-- Installing: /home/richard/ros2_ws/install/turtlesim/include/turtlesim/turtlesim/msg/rosidl_typesupport_introspection_c__visibility_control.h\n'}
[0.781742] (turtlesim) StdoutLine: {'line': b'-- Up-to-date: /home/richard/ros2_ws/install/turtlesim/include/turtlesim/turtlesim/msg/detail\n'}
[0.781920] (turtlesim) StdoutLine: {'line': b'-- Installing: /home/richard/ros2_ws/install/turtlesim/include/turtlesim/turtlesim/msg/detail/pose__rosidl_typesupport_introspection_c.h\n'}
[0.782186] (turtlesim) StdoutLine: {'line': b'-- Installing: /home/richard/ros2_ws/install/turtlesim/include/turtlesim/turtlesim/msg/detail/pose__type_support.c\n'}
[0.782320] (turtlesim) StdoutLine: {'line': b'-- Installing: /home/richard/ros2_ws/install/turtlesim/include/turtlesim/turtlesim/msg/detail/color__type_support.c\n'}
[0.782558] (turtlesim) StdoutLine: {'line': b'-- Installing: /home/richard/ros2_ws/install/turtlesim/include/turtlesim/turtlesim/msg/detail/color__rosidl_typesupport_introspection_c.h\n'}
[0.783503] (turtlesim) StdoutLine: {'line': b'-- Installing: /home/richard/ros2_ws/install/turtlesim/lib/libturtlesim__rosidl_typesupport_introspection_c.so\n'}
[0.783720] (turtlesim) StdoutLine: {'line': b'-- Set non-toolchain portion of runtime path of "/home/richard/ros2_ws/install/turtlesim/lib/libturtlesim__rosidl_typesupport_introspection_c.so" to ""\n'}
[0.784000] (turtlesim) StdoutLine: {'line': b'-- Installing: /home/richard/ros2_ws/install/turtlesim/lib/libturtlesim__rosidl_typesupport_c.so\n'}
[0.784512] (turtlesim) StdoutLine: {'line': b'-- Set non-toolchain portion of runtime path of "/home/richard/ros2_ws/install/turtlesim/lib/libturtlesim__rosidl_typesupport_c.so" to ""\n'}
[0.784674] (turtlesim) StdoutLine: {'line': b'-- Up-to-date: /home/richard/ros2_ws/install/turtlesim/include/turtlesim/turtlesim\n'}
[0.784889] (turtlesim) StdoutLine: {'line': b'-- Up-to-date: /home/richard/ros2_ws/install/turtlesim/include/turtlesim/turtlesim/srv\n'}
[0.785114] (turtlesim) StdoutLine: {'line': b'-- Up-to-date: /home/richard/ros2_ws/install/turtlesim/include/turtlesim/turtlesim/srv/detail\n'}
[0.785269] (turtlesim) StdoutLine: {'line': b'-- Installing: /home/richard/ros2_ws/install/turtlesim/include/turtlesim/turtlesim/srv/detail/set_pen__rosidl_typesupport_introspection_cpp.hpp\n'}
[0.785455] (turtlesim) StdoutLine: {'line': b'-- Installing: /home/richard/ros2_ws/install/turtlesim/include/turtlesim/turtlesim/srv/detail/set_pen__type_support.cpp\n'}
[0.785681] (turtlesim) StdoutLine: {'line': b'-- Installing: /home/richard/ros2_ws/install/turtlesim/include/turtlesim/turtlesim/srv/detail/teleport_relative__type_support.cpp\n'}
[0.785942] (turtlesim) StdoutLine: {'line': b'-- Installing: /home/richard/ros2_ws/install/turtlesim/include/turtlesim/turtlesim/srv/detail/spawn__type_support.cpp\n'}
[0.786120] (turtlesim) StdoutLine: {'line': b'-- Installing: /home/richard/ros2_ws/install/turtlesim/include/turtlesim/turtlesim/srv/detail/spawn__rosidl_typesupport_introspection_cpp.hpp\n'}
[0.786315] (turtlesim) StdoutLine: {'line': b'-- Installing: /home/richard/ros2_ws/install/turtlesim/include/turtlesim/turtlesim/srv/detail/teleport_absolute__rosidl_typesupport_introspection_cpp.hpp\n'}
[0.786507] (turtlesim) StdoutLine: {'line': b'-- Installing: /home/richard/ros2_ws/install/turtlesim/include/turtlesim/turtlesim/srv/detail/teleport_absolute__type_support.cpp\n'}
[0.786689] (turtlesim) StdoutLine: {'line': b'-- Installing: /home/richard/ros2_ws/install/turtlesim/include/turtlesim/turtlesim/srv/detail/kill__type_support.cpp\n'}
[0.786919] (turtlesim) StdoutLine: {'line': b'-- Installing: /home/richard/ros2_ws/install/turtlesim/include/turtlesim/turtlesim/srv/detail/teleport_relative__rosidl_typesupport_introspection_cpp.hpp\n'}
[0.787233] (turtlesim) StdoutLine: {'line': b'-- Installing: /home/richard/ros2_ws/install/turtlesim/include/turtlesim/turtlesim/srv/detail/kill__rosidl_typesupport_introspection_cpp.hpp\n'}
[0.787404] (turtlesim) StdoutLine: {'line': b'-- Up-to-date: /home/richard/ros2_ws/install/turtlesim/include/turtlesim/turtlesim/action\n'}
[0.787575] (turtlesim) StdoutLine: {'line': b'-- Up-to-date: /home/richard/ros2_ws/install/turtlesim/include/turtlesim/turtlesim/action/detail\n'}
[0.787758] (turtlesim) StdoutLine: {'line': b'-- Installing: /home/richard/ros2_ws/install/turtlesim/include/turtlesim/turtlesim/action/detail/rotate_absolute__rosidl_typesupport_introspection_cpp.hpp\n'}
[0.787893] (turtlesim) StdoutLine: {'line': b'-- Installing: /home/richard/ros2_ws/install/turtlesim/include/turtlesim/turtlesim/action/detail/rotate_absolute__type_support.cpp\n'}
[0.788072] (turtlesim) StdoutLine: {'line': b'-- Up-to-date: /home/richard/ros2_ws/install/turtlesim/include/turtlesim/turtlesim/msg\n'}
[0.788251] (turtlesim) StdoutLine: {'line': b'-- Up-to-date: /home/richard/ros2_ws/install/turtlesim/include/turtlesim/turtlesim/msg/detail\n'}
[0.788339] (turtlesim) StdoutLine: {'line': b'-- Installing: /home/richard/ros2_ws/install/turtlesim/include/turtlesim/turtlesim/msg/detail/color__rosidl_typesupport_introspection_cpp.hpp\n'}
[0.788569] (turtlesim) StdoutLine: {'line': b'-- Installing: /home/richard/ros2_ws/install/turtlesim/include/turtlesim/turtlesim/msg/detail/color__type_support.cpp\n'}
[0.788831] (turtlesim) StdoutLine: {'line': b'-- Installing: /home/richard/ros2_ws/install/turtlesim/include/turtlesim/turtlesim/msg/detail/pose__rosidl_typesupport_introspection_cpp.hpp\n'}
[0.789183] (turtlesim) StdoutLine: {'line': b'-- Installing: /home/richard/ros2_ws/install/turtlesim/include/turtlesim/turtlesim/msg/detail/pose__type_support.cpp\n'}
[0.789316] (turtlesim) StdoutLine: {'line': b'-- Installing: /home/richard/ros2_ws/install/turtlesim/lib/libturtlesim__rosidl_typesupport_introspection_cpp.so\n'}
[0.790680] (turtlesim) StdoutLine: {'line': b'-- Set non-toolchain portion of runtime path of "/home/richard/ros2_ws/install/turtlesim/lib/libturtlesim__rosidl_typesupport_introspection_cpp.so" to ""\n'}
[0.790970] (turtlesim) StdoutLine: {'line': b'-- Installing: /home/richard/ros2_ws/install/turtlesim/lib/libturtlesim__rosidl_typesupport_cpp.so\n'}
[0.791780] (turtlesim) StdoutLine: {'line': b'-- Set non-toolchain portion of runtime path of "/home/richard/ros2_ws/install/turtlesim/lib/libturtlesim__rosidl_typesupport_cpp.so" to ""\n'}
[0.792001] (turtlesim) StdoutLine: {'line': b'-- Installing: /home/richard/ros2_ws/install/turtlesim/share/turtlesim/environment/pythonpath.sh\n'}
[0.792218] (turtlesim) StdoutLine: {'line': b'-- Installing: /home/richard/ros2_ws/install/turtlesim/share/turtlesim/environment/pythonpath.dsv\n'}
[0.792399] (turtlesim) StdoutLine: {'line': b'-- Installing: /home/richard/ros2_ws/install/turtlesim/lib/python3.12/site-packages/turtlesim-1.8.3-py3.12.egg-info\n'}
[0.792571] (turtlesim) StdoutLine: {'line': b'-- Installing: /home/richard/ros2_ws/install/turtlesim/lib/python3.12/site-packages/turtlesim-1.8.3-py3.12.egg-info/PKG-INFO\n'}
[0.792803] (turtlesim) StdoutLine: {'line': b'-- Installing: /home/richard/ros2_ws/install/turtlesim/lib/python3.12/site-packages/turtlesim-1.8.3-py3.12.egg-info/dependency_links.txt\n'}
[0.793084] (turtlesim) StdoutLine: {'line': b'-- Installing: /home/richard/ros2_ws/install/turtlesim/lib/python3.12/site-packages/turtlesim-1.8.3-py3.12.egg-info/top_level.txt\n'}
[0.793264] (turtlesim) StdoutLine: {'line': b'-- Installing: /home/richard/ros2_ws/install/turtlesim/lib/python3.12/site-packages/turtlesim-1.8.3-py3.12.egg-info/SOURCES.txt\n'}
[0.793421] (turtlesim) StdoutLine: {'line': b'-- Installing: /home/richard/ros2_ws/install/turtlesim/lib/python3.12/site-packages/turtlesim\n'}
[0.793705] (turtlesim) StdoutLine: {'line': b'-- Installing: /home/richard/ros2_ws/install/turtlesim/lib/python3.12/site-packages/turtlesim/__init__.py\n'}
[0.793882] (turtlesim) StdoutLine: {'line': b'-- Installing: /home/richard/ros2_ws/install/turtlesim/lib/python3.12/site-packages/turtlesim/turtlesim_s__rosidl_typesupport_introspection_c.so\n'}
[0.794076] (turtlesim) StdoutLine: {'line': b'-- Installing: /home/richard/ros2_ws/install/turtlesim/lib/python3.12/site-packages/turtlesim/srv\n'}
[0.794174] (turtlesim) StdoutLine: {'line': b'-- Installing: /home/richard/ros2_ws/install/turtlesim/lib/python3.12/site-packages/turtlesim/srv/_set_pen_s.c\n'}
[0.794418] (turtlesim) StdoutLine: {'line': b'-- Installing: /home/richard/ros2_ws/install/turtlesim/lib/python3.12/site-packages/turtlesim/srv/_set_pen.py\n'}
[0.794588] (turtlesim) StdoutLine: {'line': b'-- Installing: /home/richard/ros2_ws/install/turtlesim/lib/python3.12/site-packages/turtlesim/srv/__init__.py\n'}
[0.794691] (turtlesim) StdoutLine: {'line': b'-- Installing: /home/richard/ros2_ws/install/turtlesim/lib/python3.12/site-packages/turtlesim/srv/_teleport_absolute_s.c\n'}
[0.795025] (turtlesim) StdoutLine: {'line': b'-- Installing: /home/richard/ros2_ws/install/turtlesim/lib/python3.12/site-packages/turtlesim/srv/_kill_s.c\n'}
[0.795137] (turtlesim) StdoutLine: {'line': b'-- Installing: /home/richard/ros2_ws/install/turtlesim/lib/python3.12/site-packages/turtlesim/srv/_teleport_absolute.py\n'}
[0.795269] (turtlesim) StdoutLine: {'line': b'-- Installing: /home/richard/ros2_ws/install/turtlesim/lib/python3.12/site-packages/turtlesim/srv/_teleport_relative_s.c\n'}
[0.795428] (turtlesim) StdoutLine: {'line': b'-- Installing: /home/richard/ros2_ws/install/turtlesim/lib/python3.12/site-packages/turtlesim/srv/_kill.py\n'}
[0.795605] (turtlesim) StdoutLine: {'line': b'-- Installing: /home/richard/ros2_ws/install/turtlesim/lib/python3.12/site-packages/turtlesim/srv/_spawn.py\n'}
[0.795776] (turtlesim) StdoutLine: {'line': b'-- Installing: /home/richard/ros2_ws/install/turtlesim/lib/python3.12/site-packages/turtlesim/srv/_spawn_s.c\n'}
[0.796111] (turtlesim) StdoutLine: {'line': b'-- Installing: /home/richard/ros2_ws/install/turtlesim/lib/python3.12/site-packages/turtlesim/srv/_teleport_relative.py\n'}
[0.796221] (turtlesim) StdoutLine: {'line': b'-- Installing: /home/richard/ros2_ws/install/turtlesim/lib/python3.12/site-packages/turtlesim/_turtlesim_s.ep.rosidl_typesupport_fastrtps_c.c\n'}
[0.796386] (turtlesim) StdoutLine: {'line': b'-- Installing: /home/richard/ros2_ws/install/turtlesim/lib/python3.12/site-packages/turtlesim/turtlesim_s__rosidl_typesupport_c.so\n'}
[0.796598] (turtlesim) StdoutLine: {'line': b'-- Installing: /home/richard/ros2_ws/install/turtlesim/lib/python3.12/site-packages/turtlesim/turtlesim_s__rosidl_typesupport_fastrtps_c.so\n'}
[0.796810] (turtlesim) StdoutLine: {'line': b'-- Installing: /home/richard/ros2_ws/install/turtlesim/lib/python3.12/site-packages/turtlesim/_turtlesim_s.ep.rosidl_typesupport_c.c\n'}
[0.797079] (turtlesim) StdoutLine: {'line': b'-- Installing: /home/richard/ros2_ws/install/turtlesim/lib/python3.12/site-packages/turtlesim/action\n'}
[0.797401] (turtlesim) StdoutLine: {'line': b'-- Installing: /home/richard/ros2_ws/install/turtlesim/lib/python3.12/site-packages/turtlesim/action/__init__.py\n'}
[0.797601] (turtlesim) StdoutLine: {'line': b'-- Installing: /home/richard/ros2_ws/install/turtlesim/lib/python3.12/site-packages/turtlesim/action/_rotate_absolute.py\n'}
[0.797806] (turtlesim) StdoutLine: {'line': b'-- Installing: /home/richard/ros2_ws/install/turtlesim/lib/python3.12/site-packages/turtlesim/action/_rotate_absolute_s.c\n'}
[0.798009] (turtlesim) StdoutLine: {'line': b'-- Installing: /home/richard/ros2_ws/install/turtlesim/lib/python3.12/site-packages/turtlesim/msg\n'}
[0.798165] (turtlesim) StdoutLine: {'line': b'-- Installing: /home/richard/ros2_ws/install/turtlesim/lib/python3.12/site-packages/turtlesim/msg/__init__.py\n'}
[0.798404] (turtlesim) StdoutLine: {'line': b'-- Installing: /home/richard/ros2_ws/install/turtlesim/lib/python3.12/site-packages/turtlesim/msg/_pose.py\n'}
[0.798573] (turtlesim) StdoutLine: {'line': b'-- Installing: /home/richard/ros2_ws/install/turtlesim/lib/python3.12/site-packages/turtlesim/msg/_pose_s.c\n'}
[0.798692] (turtlesim) StdoutLine: {'line': b'-- Installing: /home/richard/ros2_ws/install/turtlesim/lib/python3.12/site-packages/turtlesim/msg/_color_s.c\n'}
[0.798888] (turtlesim) StdoutLine: {'line': b'-- Installing: /home/richard/ros2_ws/install/turtlesim/lib/python3.12/site-packages/turtlesim/msg/_color.py\n'}
[0.799009] (turtlesim) StdoutLine: {'line': b'-- Installing: /home/richard/ros2_ws/install/turtlesim/lib/python3.12/site-packages/turtlesim/_turtlesim_s.ep.rosidl_typesupport_introspection_c.c\n'}
[0.806862] (-) TimerEvent: {}
[0.888608] (turtlesim) StdoutLine: {'line': b"Listing '/home/richard/ros2_ws/install/turtlesim/lib/python3.12/site-packages/turtlesim'...\n"}
[0.889091] (turtlesim) StdoutLine: {'line': b"Compiling '/home/richard/ros2_ws/install/turtlesim/lib/python3.12/site-packages/turtlesim/__init__.py'...\n"}
[0.889242] (turtlesim) StdoutLine: {'line': b"Listing '/home/richard/ros2_ws/install/turtlesim/lib/python3.12/site-packages/turtlesim/action'...\n"}
[0.889364] (turtlesim) StdoutLine: {'line': b"Compiling '/home/richard/ros2_ws/install/turtlesim/lib/python3.12/site-packages/turtlesim/action/__init__.py'...\n"}
[0.889481] (turtlesim) StdoutLine: {'line': b"Compiling '/home/richard/ros2_ws/install/turtlesim/lib/python3.12/site-packages/turtlesim/action/_rotate_absolute.py'...\n"}
[0.889593] (turtlesim) StdoutLine: {'line': b"Listing '/home/richard/ros2_ws/install/turtlesim/lib/python3.12/site-packages/turtlesim/msg'...\n"}
[0.889702] (turtlesim) StdoutLine: {'line': b"Compiling '/home/richard/ros2_ws/install/turtlesim/lib/python3.12/site-packages/turtlesim/msg/__init__.py'...\n"}
[0.889839] (turtlesim) StdoutLine: {'line': b"Compiling '/home/richard/ros2_ws/install/turtlesim/lib/python3.12/site-packages/turtlesim/msg/_color.py'...\n"}
[0.889964] (turtlesim) StdoutLine: {'line': b"Compiling '/home/richard/ros2_ws/install/turtlesim/lib/python3.12/site-packages/turtlesim/msg/_pose.py'...\n"}
[0.890098] (turtlesim) StdoutLine: {'line': b"Listing '/home/richard/ros2_ws/install/turtlesim/lib/python3.12/site-packages/turtlesim/srv'...\n"}
[0.890213] (turtlesim) StdoutLine: {'line': b"Compiling '/home/richard/ros2_ws/install/turtlesim/lib/python3.12/site-packages/turtlesim/srv/__init__.py'...\n"}
[0.890326] (turtlesim) StdoutLine: {'line': b"Compiling '/home/richard/ros2_ws/install/turtlesim/lib/python3.12/site-packages/turtlesim/srv/_kill.py'...\n"}
[0.890437] (turtlesim) StdoutLine: {'line': b"Compiling '/home/richard/ros2_ws/install/turtlesim/lib/python3.12/site-packages/turtlesim/srv/_set_pen.py'...\n"}
[0.890580] (turtlesim) StdoutLine: {'line': b"Compiling '/home/richard/ros2_ws/install/turtlesim/lib/python3.12/site-packages/turtlesim/srv/_spawn.py'...\n"}
[0.890703] (turtlesim) StdoutLine: {'line': b"Compiling '/home/richard/ros2_ws/install/turtlesim/lib/python3.12/site-packages/turtlesim/srv/_teleport_absolute.py'...\n"}
[0.890821] (turtlesim) StdoutLine: {'line': b"Compiling '/home/richard/ros2_ws/install/turtlesim/lib/python3.12/site-packages/turtlesim/srv/_teleport_relative.py'...\n"}
[0.900996] (turtlesim) StdoutLine: {'line': b'-- Installing: /home/richard/ros2_ws/install/turtlesim/lib/python3.12/site-packages/turtlesim/turtlesim_s__rosidl_typesupport_fastrtps_c.so\n'}
[0.901494] (turtlesim) StdoutLine: {'line': b'-- Set non-toolchain portion of runtime path of "/home/richard/ros2_ws/install/turtlesim/lib/python3.12/site-packages/turtlesim/turtlesim_s__rosidl_typesupport_fastrtps_c.so" to ""\n'}
[0.901868] (turtlesim) StdoutLine: {'line': b'-- Installing: /home/richard/ros2_ws/install/turtlesim/lib/python3.12/site-packages/turtlesim/turtlesim_s__rosidl_typesupport_introspection_c.so\n'}
[0.902373] (turtlesim) StdoutLine: {'line': b'-- Set non-toolchain portion of runtime path of "/home/richard/ros2_ws/install/turtlesim/lib/python3.12/site-packages/turtlesim/turtlesim_s__rosidl_typesupport_introspection_c.so" to ""\n'}
[0.902900] (turtlesim) StdoutLine: {'line': b'-- Installing: /home/richard/ros2_ws/install/turtlesim/lib/python3.12/site-packages/turtlesim/turtlesim_s__rosidl_typesupport_c.so\n'}
[0.903474] (turtlesim) StdoutLine: {'line': b'-- Set non-toolchain portion of runtime path of "/home/richard/ros2_ws/install/turtlesim/lib/python3.12/site-packages/turtlesim/turtlesim_s__rosidl_typesupport_c.so" to ""\n'}
[0.903651] (turtlesim) StdoutLine: {'line': b'-- Installing: /home/richard/ros2_ws/install/turtlesim/lib/libturtlesim__rosidl_generator_py.so\n'}
[0.904215] (turtlesim) StdoutLine: {'line': b'-- Set non-toolchain portion of runtime path of "/home/richard/ros2_ws/install/turtlesim/lib/libturtlesim__rosidl_generator_py.so" to ""\n'}
[0.904622] (turtlesim) StdoutLine: {'line': b'-- Installing: /home/richard/ros2_ws/install/turtlesim/share/turtlesim/action/RotateAbsolute.idl\n'}
[0.905084] (turtlesim) StdoutLine: {'line': b'-- Installing: /home/richard/ros2_ws/install/turtlesim/share/turtlesim/msg/Color.idl\n'}
[0.905435] (turtlesim) StdoutLine: {'line': b'-- Installing: /home/richard/ros2_ws/install/turtlesim/share/turtlesim/msg/Pose.idl\n'}
[0.905624] (turtlesim) StdoutLine: {'line': b'-- Installing: /home/richard/ros2_ws/install/turtlesim/share/turtlesim/srv/Kill.idl\n'}
[0.905825] (turtlesim) StdoutLine: {'line': b'-- Installing: /home/richard/ros2_ws/install/turtlesim/share/turtlesim/srv/SetPen.idl\n'}
[0.906015] (turtlesim) StdoutLine: {'line': b'-- Installing: /home/richard/ros2_ws/install/turtlesim/share/turtlesim/srv/Spawn.idl\n'}
[0.906385] (turtlesim) StdoutLine: {'line': b'-- Installing: /home/richard/ros2_ws/install/turtlesim/share/turtlesim/srv/TeleportAbsolute.idl\n'}
[0.906698] (turtlesim) StdoutLine: {'line': b'-- Installing: /home/richard/ros2_ws/install/turtlesim/share/turtlesim/srv/TeleportRelative.idl\n'}
[0.906964] (-) TimerEvent: {}
[0.909013] (turtlesim) StdoutLine: {'line': b'-- Installing: /home/richard/ros2_ws/install/turtlesim/share/turtlesim/action/RotateAbsolute.action\n'}
[0.909289] (turtlesim) StdoutLine: {'line': b'-- Installing: /home/richard/ros2_ws/install/turtlesim/share/turtlesim/msg/Color.msg\n'}
[0.909448] (turtlesim) StdoutLine: {'line': b'-- Installing: /home/richard/ros2_ws/install/turtlesim/share/turtlesim/msg/Pose.msg\n'}
[0.911016] (turtlesim) StdoutLine: {'line': b'-- Installing: /home/richard/ros2_ws/install/turtlesim/share/turtlesim/srv/Kill.srv\n'}
[0.912377] (turtlesim) StdoutLine: {'line': b'-- Installing: /home/richard/ros2_ws/install/turtlesim/share/turtlesim/srv/SetPen.srv\n'}
[0.921864] (turtlesim) StdoutLine: {'line': b'-- Installing: /home/richard/ros2_ws/install/turtlesim/share/turtlesim/srv/Spawn.srv\n'}
[0.927689] (turtlesim) StdoutLine: {'line': b'-- Installing: /home/richard/ros2_ws/install/turtlesim/share/turtlesim/srv/TeleportAbsolute.srv\n'}
[0.928450] (turtlesim) StdoutLine: {'line': b'-- Installing: /home/richard/ros2_ws/install/turtlesim/share/turtlesim/srv/TeleportRelative.srv\n'}
[0.929299] (turtlesim) StdoutLine: {'line': b'-- Installing: /home/richard/ros2_ws/install/turtlesim/lib/turtlesim/turtlesim_node\n'}
[0.946538] (turtlesim) StdoutLine: {'line': b'-- Set non-toolchain portion of runtime path of "/home/richard/ros2_ws/install/turtlesim/lib/turtlesim/turtlesim_node" to ""\n'}
[0.946889] (turtlesim) StdoutLine: {'line': b'-- Installing: /home/richard/ros2_ws/install/turtlesim/lib/turtlesim/turtle_teleop_key\n'}
[0.949136] (turtlesim) StdoutLine: {'line': b'-- Set non-toolchain portion of runtime path of "/home/richard/ros2_ws/install/turtlesim/lib/turtlesim/turtle_teleop_key" to ""\n'}
[0.949372] (turtlesim) StdoutLine: {'line': b'-- Installing: /home/richard/ros2_ws/install/turtlesim/lib/turtlesim/draw_square\n'}
[0.955501] (turtlesim) StdoutLine: {'line': b'-- Set non-toolchain portion of runtime path of "/home/richard/ros2_ws/install/turtlesim/lib/turtlesim/draw_square" to ""\n'}
[0.955728] (turtlesim) StdoutLine: {'line': b'-- Installing: /home/richard/ros2_ws/install/turtlesim/lib/turtlesim/mimic\n'}
[0.961025] (turtlesim) StdoutLine: {'line': b'-- Set non-toolchain portion of runtime path of "/home/richard/ros2_ws/install/turtlesim/lib/turtlesim/mimic" to ""\n'}
[0.961382] (turtlesim) StdoutLine: {'line': b'-- Installing: /home/richard/ros2_ws/install/turtlesim/share/turtlesim/images\n'}
[0.961487] (turtlesim) StdoutLine: {'line': b'-- Installing: /home/richard/ros2_ws/install/turtlesim/share/turtlesim/images/rolling.png\n'}
[1.001501] (turtlesim) StdoutLine: {'line': b'-- Installing: /home/richard/ros2_ws/install/turtlesim/share/turtlesim/images/eloquent.png\n'}
[1.002407] (turtlesim) StdoutLine: {'line': b'-- Installing: /home/richard/ros2_ws/install/turtlesim/share/turtlesim/images/bouncy.png\n'}
[1.003346] (turtlesim) StdoutLine: {'line': b'-- Installing: /home/richard/ros2_ws/install/turtlesim/share/turtlesim/images/dashing.png\n'}
[1.003955] (turtlesim) StdoutLine: {'line': b'-- Installing: /home/richard/ros2_ws/install/turtlesim/share/turtlesim/images/humble.png\n'}
[1.004577] (turtlesim) StdoutLine: {'line': b'-- Installing: /home/richard/ros2_ws/install/turtlesim/share/turtlesim/images/iron.png\n'}
[1.005031] (turtlesim) StdoutLine: {'line': b'-- Installing: /home/richard/ros2_ws/install/turtlesim/share/turtlesim/images/galactic.png\n'}
[1.006103] (turtlesim) StdoutLine: {'line': b'-- Installing: /home/richard/ros2_ws/install/turtlesim/share/turtlesim/images/foxy.png\n'}
[1.006698] (turtlesim) StdoutLine: {'line': b'-- Installing: /home/richard/ros2_ws/install/turtlesim/share/turtlesim/images/jazzy.png\n'}
[1.006989] (-) TimerEvent: {}
[1.009660] (turtlesim) StdoutLine: {'line': b'-- Installing: /home/richard/ros2_ws/install/turtlesim/share/turtlesim/images/crystal.png\n'}
[1.009887] (turtlesim) StdoutLine: {'line': b'-- Installing: /home/richard/ros2_ws/install/turtlesim/share/turtlesim/images/ardent.png\n'}
[1.009980] (turtlesim) StdoutLine: {'line': b'-- Installing: /home/richard/ros2_ws/install/turtlesim/share/turtlesim/launch\n'}
[1.014564] (turtlesim) StdoutLine: {'line': b'-- Installing: /home/richard/ros2_ws/install/turtlesim/share/turtlesim/launch/multisim.launch.py\n'}
[1.016464] (turtlesim) StdoutLine: {'line': b'-- Installing: /home/richard/ros2_ws/install/turtlesim/share/ament_index/resource_index/package_run_dependencies/turtlesim\n'}
[1.016740] (turtlesim) StdoutLine: {'line': b'-- Installing: /home/richard/ros2_ws/install/turtlesim/share/ament_index/resource_index/parent_prefix_path/turtlesim\n'}
[1.017041] (turtlesim) StdoutLine: {'line': b'-- Installing: /home/richard/ros2_ws/install/turtlesim/share/turtlesim/environment/ament_prefix_path.sh\n'}
[1.017256] (turtlesim) StdoutLine: {'line': b'-- Installing: /home/richard/ros2_ws/install/turtlesim/share/turtlesim/environment/ament_prefix_path.dsv\n'}
[1.017447] (turtlesim) StdoutLine: {'line': b'-- Installing: /home/richard/ros2_ws/install/turtlesim/share/turtlesim/environment/path.sh\n'}
[1.018449] (turtlesim) StdoutLine: {'line': b'-- Installing: /home/richard/ros2_ws/install/turtlesim/share/turtlesim/environment/path.dsv\n'}
[1.018598] (turtlesim) StdoutLine: {'line': b'-- Installing: /home/richard/ros2_ws/install/turtlesim/share/turtlesim/local_setup.bash\n'}
[1.018691] (turtlesim) StdoutLine: {'line': b'-- Installing: /home/richard/ros2_ws/install/turtlesim/share/turtlesim/local_setup.sh\n'}
[1.018805] (turtlesim) StdoutLine: {'line': b'-- Installing: /home/richard/ros2_ws/install/turtlesim/share/turtlesim/local_setup.zsh\n'}
[1.018922] (turtlesim) StdoutLine: {'line': b'-- Installing: /home/richard/ros2_ws/install/turtlesim/share/turtlesim/local_setup.dsv\n'}
[1.018999] (turtlesim) StdoutLine: {'line': b'-- Installing: /home/richard/ros2_ws/install/turtlesim/share/turtlesim/package.dsv\n'}
[1.024403] (turtlesim) StdoutLine: {'line': b'-- Installing: /home/richard/ros2_ws/install/turtlesim/share/ament_index/resource_index/packages/turtlesim\n'}
[1.024763] (turtlesim) StdoutLine: {'line': b'-- Installing: /home/richard/ros2_ws/install/turtlesim/share/turtlesim/cmake/export_turtlesim__rosidl_generator_cExport.cmake\n'}
[1.024957] (turtlesim) StdoutLine: {'line': b'-- Installing: /home/richard/ros2_ws/install/turtlesim/share/turtlesim/cmake/export_turtlesim__rosidl_generator_cExport-noconfig.cmake\n'}
[1.025100] (turtlesim) StdoutLine: {'line': b'-- Installing: /home/richard/ros2_ws/install/turtlesim/share/turtlesim/cmake/export_turtlesim__rosidl_typesupport_fastrtps_cExport.cmake\n'}
[1.025248] (turtlesim) StdoutLine: {'line': b'-- Installing: /home/richard/ros2_ws/install/turtlesim/share/turtlesim/cmake/export_turtlesim__rosidl_typesupport_fastrtps_cExport-noconfig.cmake\n'}
[1.025341] (turtlesim) StdoutLine: {'line': b'-- Installing: /home/richard/ros2_ws/install/turtlesim/share/turtlesim/cmake/export_turtlesim__rosidl_generator_cppExport.cmake\n'}
[1.025427] (turtlesim) StdoutLine: {'line': b'-- Installing: /home/richard/ros2_ws/install/turtlesim/share/turtlesim/cmake/export_turtlesim__rosidl_typesupport_fastrtps_cppExport.cmake\n'}
[1.025625] (turtlesim) StdoutLine: {'line': b'-- Installing: /home/richard/ros2_ws/install/turtlesim/share/turtlesim/cmake/export_turtlesim__rosidl_typesupport_fastrtps_cppExport-noconfig.cmake\n'}
[1.025933] (turtlesim) StdoutLine: {'line': b'-- Installing: /home/richard/ros2_ws/install/turtlesim/share/turtlesim/cmake/turtlesim__rosidl_typesupport_introspection_cExport.cmake\n'}
[1.026179] (turtlesim) StdoutLine: {'line': b'-- Installing: /home/richard/ros2_ws/install/turtlesim/share/turtlesim/cmake/turtlesim__rosidl_typesupport_introspection_cExport-noconfig.cmake\n'}
[1.026575] (turtlesim) StdoutLine: {'line': b'-- Installing: /home/richard/ros2_ws/install/turtlesim/share/turtlesim/cmake/turtlesim__rosidl_typesupport_cExport.cmake\n'}
[1.026813] (turtlesim) StdoutLine: {'line': b'-- Installing: /home/richard/ros2_ws/install/turtlesim/share/turtlesim/cmake/turtlesim__rosidl_typesupport_cExport-noconfig.cmake\n'}
[1.027014] (turtlesim) StdoutLine: {'line': b'-- Installing: /home/richard/ros2_ws/install/turtlesim/share/turtlesim/cmake/turtlesim__rosidl_typesupport_introspection_cppExport.cmake\n'}
[1.033041] (turtlesim) StdoutLine: {'line': b'-- Installing: /home/richard/ros2_ws/install/turtlesim/share/turtlesim/cmake/turtlesim__rosidl_typesupport_introspection_cppExport-noconfig.cmake\n'}
[1.033288] (turtlesim) StdoutLine: {'line': b'-- Installing: /home/richard/ros2_ws/install/turtlesim/share/turtlesim/cmake/turtlesim__rosidl_typesupport_cppExport.cmake\n'}
[1.033534] (turtlesim) StdoutLine: {'line': b'-- Installing: /home/richard/ros2_ws/install/turtlesim/share/turtlesim/cmake/turtlesim__rosidl_typesupport_cppExport-noconfig.cmake\n'}
[1.033863] (turtlesim) StdoutLine: {'line': b'-- Installing: /home/richard/ros2_ws/install/turtlesim/share/turtlesim/cmake/export_turtlesim__rosidl_generator_pyExport.cmake\n'}
[1.034040] (turtlesim) StdoutLine: {'line': b'-- Installing: /home/richard/ros2_ws/install/turtlesim/share/turtlesim/cmake/export_turtlesim__rosidl_generator_pyExport-noconfig.cmake\n'}
[1.034319] (turtlesim) StdoutLine: {'line': b'-- Installing: /home/richard/ros2_ws/install/turtlesim/share/turtlesim/cmake/rosidl_cmake-extras.cmake\n'}
[1.034524] (turtlesim) StdoutLine: {'line': b'-- Installing: /home/richard/ros2_ws/install/turtlesim/share/turtlesim/cmake/ament_cmake_export_dependencies-extras.cmake\n'}
[1.035486] (turtlesim) StdoutLine: {'line': b'-- Installing: /home/richard/ros2_ws/install/turtlesim/share/turtlesim/cmake/ament_cmake_export_include_directories-extras.cmake\n'}
[1.035657] (turtlesim) StdoutLine: {'line': b'-- Installing: /home/richard/ros2_ws/install/turtlesim/share/turtlesim/cmake/ament_cmake_export_libraries-extras.cmake\n'}
[1.035762] (turtlesim) StdoutLine: {'line': b'-- Installing: /home/richard/ros2_ws/install/turtlesim/share/turtlesim/cmake/ament_cmake_export_targets-extras.cmake\n'}
[1.035888] (turtlesim) StdoutLine: {'line': b'-- Installing: /home/richard/ros2_ws/install/turtlesim/share/turtlesim/cmake/rosidl_cmake_export_typesupport_targets-extras.cmake\n'}
[1.036114] (turtlesim) StdoutLine: {'line': b'-- Installing: /home/richard/ros2_ws/install/turtlesim/share/turtlesim/cmake/rosidl_cmake_export_typesupport_libraries-extras.cmake\n'}
[1.036260] (turtlesim) StdoutLine: {'line': b'-- Installing: /home/richard/ros2_ws/install/turtlesim/share/turtlesim/cmake/turtlesimConfig.cmake\n'}
[1.036356] (turtlesim) StdoutLine: {'line': b'-- Installing: /home/richard/ros2_ws/install/turtlesim/share/turtlesim/cmake/turtlesimConfig-version.cmake\n'}
[1.036458] (turtlesim) StdoutLine: {'line': b'-- Installing: /home/richard/ros2_ws/install/turtlesim/share/turtlesim/package.xml\n'}
[1.036545] (turtlesim) CommandEnded: {'returncode': 0}
[1.067083] (turtlesim) JobEnded: {'identifier': 'turtlesim', 'rc': 0}
[1.107980] (-) TimerEvent: {}
[1.209115] (-) TimerEvent: {}
[1.311340] (-) TimerEvent: {}
[1.413690] (-) TimerEvent: {}
[1.515838] (-) TimerEvent: {}
[1.619339] (-) TimerEvent: {}
[1.722316] (-) TimerEvent: {}
[1.825282] (-) TimerEvent: {}
[1.927662] (-) TimerEvent: {}
[2.031816] (-) TimerEvent: {}
[2.134072] (-) TimerEvent: {}
[2.247381] (-) TimerEvent: {}
[2.349864] (-) TimerEvent: {}
[2.453175] (-) TimerEvent: {}
[2.555579] (-) TimerEvent: {}
[2.658676] (-) TimerEvent: {}
[2.761313] (-) TimerEvent: {}
[2.864085] (-) TimerEvent: {}
[2.966317] (-) TimerEvent: {}
[3.069706] (-) TimerEvent: {}
[3.173615] (-) TimerEvent: {}
[3.276849] (-) TimerEvent: {}
[3.304620] (tp1) StderrLine: {'line': b'\x1b[01m\x1b[K/home/richard/ros2_ws/src/tp1/src/main.cpp:\x1b[m\x1b[K In function \xe2\x80\x98\x1b[01m\x1b[Kvoid*\x1b[01;32m\x1b[K keyboardThreadFunction\x1b[m\x1b[K(void*)\x1b[m\x1b[K\xe2\x80\x99:\n'}
[3.305014] (tp1) StderrLine: {'line': b'\x1b[01m\x1b[K/home/richard/ros2_ws/src/tp1/src/main.cpp:79:36:\x1b[m\x1b[K \x1b[01;35m\x1b[Kwarning: \x1b[m\x1b[Kunused parameter \xe2\x80\x98\x1b[01m\x1b[Karg\x1b[m\x1b[K\xe2\x80\x99 [\x1b[01;35m\x1b[K\x1b]8;;https://gcc.gnu.org/onlinedocs/gcc/Warning-Options.html#index-Wunused-parameter\x07-Wunused-parameter\x1b]8;;\x07\x1b[m\x1b[K]\n'}
[3.305186] (tp1) StderrLine: {'line': b'   79 | void *keyboardThreadFunction(\x1b[01;35m\x1b[Kvoid *arg\x1b[m\x1b[K)\n'}
[3.305341] (tp1) StderrLine: {'line': b'      |                              \x1b[01;35m\x1b[K~~~~~~^~~\x1b[m\x1b[K\n'}
[3.308840] (tp1) StderrLine: {'line': b'\x1b[01m\x1b[K/home/richard/ros2_ws/src/tp1/src/main.cpp:\x1b[m\x1b[K In function \xe2\x80\x98\x1b[01m\x1b[Kvoid*\x1b[01;32m\x1b[K mainThreadFunction\x1b[m\x1b[K(void*)\x1b[m\x1b[K\xe2\x80\x99:\n'}
[3.309207] (tp1) StderrLine: {'line': b'\x1b[01m\x1b[K/home/richard/ros2_ws/src/tp1/src/main.cpp:93:32:\x1b[m\x1b[K \x1b[01;35m\x1b[Kwarning: \x1b[m\x1b[Kunused parameter \xe2\x80\x98\x1b[01m\x1b[Karg\x1b[m\x1b[K\xe2\x80\x99 [\x1b[01;35m\x1b[K\x1b]8;;https://gcc.gnu.org/onlinedocs/gcc/Warning-Options.html#index-Wunused-parameter\x07-Wunused-parameter\x1b]8;;\x07\x1b[m\x1b[K]\n'}
[3.309373] (tp1) StderrLine: {'line': b'   93 | void *mainThreadFunction(\x1b[01;35m\x1b[Kvoid *arg\x1b[m\x1b[K)\n'}
[3.309577] (tp1) StderrLine: {'line': b'      |                          \x1b[01;35m\x1b[K~~~~~~^~~\x1b[m\x1b[K\n'}
[3.378111] (-) TimerEvent: {}
[3.480594] (-) TimerEvent: {}
[3.583210] (-) TimerEvent: {}
[3.685192] (-) TimerEvent: {}
[3.787908] (-) TimerEvent: {}
[3.889653] (-) TimerEvent: {}
[3.993259] (-) TimerEvent: {}
[4.095156] (-) TimerEvent: {}
[4.198846] (-) TimerEvent: {}
[4.301678] (-) TimerEvent: {}
[4.404829] (-) TimerEvent: {}
[4.506967] (-) TimerEvent: {}
[4.615328] (-) TimerEvent: {}
[4.718520] (-) TimerEvent: {}
[4.823118] (-) TimerEvent: {}
[4.925024] (-) TimerEvent: {}
[5.029185] (-) TimerEvent: {}
[5.131561] (-) TimerEvent: {}
[5.234208] (-) TimerEvent: {}
[5.337370] (-) TimerEvent: {}
[5.438866] (-) TimerEvent: {}
[5.540824] (-) TimerEvent: {}
[5.643005] (-) TimerEvent: {}
[5.745942] (-) TimerEvent: {}
[5.849644] (-) TimerEvent: {}
[5.953646] (-) TimerEvent: {}
[6.061103] (-) TimerEvent: {}
[6.163298] (-) TimerEvent: {}
[6.264300] (-) TimerEvent: {}
[6.367228] (-) TimerEvent: {}
[6.468432] (-) TimerEvent: {}
[6.570862] (-) TimerEvent: {}
[6.673379] (-) TimerEvent: {}
[6.776415] (-) TimerEvent: {}
[6.876870] (-) TimerEvent: {}
[6.982203] (-) TimerEvent: {}
[7.084258] (-) TimerEvent: {}
[7.184920] (-) TimerEvent: {}
[7.288760] (-) TimerEvent: {}
[7.391863] (-) TimerEvent: {}
[7.492357] (-) TimerEvent: {}
[7.592626] (-) TimerEvent: {}
[7.693282] (-) TimerEvent: {}
[7.793798] (-) TimerEvent: {}
[7.895911] (-) TimerEvent: {}
[7.997538] (-) TimerEvent: {}
[8.098187] (-) TimerEvent: {}
[8.198820] (-) TimerEvent: {}
[8.300205] (-) TimerEvent: {}
[8.401665] (-) TimerEvent: {}
[8.503320] (-) TimerEvent: {}
[8.603661] (-) TimerEvent: {}
[8.704802] (-) TimerEvent: {}
[8.806457] (-) TimerEvent: {}
[8.906858] (-) TimerEvent: {}
[9.008137] (-) TimerEvent: {}
[9.109758] (-) TimerEvent: {}
[9.211673] (-) TimerEvent: {}
[9.313251] (-) TimerEvent: {}
[9.414828] (-) TimerEvent: {}
[9.515854] (-) TimerEvent: {}
[9.616257] (-) TimerEvent: {}
[9.717791] (-) TimerEvent: {}
[9.821998] (-) TimerEvent: {}
[9.923817] (-) TimerEvent: {}
[10.026087] (-) TimerEvent: {}
[10.128124] (-) TimerEvent: {}
[10.228899] (-) TimerEvent: {}
[10.329763] (-) TimerEvent: {}
[10.431401] (-) TimerEvent: {}
[10.532867] (-) TimerEvent: {}
[10.633266] (-) TimerEvent: {}
[10.733679] (-) TimerEvent: {}
[10.834310] (-) TimerEvent: {}
[10.934665] (-) TimerEvent: {}
[11.035323] (-) TimerEvent: {}
[11.135903] (-) TimerEvent: {}
[11.238089] (-) TimerEvent: {}
[11.338596] (-) TimerEvent: {}
[11.439188] (-) TimerEvent: {}
[11.539924] (-) TimerEvent: {}
[11.640550] (-) TimerEvent: {}
[11.741016] (-) TimerEvent: {}
[11.841444] (-) TimerEvent: {}
[11.941813] (-) TimerEvent: {}
[12.042275] (-) TimerEvent: {}
[12.142681] (-) TimerEvent: {}
[12.243032] (-) TimerEvent: {}
[12.343700] (-) TimerEvent: {}
[12.445853] (-) TimerEvent: {}
[12.547402] (-) TimerEvent: {}
[12.648457] (-) TimerEvent: {}
[12.748926] (-) TimerEvent: {}
[12.853285] (-) TimerEvent: {}
[12.954914] (-) TimerEvent: {}
[13.056111] (-) TimerEvent: {}
[13.160102] (-) TimerEvent: {}
[13.261933] (-) TimerEvent: {}
[13.363532] (-) TimerEvent: {}
[13.465213] (-) TimerEvent: {}
[13.566050] (-) TimerEvent: {}
[13.668091] (-) TimerEvent: {}
[13.768682] (-) TimerEvent: {}
[13.869854] (-) TimerEvent: {}
[13.971109] (-) TimerEvent: {}
[14.074389] (-) TimerEvent: {}
[14.175440] (-) TimerEvent: {}
[14.275892] (-) TimerEvent: {}
[14.376763] (-) TimerEvent: {}
[14.481725] (-) TimerEvent: {}
[14.582949] (-) TimerEvent: {}
[14.683924] (-) TimerEvent: {}
[14.784574] (-) TimerEvent: {}
[14.886921] (-) TimerEvent: {}
[14.987935] (-) TimerEvent: {}
[15.089371] (-) TimerEvent: {}
[15.192205] (-) TimerEvent: {}
[15.297292] (-) TimerEvent: {}
[15.400534] (-) TimerEvent: {}
[15.504920] (-) TimerEvent: {}
[15.607925] (-) TimerEvent: {}
[15.711770] (-) TimerEvent: {}
[15.814930] (-) TimerEvent: {}
[15.917759] (-) TimerEvent: {}
[16.020145] (-) TimerEvent: {}
[16.060497] (tp1) StdoutLine: {'line': b'[ 40%] \x1b[32m\x1b[1mLinking CXX executable navigation\x1b[0m\n'}
[16.120884] (-) TimerEvent: {}
[16.222071] (-) TimerEvent: {}
[16.323237] (-) TimerEvent: {}
[16.423836] (-) TimerEvent: {}
[16.524133] (-) TimerEvent: {}
[16.619162] (tp1) StdoutLine: {'line': b'[100%] Built target navigation\n'}
[16.624427] (-) TimerEvent: {}
[16.630221] (tp1) CommandEnded: {'returncode': 0}
[16.633515] (tp1) JobProgress: {'identifier': 'tp1', 'progress': 'install'}
[16.634133] (tp1) Command: {'cmd': ['/usr/bin/cmake', '--install', '/home/richard/ros2_ws/build/tp1'], 'cwd': '/home/richard/ros2_ws/build/tp1', 'env': OrderedDict({'LESSOPEN': '| /usr/bin/lesspipe %s', 'USER': 'richard', 'XDG_SESSION_TYPE': 'wayland', 'CLUTTER_DISABLE_MIPMAPPED_TEXT': '1', 'SHLVL': '1', 'LD_LIBRARY_PATH': '/opt/ros/jazzy/opt/rviz_ogre_vendor/lib:/opt/ros/jazzy/lib/x86_64-linux-gnu:/opt/ros/jazzy/opt/gz_math_vendor/lib:/opt/ros/jazzy/opt/gz_utils_vendor/lib:/opt/ros/jazzy/opt/gz_cmake_vendor/lib:/opt/ros/jazzy/lib::/usr/local/Aria/lib:/usr/local/Aria/lib', 'HOME': '/home/richard', 'OLDPWD': '/home/richard', 'DESKTOP_SESSION': 'ubuntu', 'ROS_PYTHON_VERSION': '3', 'GNOME_SHELL_SESSION_MODE': 'ubuntu', 'GTK_MODULES': 'gail:atk-bridge', 'SYSTEMD_EXEC_PID': '2234', 'GSM_SKIP_SSH_AGENT_WORKAROUND': 'true', 'DBUS_SESSION_BUS_ADDRESS': 'unix:path=/run/user/1000/bus', 'COLORTERM': 'truecolor', 'DEBUGINFOD_URLS': 'https://debuginfod.ubuntu.com', 'IM_CONFIG_PHASE': '1', 'WAYLAND_DISPLAY': 'wayland-0', 'COLCON_PREFIX_PATH': '/home/richard/ros2_ws/install', 'ROS_DISTRO': 'jazzy', 'LOGNAME': 'richard', '_': '/usr/bin/colcon', 'ROS_VERSION': '2', 'MEMORY_PRESSURE_WATCH': '/sys/fs/cgroup/user.slice/user-1000.slice/user@1000.service/session.slice/org.gnome.Shell@wayland.service/memory.pressure', 'XDG_SESSION_CLASS': 'user', 'USERNAME': 'richard', 'TERM': 'xterm-256color', 'GNOME_DESKTOP_SESSION_ID': 'this-is-deprecated', 'PATH': '/opt/ros/jazzy/bin:/usr/local/sbin:/usr/local/bin:/usr/sbin:/usr/bin:/sbin:/bin:/usr/games:/usr/local/games:/snap/bin:/snap/bin', 'SESSION_MANAGER': 'local/richard-VirtualBox:@/tmp/.ICE-unix/2198,unix/richard-VirtualBox:/tmp/.ICE-unix/2198', 'XDG_MENU_PREFIX': 'gnome-', 'GNOME_TERMINAL_SCREEN': '/org/gnome/Terminal/screen/a549118f_771a_4d4d_9c43_23cf04201502', 'GNOME_SETUP_DISPLAY': ':1', 'XDG_RUNTIME_DIR': '/run/user/1000', 'DISPLAY': ':0', 'LANG': 'pt_BR.UTF-8', 'XDG_CURRENT_DESKTOP': 'ubuntu:GNOME', 'XMODIFIERS': '@im=ibus', 'XDG_SESSION_DESKTOP': 'ubuntu', 'XAUTHORITY': '/run/user/1000/.mutter-Xwaylandauth.Z10FJ3', 'LS_COLORS': 'rs=0:di=01;34:ln=01;36:mh=00:pi=40;33:so=01;35:do=01;35:bd=40;33;01:cd=40;33;01:or=40;31;01:mi=00:su=37;41:sg=30;43:ca=00:tw=30;42:ow=34;42:st=37;44:ex=01;32:*.tar=01;31:*.tgz=01;31:*.arc=01;31:*.arj=01;31:*.taz=01;31:*.lha=01;31:*.lz4=01;31:*.lzh=01;31:*.lzma=01;31:*.tlz=01;31:*.txz=01;31:*.tzo=01;31:*.t7z=01;31:*.zip=01;31:*.z=01;31:*.dz=01;31:*.gz=01;31:*.lrz=01;31:*.lz=01;31:*.lzo=01;31:*.xz=01;31:*.zst=01;31:*.tzst=01;31:*.bz2=01;31:*.bz=01;31:*.tbz=01;31:*.tbz2=01;31:*.tz=01;31:*.deb=01;31:*.rpm=01;31:*.jar=01;31:*.war=01;31:*.ear=01;31:*.sar=01;31:*.rar=01;31:*.alz=01;31:*.ace=01;31:*.zoo=01;31:*.cpio=01;31:*.7z=01;31:*.rz=01;31:*.cab=01;31:*.wim=01;31:*.swm=01;31:*.dwm=01;31:*.esd=01;31:*.avif=01;35:*.jpg=01;35:*.jpeg=01;35:*.mjpg=01;35:*.mjpeg=01;35:*.gif=01;35:*.bmp=01;35:*.pbm=01;35:*.pgm=01;35:*.ppm=01;35:*.tga=01;35:*.xbm=01;35:*.xpm=01;35:*.tif=01;35:*.tiff=01;35:*.png=01;35:*.svg=01;35:*.svgz=01;35:*.mng=01;35:*.pcx=01;35:*.mov=01;35:*.mpg=01;35:*.mpeg=01;35:*.m2v=01;35:*.mkv=01;35:*.webm=01;35:*.webp=01;35:*.ogm=01;35:*.mp4=01;35:*.m4v=01;35:*.mp4v=01;35:*.vob=01;35:*.qt=01;35:*.nuv=01;35:*.wmv=01;35:*.asf=01;35:*.rm=01;35:*.rmvb=01;35:*.flc=01;35:*.avi=01;35:*.fli=01;35:*.flv=01;35:*.gl=01;35:*.dl=01;35:*.xcf=01;35:*.xwd=01;35:*.yuv=01;35:*.cgm=01;35:*.emf=01;35:*.ogv=01;35:*.ogx=01;35:*.aac=00;36:*.au=00;36:*.flac=00;36:*.m4a=00;36:*.mid=00;36:*.midi=00;36:*.mka=00;36:*.mp3=00;36:*.mpc=00;36:*.ogg=00;36:*.ra=00;36:*.wav=00;36:*.oga=00;36:*.opus=00;36:*.spx=00;36:*.xspf=00;36:*~=00;90:*#=00;90:*.bak=00;90:*.crdownload=00;90:*.dpkg-dist=00;90:*.dpkg-new=00;90:*.dpkg-old=00;90:*.dpkg-tmp=00;90:*.old=00;90:*.orig=00;90:*.part=00;90:*.rej=00;90:*.rpmnew=00;90:*.rpmorig=00;90:*.rpmsave=00;90:*.swp=00;90:*.tmp=00;90:*.ucf-dist=00;90:*.ucf-new=00;90:*.ucf-old=00;90:', 'GNOME_TERMINAL_SERVICE': ':1.153', 'SSH_AUTH_SOCK': '/run/user/1000/keyring/ssh', 'AMENT_PREFIX_PATH': '/opt/ros/jazzy', 'SHELL': '/bin/bash', 'QT_ACCESSIBILITY': '1', 'GDMSESSION': 'ubuntu', 'LESSCLOSE': '/usr/bin/lesspipe %s %s', 'ROS_AUTOMATIC_DISCOVERY_RANGE': 'SUBNET', 'QT_IM_MODULE': 'ibus', 'PWD': '/home/richard/ros2_ws/build/tp1', 'XDG_CONFIG_DIRS': '/etc/xdg/xdg-ubuntu:/etc/xdg', 'XDG_DATA_DIRS': '/usr/share/ubuntu:/usr/share/gnome:/usr/local/share/:/usr/share/:/var/lib/snapd/desktop', 'PYTHONPATH': '/opt/ros/jazzy/lib/python3.12/site-packages', 'COLCON': '1', 'MEMORY_PRESSURE_WRITE': 'c29tZSAyMDAwMDAgMjAwMDAwMAA=', 'VTE_VERSION': '7600', 'CMAKE_PREFIX_PATH': '/opt/ros/jazzy/opt/gz_math_vendor:/opt/ros/jazzy/opt/gz_utils_vendor:/opt/ros/jazzy/opt/gz_cmake_vendor:/opt/ros/jazzy'}), 'shell': False}
[16.642295] (tp1) StdoutLine: {'line': b'-- Install configuration: ""\n'}
[16.642567] (tp1) StdoutLine: {'line': b'-- Installing: /home/richard/ros2_ws/install/tp1/lib/tp1/navigation\n'}
[16.649447] (tp1) StdoutLine: {'line': b'-- Set non-toolchain portion of runtime path of "/home/richard/ros2_ws/install/tp1/lib/tp1/navigation" to ""\n'}
[16.649934] (tp1) StdoutLine: {'line': b'-- Installing: /home/richard/ros2_ws/install/tp1/share/tp1/launch\n'}
[16.650085] (tp1) StdoutLine: {'line': b'-- Installing: /home/richard/ros2_ws/install/tp1/share/tp1/launch/p3dx-rosaria.launch.py\n'}
[16.650186] (tp1) StdoutLine: {'line': b'-- Installing: /home/richard/ros2_ws/install/tp1/share/tp1/config\n'}
[16.650324] (tp1) StdoutLine: {'line': b'-- Installing: /home/richard/ros2_ws/install/tp1/share/tp1/config/p3dx.rviz\n'}
[16.650396] (tp1) StdoutLine: {'line': b'-- Installing: /home/richard/ros2_ws/install/tp1/share/ament_index/resource_index/package_run_dependencies/tp1\n'}
[16.650475] (tp1) StdoutLine: {'line': b'-- Installing: /home/richard/ros2_ws/install/tp1/share/ament_index/resource_index/parent_prefix_path/tp1\n'}
[16.652420] (tp1) StdoutLine: {'line': b'-- Installing: /home/richard/ros2_ws/install/tp1/share/tp1/environment/ament_prefix_path.sh\n'}
[16.652622] (tp1) StdoutLine: {'line': b'-- Installing: /home/richard/ros2_ws/install/tp1/share/tp1/environment/ament_prefix_path.dsv\n'}
[16.652914] (tp1) StdoutLine: {'line': b'-- Installing: /home/richard/ros2_ws/install/tp1/share/tp1/environment/path.sh\n'}
[16.652995] (tp1) StdoutLine: {'line': b'-- Installing: /home/richard/ros2_ws/install/tp1/share/tp1/environment/path.dsv\n'}
[16.653059] (tp1) StdoutLine: {'line': b'-- Installing: /home/richard/ros2_ws/install/tp1/share/tp1/local_setup.bash\n'}
[16.653124] (tp1) StdoutLine: {'line': b'-- Installing: /home/richard/ros2_ws/install/tp1/share/tp1/local_setup.sh\n'}
[16.653188] (tp1) StdoutLine: {'line': b'-- Installing: /home/richard/ros2_ws/install/tp1/share/tp1/local_setup.zsh\n'}
[16.653274] (tp1) StdoutLine: {'line': b'-- Installing: /home/richard/ros2_ws/install/tp1/share/tp1/local_setup.dsv\n'}
[16.653341] (tp1) StdoutLine: {'line': b'-- Installing: /home/richard/ros2_ws/install/tp1/share/tp1/package.dsv\n'}
[16.653424] (tp1) StdoutLine: {'line': b'-- Installing: /home/richard/ros2_ws/install/tp1/share/ament_index/resource_index/packages/tp1\n'}
[16.653506] (tp1) StdoutLine: {'line': b'-- Installing: /home/richard/ros2_ws/install/tp1/share/tp1/cmake/tp1Config.cmake\n'}
[16.653569] (tp1) StdoutLine: {'line': b'-- Installing: /home/richard/ros2_ws/install/tp1/share/tp1/cmake/tp1Config-version.cmake\n'}
[16.653627] (tp1) StdoutLine: {'line': b'-- Installing: /home/richard/ros2_ws/install/tp1/share/tp1/package.xml\n'}
[16.655475] (tp1) CommandEnded: {'returncode': 0}
[16.668757] (tp1) JobEnded: {'identifier': 'tp1', 'rc': 0}
[16.669898] (-) EventReactorShutdown: {}
